01-Jan-2026 13:18:30.162 SEVERE [main] org.apache.catalina.startup.Catalina.stopServer Could not contact [localhost:8005] (base port [8005] and offset [0]). Tomcat may not be running.
01-Jan-2026 13:18:30.168 SEVERE [main] org.apache.catalina.startup.Catalina.stopServer Error stopping Catalina
	java.net.ConnectException: Connection refused: connect
		at java.net.DualStackPlainSocketImpl.connect0(Native Method)
		at java.net.DualStackPlainSocketImpl.socketConnect(DualStackPlainSocketImpl.java:79)
		at java.net.AbstractPlainSocketImpl.doConnect(AbstractPlainSocketImpl.java:350)
		at java.net.AbstractPlainSocketImpl.connectToAddress(AbstractPlainSocketImpl.java:206)
		at java.net.AbstractPlainSocketImpl.connect(AbstractPlainSocketImpl.java:188)
		at java.net.PlainSocketImpl.connect(PlainSocketImpl.java:172)
		at java.net.SocksSocketImpl.connect(SocksSocketImpl.java:392)
		at java.net.Socket.connect(Socket.java:589)
		at java.net.Socket.connect(Socket.java:538)
		at java.net.Socket.<init>(Socket.java:434)
		at java.net.Socket.<init>(Socket.java:211)
		at org.apache.catalina.startup.Catalina.stopServer(Catalina.java:630)
		at sun.reflect.NativeMethodAccessorImpl.invoke0(Native Method)
		at sun.reflect.NativeMethodAccessorImpl.invoke(NativeMethodAccessorImpl.java:62)
		at sun.reflect.DelegatingMethodAccessorImpl.invoke(DelegatingMethodAccessorImpl.java:43)
		at java.lang.reflect.Method.invoke(Method.java:498)
		at org.apache.catalina.startup.Bootstrap.stopServer(Bootstrap.java:390)
		at org.apache.catalina.startup.Bootstrap.main(Bootstrap.java:479)
01-Jan-2026 13:19:32.362 SEVERE [main] org.apache.catalina.startup.Catalina.stopServer Could not contact [localhost:8005] (base port [8005] and offset [0]). Tomcat may not be running.
01-Jan-2026 13:19:32.366 SEVERE [main] org.apache.catalina.startup.Catalina.stopServer Error stopping Catalina
	java.net.ConnectException: Connection refused: connect
		at java.net.DualStackPlainSocketImpl.connect0(Native Method)
		at java.net.DualStackPlainSocketImpl.socketConnect(DualStackPlainSocketImpl.java:79)
		at java.net.AbstractPlainSocketImpl.doConnect(AbstractPlainSocketImpl.java:350)
		at java.net.AbstractPlainSocketImpl.connectToAddress(AbstractPlainSocketImpl.java:206)
		at java.net.AbstractPlainSocketImpl.connect(AbstractPlainSocketImpl.java:188)
		at java.net.PlainSocketImpl.connect(PlainSocketImpl.java:172)
		at java.net.SocksSocketImpl.connect(SocksSocketImpl.java:392)
		at java.net.Socket.connect(Socket.java:589)
		at java.net.Socket.connect(Socket.java:538)
		at java.net.Socket.<init>(Socket.java:434)
		at java.net.Socket.<init>(Socket.java:211)
		at org.apache.catalina.startup.Catalina.stopServer(Catalina.java:630)
		at sun.reflect.NativeMethodAccessorImpl.invoke0(Native Method)
		at sun.reflect.NativeMethodAccessorImpl.invoke(NativeMethodAccessorImpl.java:62)
		at sun.reflect.DelegatingMethodAccessorImpl.invoke(DelegatingMethodAccessorImpl.java:43)
		at java.lang.reflect.Method.invoke(Method.java:498)
		at org.apache.catalina.startup.Bootstrap.stopServer(Bootstrap.java:390)
		at org.apache.catalina.startup.Bootstrap.main(Bootstrap.java:479)
01-Jan-2026 13:22:21.921 INFO [main] org.apache.catalina.startup.VersionLoggerListener.log Server version name:   Apache Tomcat/9.0.113
01-Jan-2026 13:22:21.934 INFO [main] org.apache.catalina.startup.VersionLoggerListener.log Server built:          Dec 2 2025 19:51:24 UTC
01-Jan-2026 13:22:21.934 INFO [main] org.apache.catalina.startup.VersionLoggerListener.log Server version number: 9.0.113.0
01-Jan-2026 13:22:21.934 INFO [main] org.apache.catalina.startup.VersionLoggerListener.log OS Name:               Windows 10
01-Jan-2026 13:22:21.934 INFO [main] org.apache.catalina.startup.VersionLoggerListener.log OS Version:            10.0
01-Jan-2026 13:22:21.934 INFO [main] org.apache.catalina.startup.VersionLoggerListener.log Architecture:          amd64
01-Jan-2026 13:22:21.934 INFO [main] org.apache.catalina.startup.VersionLoggerListener.log Java Home:             C:\Program Files\Java\jdk1.8.0_202\jre
01-Jan-2026 13:22:21.934 INFO [main] org.apache.catalina.startup.VersionLoggerListener.log JVM Version:           1.8.0_202-b08
01-Jan-2026 13:22:21.934 INFO [main] org.apache.catalina.startup.VersionLoggerListener.log JVM Vendor:            Oracle Corporation
01-Jan-2026 13:22:21.934 INFO [main] org.apache.catalina.startup.VersionLoggerListener.log CATALINA_BASE:         C:\apache-tomcat
01-Jan-2026 13:22:21.934 INFO [main] org.apache.catalina.startup.VersionLoggerListener.log CATALINA_HOME:         C:\apache-tomcat
01-Jan-2026 13:22:21.934 INFO [main] org.apache.catalina.startup.VersionLoggerListener.log Command line argument: -Djava.util.logging.config.file=C:\apache-tomcat\conf\logging.properties
01-Jan-2026 13:22:21.934 INFO [main] org.apache.catalina.startup.VersionLoggerListener.log Command line argument: -Djava.util.logging.manager=org.apache.juli.ClassLoaderLogManager
01-Jan-2026 13:22:21.937 INFO [main] org.apache.catalina.startup.VersionLoggerListener.log Command line argument: -Djdk.tls.ephemeralDHKeySize=2048
01-Jan-2026 13:22:21.937 INFO [main] org.apache.catalina.startup.VersionLoggerListener.log Command line argument: -Djava.protocol.handler.pkgs=org.apache.catalina.webresources
01-Jan-2026 13:22:21.937 INFO [main] org.apache.catalina.startup.VersionLoggerListener.log Command line argument: -Dsun.io.useCanonCaches=false
01-Jan-2026 13:22:21.937 INFO [main] org.apache.catalina.startup.VersionLoggerListener.log Command line argument: -Dignore.endorsed.dirs=
01-Jan-2026 13:22:21.938 INFO [main] org.apache.catalina.startup.VersionLoggerListener.log Command line argument: -Dcatalina.base=C:\apache-tomcat
01-Jan-2026 13:22:21.938 INFO [main] org.apache.catalina.startup.VersionLoggerListener.log Command line argument: -Dcatalina.home=C:\apache-tomcat
01-Jan-2026 13:22:21.938 INFO [main] org.apache.catalina.startup.VersionLoggerListener.log Command line argument: -Djava.io.tmpdir=C:\apache-tomcat\temp
01-Jan-2026 13:22:21.938 INFO [main] org.apache.catalina.core.AprLifecycleListener.lifecycleEvent Loaded Apache Tomcat Native library [1.3.1] using APR version [1.7.4].
01-Jan-2026 13:22:21.938 INFO [main] org.apache.catalina.core.AprLifecycleListener.lifecycleEvent APR capabilities: IPv6 [true], sendfile [true], accept filters [false], random [true], UDS [true].
01-Jan-2026 13:22:21.938 INFO [main] org.apache.catalina.core.AprLifecycleListener.lifecycleEvent APR/OpenSSL configuration: useAprConnector [false], useOpenSSL [true]
01-Jan-2026 13:22:21.938 INFO [main] org.apache.catalina.core.AprLifecycleListener.initializeSSL OpenSSL successfully initialized [OpenSSL 3.0.14 4 Jun 2024]
01-Jan-2026 13:22:22.243 INFO [main] org.apache.coyote.AbstractProtocol.init Initializing ProtocolHandler ["http-nio-8080"]
01-Jan-2026 13:22:22.274 INFO [main] org.apache.catalina.startup.Catalina.load Server initialization in [516] milliseconds
01-Jan-2026 13:22:22.292 INFO [main] org.apache.catalina.core.StandardService.startInternal Starting service [Catalina]
01-Jan-2026 13:22:22.292 INFO [main] org.apache.catalina.core.StandardEngine.startInternal Starting Servlet engine: [Apache Tomcat/9.0.113]
01-Jan-2026 13:22:22.305 INFO [main] org.apache.catalina.startup.HostConfig.deployWAR Deploying web application archive [C:\apache-tomcat\webapps\onlinebookstore.war]
01-Jan-2026 13:22:23.119 INFO [main] org.apache.jasper.servlet.TldScanner.scanJars At least one JAR was scanned for TLDs yet contained no TLDs. Enable debug logging for this logger for a complete list of JARs that were scanned but no TLDs were found in them. Skipping unneeded JARs during scanning can improve startup time and JSP compilation time.
01-Jan-2026 13:22:23.267 WARNING [main] org.apache.catalina.util.SessionIdGeneratorBase.createSecureRandom Creation of SecureRandom instance for session ID generation using [SHA1PRNG] took [117] milliseconds.
01-Jan-2026 13:22:23.313 INFO [main] org.apache.catalina.startup.HostConfig.deployWAR Deployment of web application archive [C:\apache-tomcat\webapps\onlinebookstore.war] has finished in [1,008] ms
01-Jan-2026 13:22:23.322 INFO [main] org.apache.catalina.startup.HostConfig.deployDirectory Deploying web application directory [C:\apache-tomcat\webapps\docs]
01-Jan-2026 13:22:23.357 INFO [main] org.apache.catalina.startup.HostConfig.deployDirectory Deployment of web application directory [C:\apache-tomcat\webapps\docs] has finished in [35] ms
01-Jan-2026 13:22:23.357 INFO [main] org.apache.catalina.startup.HostConfig.deployDirectory Deploying web application directory [C:\apache-tomcat\webapps\examples]
01-Jan-2026 13:22:23.653 INFO [main] org.apache.catalina.startup.HostConfig.deployDirectory Deployment of web application directory [C:\apache-tomcat\webapps\examples] has finished in [296] ms
01-Jan-2026 13:22:23.653 INFO [main] org.apache.catalina.startup.HostConfig.deployDirectory Deploying web application directory [C:\apache-tomcat\webapps\host-manager]
01-Jan-2026 13:22:23.676 INFO [main] org.apache.catalina.startup.HostConfig.deployDirectory Deployment of web application directory [C:\apache-tomcat\webapps\host-manager] has finished in [23] ms
01-Jan-2026 13:22:23.676 INFO [main] org.apache.catalina.startup.HostConfig.deployDirectory Deploying web application directory [C:\apache-tomcat\webapps\manager]
01-Jan-2026 13:22:23.701 INFO [main] org.apache.catalina.startup.HostConfig.deployDirectory Deployment of web application directory [C:\apache-tomcat\webapps\manager] has finished in [25] ms
01-Jan-2026 13:22:23.701 INFO [main] org.apache.catalina.startup.HostConfig.deployDirectory Deploying web application directory [C:\apache-tomcat\webapps\ROOT]
01-Jan-2026 13:22:23.710 INFO [main] org.apache.catalina.startup.HostConfig.deployDirectory Deployment of web application directory [C:\apache-tomcat\webapps\ROOT] has finished in [9] ms
01-Jan-2026 13:22:23.721 INFO [main] org.apache.coyote.AbstractProtocol.start Starting ProtocolHandler ["http-nio-8080"]
01-Jan-2026 13:22:23.723 INFO [main] org.apache.catalina.startup.Catalina.start Server startup in [1462] milliseconds
01-Jan-2026 13:56:14.479 INFO [Thread-2] org.apache.coyote.AbstractProtocol.pause Pausing ProtocolHandler ["http-nio-8080"]
01-Jan-2026 13:56:14.626 INFO [Thread-2] org.apache.catalina.core.StandardService.stopInternal Stopping service [Catalina]
01-Jan-2026 13:56:14.643 WARNING [Thread-2] org.apache.catalina.loader.WebappClassLoaderBase.clearReferencesJdbc The web application [onlinebookstore] registered the JDBC driver [com.mysql.cj.jdbc.Driver] but failed to unregister it when the web application was stopped. To prevent a memory leak, the JDBC Driver has been forcibly unregistered.
01-Jan-2026 13:56:14.646 WARNING [Thread-2] org.apache.catalina.loader.WebappClassLoaderBase.clearReferencesThreads The web application [onlinebookstore] appears to have started a thread named [mysql-cj-abandoned-connection-cleanup] but has failed to stop it. This is very likely to create a memory leak. Stack trace of thread:
 java.lang.Object.wait(Native Method)
 java.lang.ref.ReferenceQueue.remove(ReferenceQueue.java:144)
 com.mysql.cj.jdbc.AbandonedConnectionCleanupThread.run(AbandonedConnectionCleanupThread.java:91)
 java.util.concurrent.ThreadPoolExecutor.runWorker(ThreadPoolExecutor.java:1149)
 java.util.concurrent.ThreadPoolExecutor$Worker.run(ThreadPoolExecutor.java:624)
 java.lang.Thread.run(Thread.java:748)
01-Jan-2026 13:56:14.673 INFO [Thread-2] org.apache.coyote.AbstractProtocol.stop Stopping ProtocolHandler ["http-nio-8080"]
01-Jan-2026 13:56:14.678 INFO [Thread-2] org.apache.coyote.AbstractProtocol.destroy Destroying ProtocolHandler ["http-nio-8080"]
01-Jan-2026 13:56:19.773 INFO [main] org.apache.catalina.startup.VersionLoggerListener.log Server version name:   Apache Tomcat/9.0.113
01-Jan-2026 13:56:19.773 INFO [main] org.apache.catalina.startup.VersionLoggerListener.log Server built:          Dec 2 2025 19:51:24 UTC
01-Jan-2026 13:56:19.773 INFO [main] org.apache.catalina.startup.VersionLoggerListener.log Server version number: 9.0.113.0
01-Jan-2026 13:56:19.773 INFO [main] org.apache.catalina.startup.VersionLoggerListener.log OS Name:               Windows 10
01-Jan-2026 13:56:19.773 INFO [main] org.apache.catalina.startup.VersionLoggerListener.log OS Version:            10.0
01-Jan-2026 13:56:19.773 INFO [main] org.apache.catalina.startup.VersionLoggerListener.log Architecture:          amd64
01-Jan-2026 13:56:19.773 INFO [main] org.apache.catalina.startup.VersionLoggerListener.log Java Home:             C:\Program Files\Java\jdk1.8.0_202\jre
01-Jan-2026 13:56:19.773 INFO [main] org.apache.catalina.startup.VersionLoggerListener.log JVM Version:           1.8.0_202-b08
01-Jan-2026 13:56:19.773 INFO [main] org.apache.catalina.startup.VersionLoggerListener.log JVM Vendor:            Oracle Corporation
01-Jan-2026 13:56:19.773 INFO [main] org.apache.catalina.startup.VersionLoggerListener.log CATALINA_BASE:         C:\apache-tomcat
01-Jan-2026 13:56:19.773 INFO [main] org.apache.catalina.startup.VersionLoggerListener.log CATALINA_HOME:         C:\apache-tomcat
01-Jan-2026 13:56:19.773 INFO [main] org.apache.catalina.startup.VersionLoggerListener.log Command line argument: -Djava.util.logging.config.file=C:\apache-tomcat\conf\logging.properties
01-Jan-2026 13:56:19.773 INFO [main] org.apache.catalina.startup.VersionLoggerListener.log Command line argument: -Djava.util.logging.manager=org.apache.juli.ClassLoaderLogManager
01-Jan-2026 13:56:19.773 INFO [main] org.apache.catalina.startup.VersionLoggerListener.log Command line argument: -Djdk.tls.ephemeralDHKeySize=2048
01-Jan-2026 13:56:19.773 INFO [main] org.apache.catalina.startup.VersionLoggerListener.log Command line argument: -Djava.protocol.handler.pkgs=org.apache.catalina.webresources
01-Jan-2026 13:56:19.773 INFO [main] org.apache.catalina.startup.VersionLoggerListener.log Command line argument: -Dsun.io.useCanonCaches=false
01-Jan-2026 13:56:19.773 INFO [main] org.apache.catalina.startup.VersionLoggerListener.log Command line argument: -Dignore.endorsed.dirs=
01-Jan-2026 13:56:19.773 INFO [main] org.apache.catalina.startup.VersionLoggerListener.log Command line argument: -Dcatalina.base=C:\apache-tomcat
01-Jan-2026 13:56:19.773 INFO [main] org.apache.catalina.startup.VersionLoggerListener.log Command line argument: -Dcatalina.home=C:\apache-tomcat
01-Jan-2026 13:56:19.773 INFO [main] org.apache.catalina.startup.VersionLoggerListener.log Command line argument: -Djava.io.tmpdir=C:\apache-tomcat\temp
01-Jan-2026 13:56:19.788 INFO [main] org.apache.catalina.core.AprLifecycleListener.lifecycleEvent Loaded Apache Tomcat Native library [1.3.1] using APR version [1.7.4].
01-Jan-2026 13:56:19.788 INFO [main] org.apache.catalina.core.AprLifecycleListener.lifecycleEvent APR capabilities: IPv6 [true], sendfile [true], accept filters [false], random [true], UDS [true].
01-Jan-2026 13:56:19.788 INFO [main] org.apache.catalina.core.AprLifecycleListener.lifecycleEvent APR/OpenSSL configuration: useAprConnector [false], useOpenSSL [true]
01-Jan-2026 13:56:19.788 INFO [main] org.apache.catalina.core.AprLifecycleListener.initializeSSL OpenSSL successfully initialized [OpenSSL 3.0.14 4 Jun 2024]
01-Jan-2026 13:56:20.101 INFO [main] org.apache.coyote.AbstractProtocol.init Initializing ProtocolHandler ["http-nio-8080"]
01-Jan-2026 13:56:20.108 INFO [main] org.apache.catalina.startup.Catalina.load Server initialization in [503] milliseconds
01-Jan-2026 13:56:20.121 INFO [main] org.apache.catalina.core.StandardService.startInternal Starting service [Catalina]
01-Jan-2026 13:56:20.121 INFO [main] org.apache.catalina.core.StandardEngine.startInternal Starting Servlet engine: [Apache Tomcat/9.0.113]
01-Jan-2026 13:56:20.136 INFO [main] org.apache.catalina.startup.HostConfig.deployWAR Deploying web application archive [C:\apache-tomcat\webapps\onlinebookstore.war]
01-Jan-2026 13:56:21.016 INFO [main] org.apache.jasper.servlet.TldScanner.scanJars At least one JAR was scanned for TLDs yet contained no TLDs. Enable debug logging for this logger for a complete list of JARs that were scanned but no TLDs were found in them. Skipping unneeded JARs during scanning can improve startup time and JSP compilation time.
01-Jan-2026 13:56:21.163 WARNING [main] org.apache.catalina.util.SessionIdGeneratorBase.createSecureRandom Creation of SecureRandom instance for session ID generation using [SHA1PRNG] took [112] milliseconds.
01-Jan-2026 13:56:21.179 INFO [main] org.apache.catalina.startup.HostConfig.deployWAR Deployment of web application archive [C:\apache-tomcat\webapps\onlinebookstore.war] has finished in [1,043] ms
01-Jan-2026 13:56:21.179 INFO [main] org.apache.catalina.startup.HostConfig.deployDirectory Deploying web application directory [C:\apache-tomcat\webapps\docs]
01-Jan-2026 13:56:21.209 INFO [main] org.apache.catalina.startup.HostConfig.deployDirectory Deployment of web application directory [C:\apache-tomcat\webapps\docs] has finished in [30] ms
01-Jan-2026 13:56:21.210 INFO [main] org.apache.catalina.startup.HostConfig.deployDirectory Deploying web application directory [C:\apache-tomcat\webapps\examples]
01-Jan-2026 13:56:21.531 INFO [main] org.apache.catalina.startup.HostConfig.deployDirectory Deployment of web application directory [C:\apache-tomcat\webapps\examples] has finished in [321] ms
01-Jan-2026 13:56:21.531 INFO [main] org.apache.catalina.startup.HostConfig.deployDirectory Deploying web application directory [C:\apache-tomcat\webapps\host-manager]
01-Jan-2026 13:56:21.555 INFO [main] org.apache.catalina.startup.HostConfig.deployDirectory Deployment of web application directory [C:\apache-tomcat\webapps\host-manager] has finished in [24] ms
01-Jan-2026 13:56:21.557 INFO [main] org.apache.catalina.startup.HostConfig.deployDirectory Deploying web application directory [C:\apache-tomcat\webapps\manager]
01-Jan-2026 13:56:21.579 INFO [main] org.apache.catalina.startup.HostConfig.deployDirectory Deployment of web application directory [C:\apache-tomcat\webapps\manager] has finished in [22] ms
01-Jan-2026 13:56:21.579 INFO [main] org.apache.catalina.startup.HostConfig.deployDirectory Deploying web application directory [C:\apache-tomcat\webapps\ROOT]
01-Jan-2026 13:56:21.588 INFO [main] org.apache.catalina.startup.HostConfig.deployDirectory Deployment of web application directory [C:\apache-tomcat\webapps\ROOT] has finished in [9] ms
01-Jan-2026 13:56:21.588 INFO [main] org.apache.coyote.AbstractProtocol.start Starting ProtocolHandler ["http-nio-8080"]
01-Jan-2026 13:56:21.614 INFO [main] org.apache.catalina.startup.Catalina.start Server startup in [1499] milliseconds
01-Jan-2026 14:03:57.820 INFO [Thread-2] org.apache.coyote.AbstractProtocol.pause Pausing ProtocolHandler ["http-nio-8080"]
01-Jan-2026 14:03:57.983 INFO [Thread-2] org.apache.catalina.core.StandardService.stopInternal Stopping service [Catalina]
01-Jan-2026 14:03:57.993 WARNING [Thread-2] org.apache.catalina.loader.WebappClassLoaderBase.clearReferencesJdbc The web application [onlinebookstore] registered the JDBC driver [com.mysql.cj.jdbc.Driver] but failed to unregister it when the web application was stopped. To prevent a memory leak, the JDBC Driver has been forcibly unregistered.
01-Jan-2026 14:03:57.993 WARNING [Thread-2] org.apache.catalina.loader.WebappClassLoaderBase.clearReferencesThreads The web application [onlinebookstore] appears to have started a thread named [mysql-cj-abandoned-connection-cleanup] but has failed to stop it. This is very likely to create a memory leak. Stack trace of thread:
 java.lang.Object.wait(Native Method)
 java.lang.ref.ReferenceQueue.remove(ReferenceQueue.java:144)
 com.mysql.cj.jdbc.AbandonedConnectionCleanupThread.run(AbandonedConnectionCleanupThread.java:91)
 java.util.concurrent.ThreadPoolExecutor.runWorker(ThreadPoolExecutor.java:1149)
 java.util.concurrent.ThreadPoolExecutor$Worker.run(ThreadPoolExecutor.java:624)
 java.lang.Thread.run(Thread.java:748)
01-Jan-2026 14:03:58.018 INFO [Thread-2] org.apache.coyote.AbstractProtocol.stop Stopping ProtocolHandler ["http-nio-8080"]
01-Jan-2026 14:03:58.027 INFO [Thread-2] org.apache.coyote.AbstractProtocol.destroy Destroying ProtocolHandler ["http-nio-8080"]
01-Jan-2026 14:04:26.292 INFO [main] org.apache.catalina.startup.VersionLoggerListener.log Server version name:   Apache Tomcat/9.0.113
01-Jan-2026 14:04:26.295 INFO [main] org.apache.catalina.startup.VersionLoggerListener.log Server built:          Dec 2 2025 19:51:24 UTC
01-Jan-2026 14:04:26.295 INFO [main] org.apache.catalina.startup.VersionLoggerListener.log Server version number: 9.0.113.0
01-Jan-2026 14:04:26.297 INFO [main] org.apache.catalina.startup.VersionLoggerListener.log OS Name:               Windows 10
01-Jan-2026 14:04:26.297 INFO [main] org.apache.catalina.startup.VersionLoggerListener.log OS Version:            10.0
01-Jan-2026 14:04:26.297 INFO [main] org.apache.catalina.startup.VersionLoggerListener.log Architecture:          amd64
01-Jan-2026 14:04:26.297 INFO [main] org.apache.catalina.startup.VersionLoggerListener.log Java Home:             C:\Program Files\Java\jdk1.8.0_202\jre
01-Jan-2026 14:04:26.297 INFO [main] org.apache.catalina.startup.VersionLoggerListener.log JVM Version:           1.8.0_202-b08
01-Jan-2026 14:04:26.297 INFO [main] org.apache.catalina.startup.VersionLoggerListener.log JVM Vendor:            Oracle Corporation
01-Jan-2026 14:04:26.297 INFO [main] org.apache.catalina.startup.VersionLoggerListener.log CATALINA_BASE:         C:\apache-tomcat
01-Jan-2026 14:04:26.297 INFO [main] org.apache.catalina.startup.VersionLoggerListener.log CATALINA_HOME:         C:\apache-tomcat
01-Jan-2026 14:04:26.299 INFO [main] org.apache.catalina.startup.VersionLoggerListener.log Command line argument: -Djava.util.logging.config.file=C:\apache-tomcat\conf\logging.properties
01-Jan-2026 14:04:26.299 INFO [main] org.apache.catalina.startup.VersionLoggerListener.log Command line argument: -Djava.util.logging.manager=org.apache.juli.ClassLoaderLogManager
01-Jan-2026 14:04:26.299 INFO [main] org.apache.catalina.startup.VersionLoggerListener.log Command line argument: -Djdk.tls.ephemeralDHKeySize=2048
01-Jan-2026 14:04:26.300 INFO [main] org.apache.catalina.startup.VersionLoggerListener.log Command line argument: -Djava.protocol.handler.pkgs=org.apache.catalina.webresources
01-Jan-2026 14:04:26.300 INFO [main] org.apache.catalina.startup.VersionLoggerListener.log Command line argument: -Dsun.io.useCanonCaches=false
01-Jan-2026 14:04:26.301 INFO [main] org.apache.catalina.startup.VersionLoggerListener.log Command line argument: -Dignore.endorsed.dirs=
01-Jan-2026 14:04:26.301 INFO [main] org.apache.catalina.startup.VersionLoggerListener.log Command line argument: -Dcatalina.base=C:\apache-tomcat
01-Jan-2026 14:04:26.301 INFO [main] org.apache.catalina.startup.VersionLoggerListener.log Command line argument: -Dcatalina.home=C:\apache-tomcat
01-Jan-2026 14:04:26.301 INFO [main] org.apache.catalina.startup.VersionLoggerListener.log Command line argument: -Djava.io.tmpdir=C:\apache-tomcat\temp
01-Jan-2026 14:04:26.305 INFO [main] org.apache.catalina.core.AprLifecycleListener.lifecycleEvent Loaded Apache Tomcat Native library [1.3.1] using APR version [1.7.4].
01-Jan-2026 14:04:26.305 INFO [main] org.apache.catalina.core.AprLifecycleListener.lifecycleEvent APR capabilities: IPv6 [true], sendfile [true], accept filters [false], random [true], UDS [true].
01-Jan-2026 14:04:26.306 INFO [main] org.apache.catalina.core.AprLifecycleListener.lifecycleEvent APR/OpenSSL configuration: useAprConnector [false], useOpenSSL [true]
01-Jan-2026 14:04:26.312 INFO [main] org.apache.catalina.core.AprLifecycleListener.initializeSSL OpenSSL successfully initialized [OpenSSL 3.0.14 4 Jun 2024]
01-Jan-2026 14:04:26.638 INFO [main] org.apache.coyote.AbstractProtocol.init Initializing ProtocolHandler ["http-nio-8080"]
01-Jan-2026 14:04:26.667 INFO [main] org.apache.catalina.startup.Catalina.load Server initialization in [550] milliseconds
01-Jan-2026 14:04:26.688 INFO [main] org.apache.catalina.core.StandardService.startInternal Starting service [Catalina]
01-Jan-2026 14:04:26.688 INFO [main] org.apache.catalina.core.StandardEngine.startInternal Starting Servlet engine: [Apache Tomcat/9.0.113]
01-Jan-2026 14:04:26.708 INFO [main] org.apache.catalina.startup.HostConfig.deployWAR Deploying web application archive [C:\apache-tomcat\webapps\onlinebookstore.war]
01-Jan-2026 14:04:27.552 INFO [main] org.apache.jasper.servlet.TldScanner.scanJars At least one JAR was scanned for TLDs yet contained no TLDs. Enable debug logging for this logger for a complete list of JARs that were scanned but no TLDs were found in them. Skipping unneeded JARs during scanning can improve startup time and JSP compilation time.
01-Jan-2026 14:04:27.704 WARNING [main] org.apache.catalina.util.SessionIdGeneratorBase.createSecureRandom Creation of SecureRandom instance for session ID generation using [SHA1PRNG] took [129] milliseconds.
01-Jan-2026 14:04:27.726 INFO [main] org.apache.catalina.startup.HostConfig.deployWAR Deployment of web application archive [C:\apache-tomcat\webapps\onlinebookstore.war] has finished in [1,018] ms
01-Jan-2026 14:04:27.726 INFO [main] org.apache.catalina.startup.HostConfig.deployDirectory Deploying web application directory [C:\apache-tomcat\webapps\docs]
01-Jan-2026 14:04:27.763 INFO [main] org.apache.catalina.startup.HostConfig.deployDirectory Deployment of web application directory [C:\apache-tomcat\webapps\docs] has finished in [37] ms
01-Jan-2026 14:04:27.763 INFO [main] org.apache.catalina.startup.HostConfig.deployDirectory Deploying web application directory [C:\apache-tomcat\webapps\examples]
01-Jan-2026 14:04:28.081 INFO [main] org.apache.catalina.startup.HostConfig.deployDirectory Deployment of web application directory [C:\apache-tomcat\webapps\examples] has finished in [318] ms
01-Jan-2026 14:04:28.081 INFO [main] org.apache.catalina.startup.HostConfig.deployDirectory Deploying web application directory [C:\apache-tomcat\webapps\host-manager]
01-Jan-2026 14:04:28.112 INFO [main] org.apache.catalina.startup.HostConfig.deployDirectory Deployment of web application directory [C:\apache-tomcat\webapps\host-manager] has finished in [31] ms
01-Jan-2026 14:04:28.112 INFO [main] org.apache.catalina.startup.HostConfig.deployDirectory Deploying web application directory [C:\apache-tomcat\webapps\manager]
01-Jan-2026 14:04:28.137 INFO [main] org.apache.catalina.startup.HostConfig.deployDirectory Deployment of web application directory [C:\apache-tomcat\webapps\manager] has finished in [25] ms
01-Jan-2026 14:04:28.137 INFO [main] org.apache.catalina.startup.HostConfig.deployDirectory Deploying web application directory [C:\apache-tomcat\webapps\ROOT]
01-Jan-2026 14:04:28.155 INFO [main] org.apache.catalina.startup.HostConfig.deployDirectory Deployment of web application directory [C:\apache-tomcat\webapps\ROOT] has finished in [18] ms
01-Jan-2026 14:04:28.158 INFO [main] org.apache.coyote.AbstractProtocol.start Starting ProtocolHandler ["http-nio-8080"]
01-Jan-2026 14:04:28.176 INFO [main] org.apache.catalina.startup.Catalina.start Server startup in [1508] milliseconds
01-Jan-2026 14:17:04.351 INFO [Thread-2] org.apache.coyote.AbstractProtocol.pause Pausing ProtocolHandler ["http-nio-8080"]
01-Jan-2026 14:17:04.591 INFO [Thread-2] org.apache.catalina.core.StandardService.stopInternal Stopping service [Catalina]
01-Jan-2026 14:17:04.610 WARNING [Thread-2] org.apache.catalina.loader.WebappClassLoaderBase.clearReferencesJdbc The web application [onlinebookstore] registered the JDBC driver [com.mysql.cj.jdbc.Driver] but failed to unregister it when the web application was stopped. To prevent a memory leak, the JDBC Driver has been forcibly unregistered.
01-Jan-2026 14:17:04.610 WARNING [Thread-2] org.apache.catalina.loader.WebappClassLoaderBase.clearReferencesThreads The web application [onlinebookstore] appears to have started a thread named [mysql-cj-abandoned-connection-cleanup] but has failed to stop it. This is very likely to create a memory leak. Stack trace of thread:
 java.lang.Object.wait(Native Method)
 java.lang.ref.ReferenceQueue.remove(ReferenceQueue.java:144)
 com.mysql.cj.jdbc.AbandonedConnectionCleanupThread.run(AbandonedConnectionCleanupThread.java:91)
 java.util.concurrent.ThreadPoolExecutor.runWorker(ThreadPoolExecutor.java:1149)
 java.util.concurrent.ThreadPoolExecutor$Worker.run(ThreadPoolExecutor.java:624)
 java.lang.Thread.run(Thread.java:748)
01-Jan-2026 14:17:04.625 INFO [Thread-2] org.apache.coyote.AbstractProtocol.stop Stopping ProtocolHandler ["http-nio-8080"]
01-Jan-2026 14:17:04.637 INFO [Thread-2] org.apache.coyote.AbstractProtocol.destroy Destroying ProtocolHandler ["http-nio-8080"]
01-Jan-2026 14:17:45.139 INFO [main] org.apache.catalina.startup.VersionLoggerListener.log Server version name:   Apache Tomcat/9.0.113
01-Jan-2026 14:17:45.151 INFO [main] org.apache.catalina.startup.VersionLoggerListener.log Server built:          Dec 2 2025 19:51:24 UTC
01-Jan-2026 14:17:45.151 INFO [main] org.apache.catalina.startup.VersionLoggerListener.log Server version number: 9.0.113.0
01-Jan-2026 14:17:45.151 INFO [main] org.apache.catalina.startup.VersionLoggerListener.log OS Name:               Windows 10
01-Jan-2026 14:17:45.151 INFO [main] org.apache.catalina.startup.VersionLoggerListener.log OS Version:            10.0
01-Jan-2026 14:17:45.151 INFO [main] org.apache.catalina.startup.VersionLoggerListener.log Architecture:          amd64
01-Jan-2026 14:17:45.151 INFO [main] org.apache.catalina.startup.VersionLoggerListener.log Java Home:             C:\Program Files\Java\jdk1.8.0_202\jre
01-Jan-2026 14:17:45.151 INFO [main] org.apache.catalina.startup.VersionLoggerListener.log JVM Version:           1.8.0_202-b08
01-Jan-2026 14:17:45.151 INFO [main] org.apache.catalina.startup.VersionLoggerListener.log JVM Vendor:            Oracle Corporation
01-Jan-2026 14:17:45.151 INFO [main] org.apache.catalina.startup.VersionLoggerListener.log CATALINA_BASE:         C:\apache-tomcat
01-Jan-2026 14:17:45.151 INFO [main] org.apache.catalina.startup.VersionLoggerListener.log CATALINA_HOME:         C:\apache-tomcat
01-Jan-2026 14:17:45.151 INFO [main] org.apache.catalina.startup.VersionLoggerListener.log Command line argument: -Djava.util.logging.config.file=C:\apache-tomcat\conf\logging.properties
01-Jan-2026 14:17:45.151 INFO [main] org.apache.catalina.startup.VersionLoggerListener.log Command line argument: -Djava.util.logging.manager=org.apache.juli.ClassLoaderLogManager
01-Jan-2026 14:17:45.151 INFO [main] org.apache.catalina.startup.VersionLoggerListener.log Command line argument: -Djdk.tls.ephemeralDHKeySize=2048
01-Jan-2026 14:17:45.151 INFO [main] org.apache.catalina.startup.VersionLoggerListener.log Command line argument: -Djava.protocol.handler.pkgs=org.apache.catalina.webresources
01-Jan-2026 14:17:45.151 INFO [main] org.apache.catalina.startup.VersionLoggerListener.log Command line argument: -Dsun.io.useCanonCaches=false
01-Jan-2026 14:17:45.151 INFO [main] org.apache.catalina.startup.VersionLoggerListener.log Command line argument: -Dignore.endorsed.dirs=
01-Jan-2026 14:17:45.151 INFO [main] org.apache.catalina.startup.VersionLoggerListener.log Command line argument: -Dcatalina.base=C:\apache-tomcat
01-Jan-2026 14:17:45.151 INFO [main] org.apache.catalina.startup.VersionLoggerListener.log Command line argument: -Dcatalina.home=C:\apache-tomcat
01-Jan-2026 14:17:45.151 INFO [main] org.apache.catalina.startup.VersionLoggerListener.log Command line argument: -Djava.io.tmpdir=C:\apache-tomcat\temp
01-Jan-2026 14:17:45.156 INFO [main] org.apache.catalina.core.AprLifecycleListener.lifecycleEvent Loaded Apache Tomcat Native library [1.3.1] using APR version [1.7.4].
01-Jan-2026 14:17:45.156 INFO [main] org.apache.catalina.core.AprLifecycleListener.lifecycleEvent APR capabilities: IPv6 [true], sendfile [true], accept filters [false], random [true], UDS [true].
01-Jan-2026 14:17:45.156 INFO [main] org.apache.catalina.core.AprLifecycleListener.lifecycleEvent APR/OpenSSL configuration: useAprConnector [false], useOpenSSL [true]
01-Jan-2026 14:17:45.156 INFO [main] org.apache.catalina.core.AprLifecycleListener.initializeSSL OpenSSL successfully initialized [OpenSSL 3.0.14 4 Jun 2024]
01-Jan-2026 14:17:45.467 INFO [main] org.apache.coyote.AbstractProtocol.init Initializing ProtocolHandler ["http-nio-8080"]
01-Jan-2026 14:17:45.490 INFO [main] org.apache.catalina.startup.Catalina.load Server initialization in [504] milliseconds
01-Jan-2026 14:17:45.510 INFO [main] org.apache.catalina.core.StandardService.startInternal Starting service [Catalina]
01-Jan-2026 14:17:45.510 INFO [main] org.apache.catalina.core.StandardEngine.startInternal Starting Servlet engine: [Apache Tomcat/9.0.113]
01-Jan-2026 14:17:45.528 INFO [main] org.apache.catalina.startup.HostConfig.deployWAR Deploying web application archive [C:\apache-tomcat\webapps\onlinebookstore.war]
01-Jan-2026 14:17:46.351 INFO [main] org.apache.jasper.servlet.TldScanner.scanJars At least one JAR was scanned for TLDs yet contained no TLDs. Enable debug logging for this logger for a complete list of JARs that were scanned but no TLDs were found in them. Skipping unneeded JARs during scanning can improve startup time and JSP compilation time.
01-Jan-2026 14:17:46.468 WARNING [main] org.apache.catalina.util.SessionIdGeneratorBase.createSecureRandom Creation of SecureRandom instance for session ID generation using [SHA1PRNG] took [102] milliseconds.
01-Jan-2026 14:17:46.492 INFO [main] org.apache.catalina.startup.HostConfig.deployWAR Deployment of web application archive [C:\apache-tomcat\webapps\onlinebookstore.war] has finished in [960] ms
01-Jan-2026 14:17:46.492 INFO [main] org.apache.catalina.startup.HostConfig.deployDirectory Deploying web application directory [C:\apache-tomcat\webapps\docs]
01-Jan-2026 14:17:46.515 INFO [main] org.apache.catalina.startup.HostConfig.deployDirectory Deployment of web application directory [C:\apache-tomcat\webapps\docs] has finished in [23] ms
01-Jan-2026 14:17:46.515 INFO [main] org.apache.catalina.startup.HostConfig.deployDirectory Deploying web application directory [C:\apache-tomcat\webapps\examples]
01-Jan-2026 14:17:46.776 INFO [main] org.apache.catalina.startup.HostConfig.deployDirectory Deployment of web application directory [C:\apache-tomcat\webapps\examples] has finished in [261] ms
01-Jan-2026 14:17:46.778 INFO [main] org.apache.catalina.startup.HostConfig.deployDirectory Deploying web application directory [C:\apache-tomcat\webapps\host-manager]
01-Jan-2026 14:17:46.807 INFO [main] org.apache.catalina.startup.HostConfig.deployDirectory Deployment of web application directory [C:\apache-tomcat\webapps\host-manager] has finished in [31] ms
01-Jan-2026 14:17:46.807 INFO [main] org.apache.catalina.startup.HostConfig.deployDirectory Deploying web application directory [C:\apache-tomcat\webapps\manager]
01-Jan-2026 14:17:46.839 INFO [main] org.apache.catalina.startup.HostConfig.deployDirectory Deployment of web application directory [C:\apache-tomcat\webapps\manager] has finished in [32] ms
01-Jan-2026 14:17:46.839 INFO [main] org.apache.catalina.startup.HostConfig.deployDirectory Deploying web application directory [C:\apache-tomcat\webapps\ROOT]
01-Jan-2026 14:17:46.856 INFO [main] org.apache.catalina.startup.HostConfig.deployDirectory Deployment of web application directory [C:\apache-tomcat\webapps\ROOT] has finished in [17] ms
01-Jan-2026 14:17:46.856 INFO [main] org.apache.coyote.AbstractProtocol.start Starting ProtocolHandler ["http-nio-8080"]
01-Jan-2026 14:17:46.879 INFO [main] org.apache.catalina.startup.Catalina.start Server startup in [1387] milliseconds
01-Jan-2026 14:20:35.442 INFO [Thread-2] org.apache.coyote.AbstractProtocol.pause Pausing ProtocolHandler ["http-nio-8080"]
01-Jan-2026 14:20:35.595 INFO [Thread-2] org.apache.catalina.core.StandardService.stopInternal Stopping service [Catalina]
01-Jan-2026 14:20:35.636 INFO [Thread-2] org.apache.coyote.AbstractProtocol.stop Stopping ProtocolHandler ["http-nio-8080"]
01-Jan-2026 14:20:35.655 INFO [Thread-2] org.apache.coyote.AbstractProtocol.destroy Destroying ProtocolHandler ["http-nio-8080"]
01-Jan-2026 14:20:39.141 INFO [main] org.apache.catalina.startup.VersionLoggerListener.log Server version name:   Apache Tomcat/9.0.113
01-Jan-2026 14:20:39.147 INFO [main] org.apache.catalina.startup.VersionLoggerListener.log Server built:          Dec 2 2025 19:51:24 UTC
01-Jan-2026 14:20:39.147 INFO [main] org.apache.catalina.startup.VersionLoggerListener.log Server version number: 9.0.113.0
01-Jan-2026 14:20:39.147 INFO [main] org.apache.catalina.startup.VersionLoggerListener.log OS Name:               Windows 10
01-Jan-2026 14:20:39.147 INFO [main] org.apache.catalina.startup.VersionLoggerListener.log OS Version:            10.0
01-Jan-2026 14:20:39.147 INFO [main] org.apache.catalina.startup.VersionLoggerListener.log Architecture:          amd64
01-Jan-2026 14:20:39.147 INFO [main] org.apache.catalina.startup.VersionLoggerListener.log Java Home:             C:\Program Files\Java\jdk1.8.0_202\jre
01-Jan-2026 14:20:39.147 INFO [main] org.apache.catalina.startup.VersionLoggerListener.log JVM Version:           1.8.0_202-b08
01-Jan-2026 14:20:39.147 INFO [main] org.apache.catalina.startup.VersionLoggerListener.log JVM Vendor:            Oracle Corporation
01-Jan-2026 14:20:39.147 INFO [main] org.apache.catalina.startup.VersionLoggerListener.log CATALINA_BASE:         C:\apache-tomcat
01-Jan-2026 14:20:39.147 INFO [main] org.apache.catalina.startup.VersionLoggerListener.log CATALINA_HOME:         C:\apache-tomcat
01-Jan-2026 14:20:39.149 INFO [main] org.apache.catalina.startup.VersionLoggerListener.log Command line argument: -Djava.util.logging.config.file=C:\apache-tomcat\conf\logging.properties
01-Jan-2026 14:20:39.149 INFO [main] org.apache.catalina.startup.VersionLoggerListener.log Command line argument: -Djava.util.logging.manager=org.apache.juli.ClassLoaderLogManager
01-Jan-2026 14:20:39.149 INFO [main] org.apache.catalina.startup.VersionLoggerListener.log Command line argument: -Djdk.tls.ephemeralDHKeySize=2048
01-Jan-2026 14:20:39.149 INFO [main] org.apache.catalina.startup.VersionLoggerListener.log Command line argument: -Djava.protocol.handler.pkgs=org.apache.catalina.webresources
01-Jan-2026 14:20:39.149 INFO [main] org.apache.catalina.startup.VersionLoggerListener.log Command line argument: -Dsun.io.useCanonCaches=false
01-Jan-2026 14:20:39.149 INFO [main] org.apache.catalina.startup.VersionLoggerListener.log Command line argument: -Dignore.endorsed.dirs=
01-Jan-2026 14:20:39.149 INFO [main] org.apache.catalina.startup.VersionLoggerListener.log Command line argument: -Dcatalina.base=C:\apache-tomcat
01-Jan-2026 14:20:39.149 INFO [main] org.apache.catalina.startup.VersionLoggerListener.log Command line argument: -Dcatalina.home=C:\apache-tomcat
01-Jan-2026 14:20:39.149 INFO [main] org.apache.catalina.startup.VersionLoggerListener.log Command line argument: -Djava.io.tmpdir=C:\apache-tomcat\temp
01-Jan-2026 14:20:39.149 INFO [main] org.apache.catalina.core.AprLifecycleListener.lifecycleEvent Loaded Apache Tomcat Native library [1.3.1] using APR version [1.7.4].
01-Jan-2026 14:20:39.149 INFO [main] org.apache.catalina.core.AprLifecycleListener.lifecycleEvent APR capabilities: IPv6 [true], sendfile [true], accept filters [false], random [true], UDS [true].
01-Jan-2026 14:20:39.149 INFO [main] org.apache.catalina.core.AprLifecycleListener.lifecycleEvent APR/OpenSSL configuration: useAprConnector [false], useOpenSSL [true]
01-Jan-2026 14:20:39.149 INFO [main] org.apache.catalina.core.AprLifecycleListener.initializeSSL OpenSSL successfully initialized [OpenSSL 3.0.14 4 Jun 2024]
01-Jan-2026 14:20:39.403 INFO [main] org.apache.coyote.AbstractProtocol.init Initializing ProtocolHandler ["http-nio-8080"]
01-Jan-2026 14:20:39.417 INFO [main] org.apache.catalina.startup.Catalina.load Server initialization in [464] milliseconds
01-Jan-2026 14:20:39.445 INFO [main] org.apache.catalina.core.StandardService.startInternal Starting service [Catalina]
01-Jan-2026 14:20:39.445 INFO [main] org.apache.catalina.core.StandardEngine.startInternal Starting Servlet engine: [Apache Tomcat/9.0.113]
01-Jan-2026 14:20:39.461 INFO [main] org.apache.catalina.startup.HostConfig.deployWAR Deploying web application archive [C:\apache-tomcat\webapps\onlinebookstore.war]
01-Jan-2026 14:20:40.206 INFO [main] org.apache.jasper.servlet.TldScanner.scanJars At least one JAR was scanned for TLDs yet contained no TLDs. Enable debug logging for this logger for a complete list of JARs that were scanned but no TLDs were found in them. Skipping unneeded JARs during scanning can improve startup time and JSP compilation time.
01-Jan-2026 14:20:40.363 WARNING [main] org.apache.catalina.util.SessionIdGeneratorBase.createSecureRandom Creation of SecureRandom instance for session ID generation using [SHA1PRNG] took [127] milliseconds.
01-Jan-2026 14:20:40.398 INFO [main] org.apache.catalina.startup.HostConfig.deployWAR Deployment of web application archive [C:\apache-tomcat\webapps\onlinebookstore.war] has finished in [937] ms
01-Jan-2026 14:20:40.402 INFO [main] org.apache.catalina.startup.HostConfig.deployDirectory Deploying web application directory [C:\apache-tomcat\webapps\docs]
01-Jan-2026 14:20:40.440 INFO [main] org.apache.catalina.startup.HostConfig.deployDirectory Deployment of web application directory [C:\apache-tomcat\webapps\docs] has finished in [38] ms
01-Jan-2026 14:20:40.445 INFO [main] org.apache.catalina.startup.HostConfig.deployDirectory Deploying web application directory [C:\apache-tomcat\webapps\examples]
01-Jan-2026 14:20:40.769 INFO [main] org.apache.catalina.startup.HostConfig.deployDirectory Deployment of web application directory [C:\apache-tomcat\webapps\examples] has finished in [324] ms
01-Jan-2026 14:20:40.771 INFO [main] org.apache.catalina.startup.HostConfig.deployDirectory Deploying web application directory [C:\apache-tomcat\webapps\host-manager]
01-Jan-2026 14:20:40.804 INFO [main] org.apache.catalina.startup.HostConfig.deployDirectory Deployment of web application directory [C:\apache-tomcat\webapps\host-manager] has finished in [33] ms
01-Jan-2026 14:20:40.808 INFO [main] org.apache.catalina.startup.HostConfig.deployDirectory Deploying web application directory [C:\apache-tomcat\webapps\manager]
01-Jan-2026 14:20:40.826 INFO [main] org.apache.catalina.startup.HostConfig.deployDirectory Deployment of web application directory [C:\apache-tomcat\webapps\manager] has finished in [18] ms
01-Jan-2026 14:20:40.826 INFO [main] org.apache.catalina.startup.HostConfig.deployDirectory Deploying web application directory [C:\apache-tomcat\webapps\ROOT]
01-Jan-2026 14:20:40.853 INFO [main] org.apache.catalina.startup.HostConfig.deployDirectory Deployment of web application directory [C:\apache-tomcat\webapps\ROOT] has finished in [26] ms
01-Jan-2026 14:20:40.857 INFO [main] org.apache.coyote.AbstractProtocol.start Starting ProtocolHandler ["http-nio-8080"]
01-Jan-2026 14:20:40.869 INFO [main] org.apache.catalina.startup.Catalina.start Server startup in [1445] milliseconds
01-Jan-2026 14:22:46.232 INFO [Thread-2] org.apache.coyote.AbstractProtocol.pause Pausing ProtocolHandler ["http-nio-8080"]
01-Jan-2026 14:22:46.399 INFO [Thread-2] org.apache.catalina.core.StandardService.stopInternal Stopping service [Catalina]
01-Jan-2026 14:22:46.425 INFO [Thread-2] org.apache.coyote.AbstractProtocol.stop Stopping ProtocolHandler ["http-nio-8080"]
01-Jan-2026 14:22:46.433 INFO [Thread-2] org.apache.coyote.AbstractProtocol.destroy Destroying ProtocolHandler ["http-nio-8080"]
01-Jan-2026 14:23:07.189 INFO [main] org.apache.catalina.startup.VersionLoggerListener.log Server version name:   Apache Tomcat/9.0.113
01-Jan-2026 14:23:07.189 INFO [main] org.apache.catalina.startup.VersionLoggerListener.log Server built:          Dec 2 2025 19:51:24 UTC
01-Jan-2026 14:23:07.189 INFO [main] org.apache.catalina.startup.VersionLoggerListener.log Server version number: 9.0.113.0
01-Jan-2026 14:23:07.189 INFO [main] org.apache.catalina.startup.VersionLoggerListener.log OS Name:               Windows 10
01-Jan-2026 14:23:07.189 INFO [main] org.apache.catalina.startup.VersionLoggerListener.log OS Version:            10.0
01-Jan-2026 14:23:07.189 INFO [main] org.apache.catalina.startup.VersionLoggerListener.log Architecture:          amd64
01-Jan-2026 14:23:07.189 INFO [main] org.apache.catalina.startup.VersionLoggerListener.log Java Home:             C:\Program Files\Java\jdk1.8.0_202\jre
01-Jan-2026 14:23:07.189 INFO [main] org.apache.catalina.startup.VersionLoggerListener.log JVM Version:           1.8.0_202-b08
01-Jan-2026 14:23:07.189 INFO [main] org.apache.catalina.startup.VersionLoggerListener.log JVM Vendor:            Oracle Corporation
01-Jan-2026 14:23:07.189 INFO [main] org.apache.catalina.startup.VersionLoggerListener.log CATALINA_BASE:         C:\apache-tomcat
01-Jan-2026 14:23:07.189 INFO [main] org.apache.catalina.startup.VersionLoggerListener.log CATALINA_HOME:         C:\apache-tomcat
01-Jan-2026 14:23:07.189 INFO [main] org.apache.catalina.startup.VersionLoggerListener.log Command line argument: -Djava.util.logging.config.file=C:\apache-tomcat\conf\logging.properties
01-Jan-2026 14:23:07.189 INFO [main] org.apache.catalina.startup.VersionLoggerListener.log Command line argument: -Djava.util.logging.manager=org.apache.juli.ClassLoaderLogManager
01-Jan-2026 14:23:07.189 INFO [main] org.apache.catalina.startup.VersionLoggerListener.log Command line argument: -Djdk.tls.ephemeralDHKeySize=2048
01-Jan-2026 14:23:07.189 INFO [main] org.apache.catalina.startup.VersionLoggerListener.log Command line argument: -Djava.protocol.handler.pkgs=org.apache.catalina.webresources
01-Jan-2026 14:23:07.189 INFO [main] org.apache.catalina.startup.VersionLoggerListener.log Command line argument: -Dsun.io.useCanonCaches=false
01-Jan-2026 14:23:07.189 INFO [main] org.apache.catalina.startup.VersionLoggerListener.log Command line argument: -Dignore.endorsed.dirs=
01-Jan-2026 14:23:07.189 INFO [main] org.apache.catalina.startup.VersionLoggerListener.log Command line argument: -Dcatalina.base=C:\apache-tomcat
01-Jan-2026 14:23:07.189 INFO [main] org.apache.catalina.startup.VersionLoggerListener.log Command line argument: -Dcatalina.home=C:\apache-tomcat
01-Jan-2026 14:23:07.196 INFO [main] org.apache.catalina.startup.VersionLoggerListener.log Command line argument: -Djava.io.tmpdir=C:\apache-tomcat\temp
01-Jan-2026 14:23:07.199 INFO [main] org.apache.catalina.core.AprLifecycleListener.lifecycleEvent Loaded Apache Tomcat Native library [1.3.1] using APR version [1.7.4].
01-Jan-2026 14:23:07.199 INFO [main] org.apache.catalina.core.AprLifecycleListener.lifecycleEvent APR capabilities: IPv6 [true], sendfile [true], accept filters [false], random [true], UDS [true].
01-Jan-2026 14:23:07.199 INFO [main] org.apache.catalina.core.AprLifecycleListener.lifecycleEvent APR/OpenSSL configuration: useAprConnector [false], useOpenSSL [true]
01-Jan-2026 14:23:07.205 INFO [main] org.apache.catalina.core.AprLifecycleListener.initializeSSL OpenSSL successfully initialized [OpenSSL 3.0.14 4 Jun 2024]
01-Jan-2026 14:23:07.469 INFO [main] org.apache.coyote.AbstractProtocol.init Initializing ProtocolHandler ["http-nio-8080"]
01-Jan-2026 14:23:07.486 INFO [main] org.apache.catalina.startup.Catalina.load Server initialization in [465] milliseconds
01-Jan-2026 14:23:07.505 INFO [main] org.apache.catalina.core.StandardService.startInternal Starting service [Catalina]
01-Jan-2026 14:23:07.505 INFO [main] org.apache.catalina.core.StandardEngine.startInternal Starting Servlet engine: [Apache Tomcat/9.0.113]
01-Jan-2026 14:23:07.524 INFO [main] org.apache.catalina.startup.HostConfig.deployWAR Deploying web application archive [C:\apache-tomcat\webapps\onlinebookstore.war]
01-Jan-2026 14:23:08.373 INFO [main] org.apache.jasper.servlet.TldScanner.scanJars At least one JAR was scanned for TLDs yet contained no TLDs. Enable debug logging for this logger for a complete list of JARs that were scanned but no TLDs were found in them. Skipping unneeded JARs during scanning can improve startup time and JSP compilation time.
01-Jan-2026 14:23:08.587 WARNING [main] org.apache.catalina.util.SessionIdGeneratorBase.createSecureRandom Creation of SecureRandom instance for session ID generation using [SHA1PRNG] took [195] milliseconds.
01-Jan-2026 14:23:08.609 INFO [main] org.apache.catalina.startup.HostConfig.deployWAR Deployment of web application archive [C:\apache-tomcat\webapps\onlinebookstore.war] has finished in [1,085] ms
01-Jan-2026 14:23:08.609 INFO [main] org.apache.catalina.startup.HostConfig.deployDirectory Deploying web application directory [C:\apache-tomcat\webapps\docs]
01-Jan-2026 14:23:08.634 INFO [main] org.apache.catalina.startup.HostConfig.deployDirectory Deployment of web application directory [C:\apache-tomcat\webapps\docs] has finished in [25] ms
01-Jan-2026 14:23:08.636 INFO [main] org.apache.catalina.startup.HostConfig.deployDirectory Deploying web application directory [C:\apache-tomcat\webapps\examples]
01-Jan-2026 14:23:08.968 INFO [main] org.apache.catalina.startup.HostConfig.deployDirectory Deployment of web application directory [C:\apache-tomcat\webapps\examples] has finished in [332] ms
01-Jan-2026 14:23:08.968 INFO [main] org.apache.catalina.startup.HostConfig.deployDirectory Deploying web application directory [C:\apache-tomcat\webapps\host-manager]
01-Jan-2026 14:23:08.994 INFO [main] org.apache.catalina.startup.HostConfig.deployDirectory Deployment of web application directory [C:\apache-tomcat\webapps\host-manager] has finished in [26] ms
01-Jan-2026 14:23:09.002 INFO [main] org.apache.catalina.startup.HostConfig.deployDirectory Deploying web application directory [C:\apache-tomcat\webapps\manager]
01-Jan-2026 14:23:09.029 INFO [main] org.apache.catalina.startup.HostConfig.deployDirectory Deployment of web application directory [C:\apache-tomcat\webapps\manager] has finished in [27] ms
01-Jan-2026 14:23:09.029 INFO [main] org.apache.catalina.startup.HostConfig.deployDirectory Deploying web application directory [C:\apache-tomcat\webapps\ROOT]
01-Jan-2026 14:23:09.049 INFO [main] org.apache.catalina.startup.HostConfig.deployDirectory Deployment of web application directory [C:\apache-tomcat\webapps\ROOT] has finished in [20] ms
01-Jan-2026 14:23:09.049 INFO [main] org.apache.coyote.AbstractProtocol.start Starting ProtocolHandler ["http-nio-8080"]
01-Jan-2026 14:23:09.057 INFO [main] org.apache.catalina.startup.Catalina.start Server startup in [1578] milliseconds
01-Jan-2026 14:26:29.483 INFO [Catalina-utility-1] org.apache.catalina.startup.HostConfig.undeploy Undeploying context [/onlinebookstore]
01-Jan-2026 14:26:29.587 INFO [Catalina-utility-1] org.apache.catalina.startup.HostConfig.deployWAR Deploying web application archive [C:\apache-tomcat\webapps\onlinebookstore.war]
01-Jan-2026 14:26:30.897 INFO [Catalina-utility-1] org.apache.jasper.servlet.TldScanner.scanJars At least one JAR was scanned for TLDs yet contained no TLDs. Enable debug logging for this logger for a complete list of JARs that were scanned but no TLDs were found in them. Skipping unneeded JARs during scanning can improve startup time and JSP compilation time.
01-Jan-2026 14:26:30.907 INFO [Catalina-utility-1] org.apache.catalina.startup.HostConfig.deployWAR Deployment of web application archive [C:\apache-tomcat\webapps\onlinebookstore.war] has finished in [1,318] ms
01-Jan-2026 14:26:34.437 INFO [Thread-2] org.apache.coyote.AbstractProtocol.pause Pausing ProtocolHandler ["http-nio-8080"]
01-Jan-2026 14:26:34.629 INFO [Thread-2] org.apache.catalina.core.StandardService.stopInternal Stopping service [Catalina]
01-Jan-2026 14:26:34.667 INFO [Thread-2] org.apache.coyote.AbstractProtocol.stop Stopping ProtocolHandler ["http-nio-8080"]
01-Jan-2026 14:26:34.681 INFO [Thread-2] org.apache.coyote.AbstractProtocol.destroy Destroying ProtocolHandler ["http-nio-8080"]
01-Jan-2026 14:26:37.933 INFO [main] org.apache.catalina.startup.VersionLoggerListener.log Server version name:   Apache Tomcat/9.0.113
01-Jan-2026 14:26:37.933 INFO [main] org.apache.catalina.startup.VersionLoggerListener.log Server built:          Dec 2 2025 19:51:24 UTC
01-Jan-2026 14:26:37.933 INFO [main] org.apache.catalina.startup.VersionLoggerListener.log Server version number: 9.0.113.0
01-Jan-2026 14:26:37.933 INFO [main] org.apache.catalina.startup.VersionLoggerListener.log OS Name:               Windows 10
01-Jan-2026 14:26:37.933 INFO [main] org.apache.catalina.startup.VersionLoggerListener.log OS Version:            10.0
01-Jan-2026 14:26:37.933 INFO [main] org.apache.catalina.startup.VersionLoggerListener.log Architecture:          amd64
01-Jan-2026 14:26:37.933 INFO [main] org.apache.catalina.startup.VersionLoggerListener.log Java Home:             C:\Program Files\Java\jdk1.8.0_202\jre
01-Jan-2026 14:26:37.933 INFO [main] org.apache.catalina.startup.VersionLoggerListener.log JVM Version:           1.8.0_202-b08
01-Jan-2026 14:26:37.933 INFO [main] org.apache.catalina.startup.VersionLoggerListener.log JVM Vendor:            Oracle Corporation
01-Jan-2026 14:26:37.933 INFO [main] org.apache.catalina.startup.VersionLoggerListener.log CATALINA_BASE:         C:\apache-tomcat
01-Jan-2026 14:26:37.933 INFO [main] org.apache.catalina.startup.VersionLoggerListener.log CATALINA_HOME:         C:\apache-tomcat
01-Jan-2026 14:26:37.933 INFO [main] org.apache.catalina.startup.VersionLoggerListener.log Command line argument: -Djava.util.logging.config.file=C:\apache-tomcat\conf\logging.properties
01-Jan-2026 14:26:37.933 INFO [main] org.apache.catalina.startup.VersionLoggerListener.log Command line argument: -Djava.util.logging.manager=org.apache.juli.ClassLoaderLogManager
01-Jan-2026 14:26:37.933 INFO [main] org.apache.catalina.startup.VersionLoggerListener.log Command line argument: -Djdk.tls.ephemeralDHKeySize=2048
01-Jan-2026 14:26:37.933 INFO [main] org.apache.catalina.startup.VersionLoggerListener.log Command line argument: -Djava.protocol.handler.pkgs=org.apache.catalina.webresources
01-Jan-2026 14:26:37.933 INFO [main] org.apache.catalina.startup.VersionLoggerListener.log Command line argument: -Dsun.io.useCanonCaches=false
01-Jan-2026 14:26:37.933 INFO [main] org.apache.catalina.startup.VersionLoggerListener.log Command line argument: -Dignore.endorsed.dirs=
01-Jan-2026 14:26:37.933 INFO [main] org.apache.catalina.startup.VersionLoggerListener.log Command line argument: -Dcatalina.base=C:\apache-tomcat
01-Jan-2026 14:26:37.933 INFO [main] org.apache.catalina.startup.VersionLoggerListener.log Command line argument: -Dcatalina.home=C:\apache-tomcat
01-Jan-2026 14:26:37.933 INFO [main] org.apache.catalina.startup.VersionLoggerListener.log Command line argument: -Djava.io.tmpdir=C:\apache-tomcat\temp
01-Jan-2026 14:26:37.944 INFO [main] org.apache.catalina.core.AprLifecycleListener.lifecycleEvent Loaded Apache Tomcat Native library [1.3.1] using APR version [1.7.4].
01-Jan-2026 14:26:37.944 INFO [main] org.apache.catalina.core.AprLifecycleListener.lifecycleEvent APR capabilities: IPv6 [true], sendfile [true], accept filters [false], random [true], UDS [true].
01-Jan-2026 14:26:37.944 INFO [main] org.apache.catalina.core.AprLifecycleListener.lifecycleEvent APR/OpenSSL configuration: useAprConnector [false], useOpenSSL [true]
01-Jan-2026 14:26:37.949 INFO [main] org.apache.catalina.core.AprLifecycleListener.initializeSSL OpenSSL successfully initialized [OpenSSL 3.0.14 4 Jun 2024]
01-Jan-2026 14:26:38.209 INFO [main] org.apache.coyote.AbstractProtocol.init Initializing ProtocolHandler ["http-nio-8080"]
01-Jan-2026 14:26:38.238 INFO [main] org.apache.catalina.startup.Catalina.load Server initialization in [480] milliseconds
01-Jan-2026 14:26:38.260 INFO [main] org.apache.catalina.core.StandardService.startInternal Starting service [Catalina]
01-Jan-2026 14:26:38.260 INFO [main] org.apache.catalina.core.StandardEngine.startInternal Starting Servlet engine: [Apache Tomcat/9.0.113]
01-Jan-2026 14:26:38.283 INFO [main] org.apache.catalina.startup.HostConfig.deployWAR Deploying web application archive [C:\apache-tomcat\webapps\onlinebookstore.war]
01-Jan-2026 14:26:38.926 INFO [main] org.apache.jasper.servlet.TldScanner.scanJars At least one JAR was scanned for TLDs yet contained no TLDs. Enable debug logging for this logger for a complete list of JARs that were scanned but no TLDs were found in them. Skipping unneeded JARs during scanning can improve startup time and JSP compilation time.
01-Jan-2026 14:26:39.086 WARNING [main] org.apache.catalina.util.SessionIdGeneratorBase.createSecureRandom Creation of SecureRandom instance for session ID generation using [SHA1PRNG] took [132] milliseconds.
01-Jan-2026 14:26:39.118 INFO [main] org.apache.catalina.startup.HostConfig.deployWAR Deployment of web application archive [C:\apache-tomcat\webapps\onlinebookstore.war] has finished in [835] ms
01-Jan-2026 14:26:39.118 INFO [main] org.apache.catalina.startup.HostConfig.deployDirectory Deploying web application directory [C:\apache-tomcat\webapps\docs]
01-Jan-2026 14:26:39.156 INFO [main] org.apache.catalina.startup.HostConfig.deployDirectory Deployment of web application directory [C:\apache-tomcat\webapps\docs] has finished in [38] ms
01-Jan-2026 14:26:39.156 INFO [main] org.apache.catalina.startup.HostConfig.deployDirectory Deploying web application directory [C:\apache-tomcat\webapps\examples]
01-Jan-2026 14:26:39.508 INFO [main] org.apache.catalina.startup.HostConfig.deployDirectory Deployment of web application directory [C:\apache-tomcat\webapps\examples] has finished in [352] ms
01-Jan-2026 14:26:39.508 INFO [main] org.apache.catalina.startup.HostConfig.deployDirectory Deploying web application directory [C:\apache-tomcat\webapps\host-manager]
01-Jan-2026 14:26:39.545 INFO [main] org.apache.catalina.startup.HostConfig.deployDirectory Deployment of web application directory [C:\apache-tomcat\webapps\host-manager] has finished in [37] ms
01-Jan-2026 14:26:39.545 INFO [main] org.apache.catalina.startup.HostConfig.deployDirectory Deploying web application directory [C:\apache-tomcat\webapps\manager]
01-Jan-2026 14:26:39.566 INFO [main] org.apache.catalina.startup.HostConfig.deployDirectory Deployment of web application directory [C:\apache-tomcat\webapps\manager] has finished in [21] ms
01-Jan-2026 14:26:39.572 INFO [main] org.apache.catalina.startup.HostConfig.deployDirectory Deploying web application directory [C:\apache-tomcat\webapps\ROOT]
01-Jan-2026 14:26:39.590 INFO [main] org.apache.catalina.startup.HostConfig.deployDirectory Deployment of web application directory [C:\apache-tomcat\webapps\ROOT] has finished in [18] ms
01-Jan-2026 14:26:39.593 INFO [main] org.apache.coyote.AbstractProtocol.start Starting ProtocolHandler ["http-nio-8080"]
01-Jan-2026 14:26:39.610 INFO [main] org.apache.catalina.startup.Catalina.start Server startup in [1371] milliseconds
01-Jan-2026 14:30:09.907 INFO [Thread-2] org.apache.coyote.AbstractProtocol.pause Pausing ProtocolHandler ["http-nio-8080"]
01-Jan-2026 14:30:10.064 INFO [Thread-2] org.apache.catalina.core.StandardService.stopInternal Stopping service [Catalina]
01-Jan-2026 14:30:10.081 WARNING [Thread-2] org.apache.catalina.loader.WebappClassLoaderBase.clearReferencesJdbc The web application [onlinebookstore] registered the JDBC driver [com.mysql.cj.jdbc.Driver] but failed to unregister it when the web application was stopped. To prevent a memory leak, the JDBC Driver has been forcibly unregistered.
01-Jan-2026 14:30:10.084 WARNING [Thread-2] org.apache.catalina.loader.WebappClassLoaderBase.clearReferencesThreads The web application [onlinebookstore] appears to have started a thread named [mysql-cj-abandoned-connection-cleanup] but has failed to stop it. This is very likely to create a memory leak. Stack trace of thread:
 java.lang.Object.wait(Native Method)
 java.lang.ref.ReferenceQueue.remove(ReferenceQueue.java:144)
 com.mysql.cj.jdbc.AbandonedConnectionCleanupThread.run(AbandonedConnectionCleanupThread.java:91)
 java.util.concurrent.ThreadPoolExecutor.runWorker(ThreadPoolExecutor.java:1149)
 java.util.concurrent.ThreadPoolExecutor$Worker.run(ThreadPoolExecutor.java:624)
 java.lang.Thread.run(Thread.java:748)
01-Jan-2026 14:30:10.108 INFO [Thread-2] org.apache.coyote.AbstractProtocol.stop Stopping ProtocolHandler ["http-nio-8080"]
01-Jan-2026 14:30:10.113 INFO [Thread-2] org.apache.coyote.AbstractProtocol.destroy Destroying ProtocolHandler ["http-nio-8080"]
01-Jan-2026 14:30:16.804 INFO [main] org.apache.catalina.startup.VersionLoggerListener.log Server version name:   Apache Tomcat/9.0.113
01-Jan-2026 14:30:16.811 INFO [main] org.apache.catalina.startup.VersionLoggerListener.log Server built:          Dec 2 2025 19:51:24 UTC
01-Jan-2026 14:30:16.811 INFO [main] org.apache.catalina.startup.VersionLoggerListener.log Server version number: 9.0.113.0
01-Jan-2026 14:30:16.811 INFO [main] org.apache.catalina.startup.VersionLoggerListener.log OS Name:               Windows 10
01-Jan-2026 14:30:16.811 INFO [main] org.apache.catalina.startup.VersionLoggerListener.log OS Version:            10.0
01-Jan-2026 14:30:16.811 INFO [main] org.apache.catalina.startup.VersionLoggerListener.log Architecture:          amd64
01-Jan-2026 14:30:16.811 INFO [main] org.apache.catalina.startup.VersionLoggerListener.log Java Home:             C:\Program Files\Java\jdk1.8.0_202\jre
01-Jan-2026 14:30:16.811 INFO [main] org.apache.catalina.startup.VersionLoggerListener.log JVM Version:           1.8.0_202-b08
01-Jan-2026 14:30:16.813 INFO [main] org.apache.catalina.startup.VersionLoggerListener.log JVM Vendor:            Oracle Corporation
01-Jan-2026 14:30:16.813 INFO [main] org.apache.catalina.startup.VersionLoggerListener.log CATALINA_BASE:         C:\apache-tomcat
01-Jan-2026 14:30:16.813 INFO [main] org.apache.catalina.startup.VersionLoggerListener.log CATALINA_HOME:         C:\apache-tomcat
01-Jan-2026 14:30:16.813 INFO [main] org.apache.catalina.startup.VersionLoggerListener.log Command line argument: -Djava.util.logging.config.file=C:\apache-tomcat\conf\logging.properties
01-Jan-2026 14:30:16.813 INFO [main] org.apache.catalina.startup.VersionLoggerListener.log Command line argument: -Djava.util.logging.manager=org.apache.juli.ClassLoaderLogManager
01-Jan-2026 14:30:16.813 INFO [main] org.apache.catalina.startup.VersionLoggerListener.log Command line argument: -Djdk.tls.ephemeralDHKeySize=2048
01-Jan-2026 14:30:16.813 INFO [main] org.apache.catalina.startup.VersionLoggerListener.log Command line argument: -Djava.protocol.handler.pkgs=org.apache.catalina.webresources
01-Jan-2026 14:30:16.813 INFO [main] org.apache.catalina.startup.VersionLoggerListener.log Command line argument: -Dsun.io.useCanonCaches=false
01-Jan-2026 14:30:16.813 INFO [main] org.apache.catalina.startup.VersionLoggerListener.log Command line argument: -Dignore.endorsed.dirs=
01-Jan-2026 14:30:16.813 INFO [main] org.apache.catalina.startup.VersionLoggerListener.log Command line argument: -Dcatalina.base=C:\apache-tomcat
01-Jan-2026 14:30:16.813 INFO [main] org.apache.catalina.startup.VersionLoggerListener.log Command line argument: -Dcatalina.home=C:\apache-tomcat
01-Jan-2026 14:30:16.813 INFO [main] org.apache.catalina.startup.VersionLoggerListener.log Command line argument: -Djava.io.tmpdir=C:\apache-tomcat\temp
01-Jan-2026 14:30:16.816 INFO [main] org.apache.catalina.core.AprLifecycleListener.lifecycleEvent Loaded Apache Tomcat Native library [1.3.1] using APR version [1.7.4].
01-Jan-2026 14:30:16.816 INFO [main] org.apache.catalina.core.AprLifecycleListener.lifecycleEvent APR capabilities: IPv6 [true], sendfile [true], accept filters [false], random [true], UDS [true].
01-Jan-2026 14:30:16.820 INFO [main] org.apache.catalina.core.AprLifecycleListener.lifecycleEvent APR/OpenSSL configuration: useAprConnector [false], useOpenSSL [true]
01-Jan-2026 14:30:16.820 INFO [main] org.apache.catalina.core.AprLifecycleListener.initializeSSL OpenSSL successfully initialized [OpenSSL 3.0.14 4 Jun 2024]
01-Jan-2026 14:30:17.126 INFO [main] org.apache.coyote.AbstractProtocol.init Initializing ProtocolHandler ["http-nio-8080"]
01-Jan-2026 14:30:17.152 INFO [main] org.apache.catalina.startup.Catalina.load Server initialization in [523] milliseconds
01-Jan-2026 14:30:17.175 INFO [main] org.apache.catalina.core.StandardService.startInternal Starting service [Catalina]
01-Jan-2026 14:30:17.175 INFO [main] org.apache.catalina.core.StandardEngine.startInternal Starting Servlet engine: [Apache Tomcat/9.0.113]
01-Jan-2026 14:30:17.195 INFO [main] org.apache.catalina.startup.HostConfig.deployWAR Deploying web application archive [C:\apache-tomcat\webapps\onlinebookstore.war]
01-Jan-2026 14:30:17.902 INFO [main] org.apache.jasper.servlet.TldScanner.scanJars At least one JAR was scanned for TLDs yet contained no TLDs. Enable debug logging for this logger for a complete list of JARs that were scanned but no TLDs were found in them. Skipping unneeded JARs during scanning can improve startup time and JSP compilation time.
01-Jan-2026 14:30:18.055 WARNING [main] org.apache.catalina.util.SessionIdGeneratorBase.createSecureRandom Creation of SecureRandom instance for session ID generation using [SHA1PRNG] took [141] milliseconds.
01-Jan-2026 14:30:18.079 INFO [main] org.apache.catalina.startup.HostConfig.deployWAR Deployment of web application archive [C:\apache-tomcat\webapps\onlinebookstore.war] has finished in [884] ms
01-Jan-2026 14:30:18.079 INFO [main] org.apache.catalina.startup.HostConfig.deployDirectory Deploying web application directory [C:\apache-tomcat\webapps\docs]
01-Jan-2026 14:30:18.120 INFO [main] org.apache.catalina.startup.HostConfig.deployDirectory Deployment of web application directory [C:\apache-tomcat\webapps\docs] has finished in [41] ms
01-Jan-2026 14:30:18.120 INFO [main] org.apache.catalina.startup.HostConfig.deployDirectory Deploying web application directory [C:\apache-tomcat\webapps\examples]
01-Jan-2026 14:30:18.395 INFO [main] org.apache.catalina.startup.HostConfig.deployDirectory Deployment of web application directory [C:\apache-tomcat\webapps\examples] has finished in [275] ms
01-Jan-2026 14:30:18.415 INFO [main] org.apache.catalina.startup.HostConfig.deployDirectory Deploying web application directory [C:\apache-tomcat\webapps\host-manager]
01-Jan-2026 14:30:18.444 INFO [main] org.apache.catalina.startup.HostConfig.deployDirectory Deployment of web application directory [C:\apache-tomcat\webapps\host-manager] has finished in [29] ms
01-Jan-2026 14:30:18.444 INFO [main] org.apache.catalina.startup.HostConfig.deployDirectory Deploying web application directory [C:\apache-tomcat\webapps\manager]
01-Jan-2026 14:30:18.466 INFO [main] org.apache.catalina.startup.HostConfig.deployDirectory Deployment of web application directory [C:\apache-tomcat\webapps\manager] has finished in [22] ms
01-Jan-2026 14:30:18.466 INFO [main] org.apache.catalina.startup.HostConfig.deployDirectory Deploying web application directory [C:\apache-tomcat\webapps\ROOT]
01-Jan-2026 14:30:18.484 INFO [main] org.apache.catalina.startup.HostConfig.deployDirectory Deployment of web application directory [C:\apache-tomcat\webapps\ROOT] has finished in [18] ms
01-Jan-2026 14:30:18.484 INFO [main] org.apache.coyote.AbstractProtocol.start Starting ProtocolHandler ["http-nio-8080"]
01-Jan-2026 14:30:18.499 INFO [main] org.apache.catalina.startup.Catalina.start Server startup in [1352] milliseconds
01-Jan-2026 14:30:26.487 INFO [Thread-2] org.apache.coyote.AbstractProtocol.pause Pausing ProtocolHandler ["http-nio-8080"]
01-Jan-2026 14:30:26.668 INFO [Thread-2] org.apache.catalina.core.StandardService.stopInternal Stopping service [Catalina]
01-Jan-2026 14:30:26.692 INFO [Thread-2] org.apache.coyote.AbstractProtocol.stop Stopping ProtocolHandler ["http-nio-8080"]
01-Jan-2026 14:30:26.712 INFO [Thread-2] org.apache.coyote.AbstractProtocol.destroy Destroying ProtocolHandler ["http-nio-8080"]
01-Jan-2026 14:30:41.350 INFO [main] org.apache.catalina.startup.VersionLoggerListener.log Server version name:   Apache Tomcat/9.0.113
01-Jan-2026 14:30:41.350 INFO [main] org.apache.catalina.startup.VersionLoggerListener.log Server built:          Dec 2 2025 19:51:24 UTC
01-Jan-2026 14:30:41.350 INFO [main] org.apache.catalina.startup.VersionLoggerListener.log Server version number: 9.0.113.0
01-Jan-2026 14:30:41.350 INFO [main] org.apache.catalina.startup.VersionLoggerListener.log OS Name:               Windows 10
01-Jan-2026 14:30:41.350 INFO [main] org.apache.catalina.startup.VersionLoggerListener.log OS Version:            10.0
01-Jan-2026 14:30:41.350 INFO [main] org.apache.catalina.startup.VersionLoggerListener.log Architecture:          amd64
01-Jan-2026 14:30:41.350 INFO [main] org.apache.catalina.startup.VersionLoggerListener.log Java Home:             C:\Program Files\Java\jdk1.8.0_202\jre
01-Jan-2026 14:30:41.350 INFO [main] org.apache.catalina.startup.VersionLoggerListener.log JVM Version:           1.8.0_202-b08
01-Jan-2026 14:30:41.350 INFO [main] org.apache.catalina.startup.VersionLoggerListener.log JVM Vendor:            Oracle Corporation
01-Jan-2026 14:30:41.350 INFO [main] org.apache.catalina.startup.VersionLoggerListener.log CATALINA_BASE:         C:\apache-tomcat
01-Jan-2026 14:30:41.350 INFO [main] org.apache.catalina.startup.VersionLoggerListener.log CATALINA_HOME:         C:\apache-tomcat
01-Jan-2026 14:30:41.358 INFO [main] org.apache.catalina.startup.VersionLoggerListener.log Command line argument: -Djava.util.logging.config.file=C:\apache-tomcat\conf\logging.properties
01-Jan-2026 14:30:41.358 INFO [main] org.apache.catalina.startup.VersionLoggerListener.log Command line argument: -Djava.util.logging.manager=org.apache.juli.ClassLoaderLogManager
01-Jan-2026 14:30:41.358 INFO [main] org.apache.catalina.startup.VersionLoggerListener.log Command line argument: -Djdk.tls.ephemeralDHKeySize=2048
01-Jan-2026 14:30:41.358 INFO [main] org.apache.catalina.startup.VersionLoggerListener.log Command line argument: -Djava.protocol.handler.pkgs=org.apache.catalina.webresources
01-Jan-2026 14:30:41.358 INFO [main] org.apache.catalina.startup.VersionLoggerListener.log Command line argument: -Dsun.io.useCanonCaches=false
01-Jan-2026 14:30:41.358 INFO [main] org.apache.catalina.startup.VersionLoggerListener.log Command line argument: -Dignore.endorsed.dirs=
01-Jan-2026 14:30:41.358 INFO [main] org.apache.catalina.startup.VersionLoggerListener.log Command line argument: -Dcatalina.base=C:\apache-tomcat
01-Jan-2026 14:30:41.358 INFO [main] org.apache.catalina.startup.VersionLoggerListener.log Command line argument: -Dcatalina.home=C:\apache-tomcat
01-Jan-2026 14:30:41.358 INFO [main] org.apache.catalina.startup.VersionLoggerListener.log Command line argument: -Djava.io.tmpdir=C:\apache-tomcat\temp
01-Jan-2026 14:30:41.358 INFO [main] org.apache.catalina.core.AprLifecycleListener.lifecycleEvent Loaded Apache Tomcat Native library [1.3.1] using APR version [1.7.4].
01-Jan-2026 14:30:41.358 INFO [main] org.apache.catalina.core.AprLifecycleListener.lifecycleEvent APR capabilities: IPv6 [true], sendfile [true], accept filters [false], random [true], UDS [true].
01-Jan-2026 14:30:41.358 INFO [main] org.apache.catalina.core.AprLifecycleListener.lifecycleEvent APR/OpenSSL configuration: useAprConnector [false], useOpenSSL [true]
01-Jan-2026 14:30:41.368 INFO [main] org.apache.catalina.core.AprLifecycleListener.initializeSSL OpenSSL successfully initialized [OpenSSL 3.0.14 4 Jun 2024]
01-Jan-2026 14:30:41.679 INFO [main] org.apache.coyote.AbstractProtocol.init Initializing ProtocolHandler ["http-nio-8080"]
01-Jan-2026 14:30:41.704 INFO [main] org.apache.catalina.startup.Catalina.load Server initialization in [533] milliseconds
01-Jan-2026 14:30:41.731 INFO [main] org.apache.catalina.core.StandardService.startInternal Starting service [Catalina]
01-Jan-2026 14:30:41.731 INFO [main] org.apache.catalina.core.StandardEngine.startInternal Starting Servlet engine: [Apache Tomcat/9.0.113]
01-Jan-2026 14:30:41.745 INFO [main] org.apache.catalina.startup.HostConfig.deployWAR Deploying web application archive [C:\apache-tomcat\webapps\onlinebookstore.war]
01-Jan-2026 14:30:42.444 INFO [main] org.apache.jasper.servlet.TldScanner.scanJars At least one JAR was scanned for TLDs yet contained no TLDs. Enable debug logging for this logger for a complete list of JARs that were scanned but no TLDs were found in them. Skipping unneeded JARs during scanning can improve startup time and JSP compilation time.
01-Jan-2026 14:30:42.622 WARNING [main] org.apache.catalina.util.SessionIdGeneratorBase.createSecureRandom Creation of SecureRandom instance for session ID generation using [SHA1PRNG] took [139] milliseconds.
01-Jan-2026 14:30:42.636 INFO [main] org.apache.catalina.startup.HostConfig.deployWAR Deployment of web application archive [C:\apache-tomcat\webapps\onlinebookstore.war] has finished in [891] ms
01-Jan-2026 14:30:42.636 INFO [main] org.apache.catalina.startup.HostConfig.deployDirectory Deploying web application directory [C:\apache-tomcat\webapps\docs]
01-Jan-2026 14:30:42.669 INFO [main] org.apache.catalina.startup.HostConfig.deployDirectory Deployment of web application directory [C:\apache-tomcat\webapps\docs] has finished in [33] ms
01-Jan-2026 14:30:42.670 INFO [main] org.apache.catalina.startup.HostConfig.deployDirectory Deploying web application directory [C:\apache-tomcat\webapps\examples]
01-Jan-2026 14:30:42.935 INFO [main] org.apache.catalina.startup.HostConfig.deployDirectory Deployment of web application directory [C:\apache-tomcat\webapps\examples] has finished in [265] ms
01-Jan-2026 14:30:42.935 INFO [main] org.apache.catalina.startup.HostConfig.deployDirectory Deploying web application directory [C:\apache-tomcat\webapps\host-manager]
01-Jan-2026 14:30:42.962 INFO [main] org.apache.catalina.startup.HostConfig.deployDirectory Deployment of web application directory [C:\apache-tomcat\webapps\host-manager] has finished in [27] ms
01-Jan-2026 14:30:42.962 INFO [main] org.apache.catalina.startup.HostConfig.deployDirectory Deploying web application directory [C:\apache-tomcat\webapps\manager]
01-Jan-2026 14:30:42.994 INFO [main] org.apache.catalina.startup.HostConfig.deployDirectory Deployment of web application directory [C:\apache-tomcat\webapps\manager] has finished in [32] ms
01-Jan-2026 14:30:42.994 INFO [main] org.apache.catalina.startup.HostConfig.deployDirectory Deploying web application directory [C:\apache-tomcat\webapps\ROOT]
01-Jan-2026 14:30:43.017 INFO [main] org.apache.catalina.startup.HostConfig.deployDirectory Deployment of web application directory [C:\apache-tomcat\webapps\ROOT] has finished in [23] ms
01-Jan-2026 14:30:43.017 INFO [main] org.apache.coyote.AbstractProtocol.start Starting ProtocolHandler ["http-nio-8080"]
01-Jan-2026 14:30:43.035 INFO [main] org.apache.catalina.startup.Catalina.start Server startup in [1330] milliseconds
01-Jan-2026 14:30:59.268 INFO [Thread-2] org.apache.coyote.AbstractProtocol.pause Pausing ProtocolHandler ["http-nio-8080"]
01-Jan-2026 14:30:59.417 INFO [Thread-2] org.apache.catalina.core.StandardService.stopInternal Stopping service [Catalina]
01-Jan-2026 14:30:59.443 INFO [Thread-2] org.apache.coyote.AbstractProtocol.stop Stopping ProtocolHandler ["http-nio-8080"]
01-Jan-2026 14:30:59.450 INFO [Thread-2] org.apache.coyote.AbstractProtocol.destroy Destroying ProtocolHandler ["http-nio-8080"]
01-Jan-2026 14:32:31.737 INFO [main] org.apache.catalina.startup.VersionLoggerListener.log Server version name:   Apache Tomcat/9.0.113
01-Jan-2026 14:32:31.741 INFO [main] org.apache.catalina.startup.VersionLoggerListener.log Server built:          Dec 2 2025 19:51:24 UTC
01-Jan-2026 14:32:31.741 INFO [main] org.apache.catalina.startup.VersionLoggerListener.log Server version number: 9.0.113.0
01-Jan-2026 14:32:31.741 INFO [main] org.apache.catalina.startup.VersionLoggerListener.log OS Name:               Windows 10
01-Jan-2026 14:32:31.741 INFO [main] org.apache.catalina.startup.VersionLoggerListener.log OS Version:            10.0
01-Jan-2026 14:32:31.743 INFO [main] org.apache.catalina.startup.VersionLoggerListener.log Architecture:          amd64
01-Jan-2026 14:32:31.743 INFO [main] org.apache.catalina.startup.VersionLoggerListener.log Java Home:             C:\Program Files\Java\jdk1.8.0_202\jre
01-Jan-2026 14:32:31.743 INFO [main] org.apache.catalina.startup.VersionLoggerListener.log JVM Version:           1.8.0_202-b08
01-Jan-2026 14:32:31.743 INFO [main] org.apache.catalina.startup.VersionLoggerListener.log JVM Vendor:            Oracle Corporation
01-Jan-2026 14:32:31.743 INFO [main] org.apache.catalina.startup.VersionLoggerListener.log CATALINA_BASE:         C:\apache-tomcat
01-Jan-2026 14:32:31.743 INFO [main] org.apache.catalina.startup.VersionLoggerListener.log CATALINA_HOME:         C:\apache-tomcat
01-Jan-2026 14:32:31.744 INFO [main] org.apache.catalina.startup.VersionLoggerListener.log Command line argument: -Djava.util.logging.config.file=C:\apache-tomcat\conf\logging.properties
01-Jan-2026 14:32:31.744 INFO [main] org.apache.catalina.startup.VersionLoggerListener.log Command line argument: -Djava.util.logging.manager=org.apache.juli.ClassLoaderLogManager
01-Jan-2026 14:32:31.744 INFO [main] org.apache.catalina.startup.VersionLoggerListener.log Command line argument: -Djdk.tls.ephemeralDHKeySize=2048
01-Jan-2026 14:32:31.746 INFO [main] org.apache.catalina.startup.VersionLoggerListener.log Command line argument: -Djava.protocol.handler.pkgs=org.apache.catalina.webresources
01-Jan-2026 14:32:31.746 INFO [main] org.apache.catalina.startup.VersionLoggerListener.log Command line argument: -Dsun.io.useCanonCaches=false
01-Jan-2026 14:32:31.746 INFO [main] org.apache.catalina.startup.VersionLoggerListener.log Command line argument: -Dignore.endorsed.dirs=
01-Jan-2026 14:32:31.746 INFO [main] org.apache.catalina.startup.VersionLoggerListener.log Command line argument: -Dcatalina.base=C:\apache-tomcat
01-Jan-2026 14:32:31.746 INFO [main] org.apache.catalina.startup.VersionLoggerListener.log Command line argument: -Dcatalina.home=C:\apache-tomcat
01-Jan-2026 14:32:31.746 INFO [main] org.apache.catalina.startup.VersionLoggerListener.log Command line argument: -Djava.io.tmpdir=C:\apache-tomcat\temp
01-Jan-2026 14:32:31.746 INFO [main] org.apache.catalina.core.AprLifecycleListener.lifecycleEvent Loaded Apache Tomcat Native library [1.3.1] using APR version [1.7.4].
01-Jan-2026 14:32:31.746 INFO [main] org.apache.catalina.core.AprLifecycleListener.lifecycleEvent APR capabilities: IPv6 [true], sendfile [true], accept filters [false], random [true], UDS [true].
01-Jan-2026 14:32:31.746 INFO [main] org.apache.catalina.core.AprLifecycleListener.lifecycleEvent APR/OpenSSL configuration: useAprConnector [false], useOpenSSL [true]
01-Jan-2026 14:32:31.757 INFO [main] org.apache.catalina.core.AprLifecycleListener.initializeSSL OpenSSL successfully initialized [OpenSSL 3.0.14 4 Jun 2024]
01-Jan-2026 14:32:32.050 INFO [main] org.apache.coyote.AbstractProtocol.init Initializing ProtocolHandler ["http-nio-8080"]
01-Jan-2026 14:32:32.063 INFO [main] org.apache.catalina.startup.Catalina.load Server initialization in [499] milliseconds
01-Jan-2026 14:32:32.088 INFO [main] org.apache.catalina.core.StandardService.startInternal Starting service [Catalina]
01-Jan-2026 14:32:32.088 INFO [main] org.apache.catalina.core.StandardEngine.startInternal Starting Servlet engine: [Apache Tomcat/9.0.113]
01-Jan-2026 14:32:32.094 INFO [main] org.apache.catalina.startup.HostConfig.deployWAR Deploying web application archive [C:\apache-tomcat\webapps\onlinebookstore.war]
01-Jan-2026 14:32:32.853 INFO [main] org.apache.jasper.servlet.TldScanner.scanJars At least one JAR was scanned for TLDs yet contained no TLDs. Enable debug logging for this logger for a complete list of JARs that were scanned but no TLDs were found in them. Skipping unneeded JARs during scanning can improve startup time and JSP compilation time.
01-Jan-2026 14:32:33.027 WARNING [main] org.apache.catalina.util.SessionIdGeneratorBase.createSecureRandom Creation of SecureRandom instance for session ID generation using [SHA1PRNG] took [149] milliseconds.
01-Jan-2026 14:32:33.040 INFO [main] org.apache.catalina.startup.HostConfig.deployWAR Deployment of web application archive [C:\apache-tomcat\webapps\onlinebookstore.war] has finished in [946] ms
01-Jan-2026 14:32:33.047 INFO [main] org.apache.catalina.startup.HostConfig.deployDirectory Deploying web application directory [C:\apache-tomcat\webapps\docs]
01-Jan-2026 14:32:33.069 INFO [main] org.apache.catalina.startup.HostConfig.deployDirectory Deployment of web application directory [C:\apache-tomcat\webapps\docs] has finished in [22] ms
01-Jan-2026 14:32:33.069 INFO [main] org.apache.catalina.startup.HostConfig.deployDirectory Deploying web application directory [C:\apache-tomcat\webapps\examples]
01-Jan-2026 14:32:33.350 INFO [main] org.apache.catalina.startup.HostConfig.deployDirectory Deployment of web application directory [C:\apache-tomcat\webapps\examples] has finished in [281] ms
01-Jan-2026 14:32:33.350 INFO [main] org.apache.catalina.startup.HostConfig.deployDirectory Deploying web application directory [C:\apache-tomcat\webapps\host-manager]
01-Jan-2026 14:32:33.383 INFO [main] org.apache.catalina.startup.HostConfig.deployDirectory Deployment of web application directory [C:\apache-tomcat\webapps\host-manager] has finished in [33] ms
01-Jan-2026 14:32:33.383 INFO [main] org.apache.catalina.startup.HostConfig.deployDirectory Deploying web application directory [C:\apache-tomcat\webapps\manager]
01-Jan-2026 14:32:33.410 INFO [main] org.apache.catalina.startup.HostConfig.deployDirectory Deployment of web application directory [C:\apache-tomcat\webapps\manager] has finished in [27] ms
01-Jan-2026 14:32:33.410 INFO [main] org.apache.catalina.startup.HostConfig.deployDirectory Deploying web application directory [C:\apache-tomcat\webapps\ROOT]
01-Jan-2026 14:32:33.429 INFO [main] org.apache.catalina.startup.HostConfig.deployDirectory Deployment of web application directory [C:\apache-tomcat\webapps\ROOT] has finished in [16] ms
01-Jan-2026 14:32:33.432 INFO [main] org.apache.coyote.AbstractProtocol.start Starting ProtocolHandler ["http-nio-8080"]
01-Jan-2026 14:32:33.446 INFO [main] org.apache.catalina.startup.Catalina.start Server startup in [1382] milliseconds
01-Jan-2026 14:53:58.027 INFO [main] org.apache.catalina.startup.VersionLoggerListener.log Server version name:   Apache Tomcat/9.0.113
01-Jan-2026 14:53:58.042 INFO [main] org.apache.catalina.startup.VersionLoggerListener.log Server built:          Dec 2 2025 19:51:24 UTC
01-Jan-2026 14:53:58.042 INFO [main] org.apache.catalina.startup.VersionLoggerListener.log Server version number: 9.0.113.0
01-Jan-2026 14:53:58.042 INFO [main] org.apache.catalina.startup.VersionLoggerListener.log OS Name:               Windows 10
01-Jan-2026 14:53:58.042 INFO [main] org.apache.catalina.startup.VersionLoggerListener.log OS Version:            10.0
01-Jan-2026 14:53:58.042 INFO [main] org.apache.catalina.startup.VersionLoggerListener.log Architecture:          amd64
01-Jan-2026 14:53:58.042 INFO [main] org.apache.catalina.startup.VersionLoggerListener.log Java Home:             C:\Program Files\Java\jdk1.8.0_202\jre
01-Jan-2026 14:53:58.042 INFO [main] org.apache.catalina.startup.VersionLoggerListener.log JVM Version:           1.8.0_202-b08
01-Jan-2026 14:53:58.042 INFO [main] org.apache.catalina.startup.VersionLoggerListener.log JVM Vendor:            Oracle Corporation
01-Jan-2026 14:53:58.042 INFO [main] org.apache.catalina.startup.VersionLoggerListener.log CATALINA_BASE:         C:\apache-tomcat
01-Jan-2026 14:53:58.042 INFO [main] org.apache.catalina.startup.VersionLoggerListener.log CATALINA_HOME:         C:\apache-tomcat
01-Jan-2026 14:53:58.042 INFO [main] org.apache.catalina.startup.VersionLoggerListener.log Command line argument: -Djava.util.logging.config.file=C:\apache-tomcat\conf\logging.properties
01-Jan-2026 14:53:58.042 INFO [main] org.apache.catalina.startup.VersionLoggerListener.log Command line argument: -Djava.util.logging.manager=org.apache.juli.ClassLoaderLogManager
01-Jan-2026 14:53:58.042 INFO [main] org.apache.catalina.startup.VersionLoggerListener.log Command line argument: -Djdk.tls.ephemeralDHKeySize=2048
01-Jan-2026 14:53:58.042 INFO [main] org.apache.catalina.startup.VersionLoggerListener.log Command line argument: -Djava.protocol.handler.pkgs=org.apache.catalina.webresources
01-Jan-2026 14:53:58.042 INFO [main] org.apache.catalina.startup.VersionLoggerListener.log Command line argument: -Dsun.io.useCanonCaches=false
01-Jan-2026 14:53:58.042 INFO [main] org.apache.catalina.startup.VersionLoggerListener.log Command line argument: -Dignore.endorsed.dirs=
01-Jan-2026 14:53:58.042 INFO [main] org.apache.catalina.startup.VersionLoggerListener.log Command line argument: -Dcatalina.base=C:\apache-tomcat
01-Jan-2026 14:53:58.042 INFO [main] org.apache.catalina.startup.VersionLoggerListener.log Command line argument: -Dcatalina.home=C:\apache-tomcat
01-Jan-2026 14:53:58.042 INFO [main] org.apache.catalina.startup.VersionLoggerListener.log Command line argument: -Djava.io.tmpdir=C:\apache-tomcat\temp
01-Jan-2026 14:53:58.042 INFO [main] org.apache.catalina.core.AprLifecycleListener.lifecycleEvent Loaded Apache Tomcat Native library [1.3.1] using APR version [1.7.4].
01-Jan-2026 14:53:58.042 INFO [main] org.apache.catalina.core.AprLifecycleListener.lifecycleEvent APR capabilities: IPv6 [true], sendfile [true], accept filters [false], random [true], UDS [true].
01-Jan-2026 14:53:58.042 INFO [main] org.apache.catalina.core.AprLifecycleListener.lifecycleEvent APR/OpenSSL configuration: useAprConnector [false], useOpenSSL [true]
01-Jan-2026 14:53:58.074 INFO [main] org.apache.catalina.core.AprLifecycleListener.initializeSSL OpenSSL successfully initialized [OpenSSL 3.0.14 4 Jun 2024]
01-Jan-2026 14:53:58.437 INFO [main] org.apache.coyote.AbstractProtocol.init Initializing ProtocolHandler ["http-nio-8080"]
01-Jan-2026 14:53:58.471 INFO [main] org.apache.catalina.startup.Catalina.load Server initialization in [684] milliseconds
01-Jan-2026 14:53:58.500 INFO [main] org.apache.catalina.core.StandardService.startInternal Starting service [Catalina]
01-Jan-2026 14:53:58.500 INFO [main] org.apache.catalina.core.StandardEngine.startInternal Starting Servlet engine: [Apache Tomcat/9.0.113]
01-Jan-2026 14:53:58.526 INFO [main] org.apache.catalina.startup.HostConfig.deployWAR Deploying web application archive [C:\apache-tomcat\webapps\onlinebookstore.war]
01-Jan-2026 14:53:59.290 INFO [main] org.apache.jasper.servlet.TldScanner.scanJars At least one JAR was scanned for TLDs yet contained no TLDs. Enable debug logging for this logger for a complete list of JARs that were scanned but no TLDs were found in them. Skipping unneeded JARs during scanning can improve startup time and JSP compilation time.
01-Jan-2026 14:53:59.433 WARNING [main] org.apache.catalina.util.SessionIdGeneratorBase.createSecureRandom Creation of SecureRandom instance for session ID generation using [SHA1PRNG] took [125] milliseconds.
01-Jan-2026 14:53:59.462 INFO [main] org.apache.catalina.startup.HostConfig.deployWAR Deployment of web application archive [C:\apache-tomcat\webapps\onlinebookstore.war] has finished in [936] ms
01-Jan-2026 14:53:59.473 INFO [main] org.apache.catalina.startup.HostConfig.deployDirectory Deploying web application directory [C:\apache-tomcat\webapps\docs]
01-Jan-2026 14:53:59.508 INFO [main] org.apache.catalina.startup.HostConfig.deployDirectory Deployment of web application directory [C:\apache-tomcat\webapps\docs] has finished in [36] ms
01-Jan-2026 14:53:59.508 INFO [main] org.apache.catalina.startup.HostConfig.deployDirectory Deploying web application directory [C:\apache-tomcat\webapps\examples]
01-Jan-2026 14:53:59.876 INFO [main] org.apache.catalina.startup.HostConfig.deployDirectory Deployment of web application directory [C:\apache-tomcat\webapps\examples] has finished in [368] ms
01-Jan-2026 14:53:59.876 INFO [main] org.apache.catalina.startup.HostConfig.deployDirectory Deploying web application directory [C:\apache-tomcat\webapps\host-manager]
01-Jan-2026 14:53:59.908 INFO [main] org.apache.catalina.startup.HostConfig.deployDirectory Deployment of web application directory [C:\apache-tomcat\webapps\host-manager] has finished in [32] ms
01-Jan-2026 14:53:59.910 INFO [main] org.apache.catalina.startup.HostConfig.deployDirectory Deploying web application directory [C:\apache-tomcat\webapps\manager]
01-Jan-2026 14:53:59.938 INFO [main] org.apache.catalina.startup.HostConfig.deployDirectory Deployment of web application directory [C:\apache-tomcat\webapps\manager] has finished in [28] ms
01-Jan-2026 14:53:59.938 INFO [main] org.apache.catalina.startup.HostConfig.deployDirectory Deploying web application directory [C:\apache-tomcat\webapps\ROOT]
01-Jan-2026 14:53:59.960 INFO [main] org.apache.catalina.startup.HostConfig.deployDirectory Deployment of web application directory [C:\apache-tomcat\webapps\ROOT] has finished in [22] ms
01-Jan-2026 14:53:59.966 INFO [main] org.apache.coyote.AbstractProtocol.start Starting ProtocolHandler ["http-nio-8080"]
01-Jan-2026 14:53:59.986 INFO [main] org.apache.catalina.startup.Catalina.start Server startup in [1512] milliseconds
01-Jan-2026 15:03:15.243 INFO [main] org.apache.catalina.startup.VersionLoggerListener.log Server version name:   Apache Tomcat/9.0.113
01-Jan-2026 15:03:15.243 INFO [main] org.apache.catalina.startup.VersionLoggerListener.log Server built:          Dec 2 2025 19:51:24 UTC
01-Jan-2026 15:03:15.243 INFO [main] org.apache.catalina.startup.VersionLoggerListener.log Server version number: 9.0.113.0
01-Jan-2026 15:03:15.243 INFO [main] org.apache.catalina.startup.VersionLoggerListener.log OS Name:               Windows 10
01-Jan-2026 15:03:15.243 INFO [main] org.apache.catalina.startup.VersionLoggerListener.log OS Version:            10.0
01-Jan-2026 15:03:15.247 INFO [main] org.apache.catalina.startup.VersionLoggerListener.log Architecture:          amd64
01-Jan-2026 15:03:15.247 INFO [main] org.apache.catalina.startup.VersionLoggerListener.log Java Home:             C:\Program Files\Java\jdk1.8.0_202\jre
01-Jan-2026 15:03:15.247 INFO [main] org.apache.catalina.startup.VersionLoggerListener.log JVM Version:           1.8.0_202-b08
01-Jan-2026 15:03:15.247 INFO [main] org.apache.catalina.startup.VersionLoggerListener.log JVM Vendor:            Oracle Corporation
01-Jan-2026 15:03:15.247 INFO [main] org.apache.catalina.startup.VersionLoggerListener.log CATALINA_BASE:         C:\apache-tomcat
01-Jan-2026 15:03:15.247 INFO [main] org.apache.catalina.startup.VersionLoggerListener.log CATALINA_HOME:         C:\apache-tomcat
01-Jan-2026 15:03:15.247 INFO [main] org.apache.catalina.startup.VersionLoggerListener.log Command line argument: -Djava.util.logging.config.file=C:\apache-tomcat\conf\logging.properties
01-Jan-2026 15:03:15.247 INFO [main] org.apache.catalina.startup.VersionLoggerListener.log Command line argument: -Djava.util.logging.manager=org.apache.juli.ClassLoaderLogManager
01-Jan-2026 15:03:15.247 INFO [main] org.apache.catalina.startup.VersionLoggerListener.log Command line argument: -Djdk.tls.ephemeralDHKeySize=2048
01-Jan-2026 15:03:15.247 INFO [main] org.apache.catalina.startup.VersionLoggerListener.log Command line argument: -Djava.protocol.handler.pkgs=org.apache.catalina.webresources
01-Jan-2026 15:03:15.247 INFO [main] org.apache.catalina.startup.VersionLoggerListener.log Command line argument: -Dsun.io.useCanonCaches=false
01-Jan-2026 15:03:15.247 INFO [main] org.apache.catalina.startup.VersionLoggerListener.log Command line argument: -Dignore.endorsed.dirs=
01-Jan-2026 15:03:15.247 INFO [main] org.apache.catalina.startup.VersionLoggerListener.log Command line argument: -Dcatalina.base=C:\apache-tomcat
01-Jan-2026 15:03:15.247 INFO [main] org.apache.catalina.startup.VersionLoggerListener.log Command line argument: -Dcatalina.home=C:\apache-tomcat
01-Jan-2026 15:03:15.249 INFO [main] org.apache.catalina.startup.VersionLoggerListener.log Command line argument: -Djava.io.tmpdir=C:\apache-tomcat\temp
01-Jan-2026 15:03:15.250 INFO [main] org.apache.catalina.core.AprLifecycleListener.lifecycleEvent Loaded Apache Tomcat Native library [1.3.1] using APR version [1.7.4].
01-Jan-2026 15:03:15.250 INFO [main] org.apache.catalina.core.AprLifecycleListener.lifecycleEvent APR capabilities: IPv6 [true], sendfile [true], accept filters [false], random [true], UDS [true].
01-Jan-2026 15:03:15.250 INFO [main] org.apache.catalina.core.AprLifecycleListener.lifecycleEvent APR/OpenSSL configuration: useAprConnector [false], useOpenSSL [true]
01-Jan-2026 15:03:15.255 INFO [main] org.apache.catalina.core.AprLifecycleListener.initializeSSL OpenSSL successfully initialized [OpenSSL 3.0.14 4 Jun 2024]
01-Jan-2026 15:03:15.551 INFO [main] org.apache.coyote.AbstractProtocol.init Initializing ProtocolHandler ["http-nio-8080"]
01-Jan-2026 15:03:15.567 INFO [main] org.apache.catalina.startup.Catalina.load Server initialization in [482] milliseconds
01-Jan-2026 15:03:15.590 INFO [main] org.apache.catalina.core.StandardService.startInternal Starting service [Catalina]
01-Jan-2026 15:03:15.590 INFO [main] org.apache.catalina.core.StandardEngine.startInternal Starting Servlet engine: [Apache Tomcat/9.0.113]
01-Jan-2026 15:03:15.601 INFO [main] org.apache.catalina.startup.HostConfig.deployWAR Deploying web application archive [C:\apache-tomcat\webapps\onlinebookstore.war]
01-Jan-2026 15:03:16.238 INFO [main] org.apache.jasper.servlet.TldScanner.scanJars At least one JAR was scanned for TLDs yet contained no TLDs. Enable debug logging for this logger for a complete list of JARs that were scanned but no TLDs were found in them. Skipping unneeded JARs during scanning can improve startup time and JSP compilation time.
01-Jan-2026 15:03:16.358 WARNING [main] org.apache.catalina.util.SessionIdGeneratorBase.createSecureRandom Creation of SecureRandom instance for session ID generation using [SHA1PRNG] took [103] milliseconds.
01-Jan-2026 15:03:16.370 INFO [main] org.apache.catalina.startup.HostConfig.deployWAR Deployment of web application archive [C:\apache-tomcat\webapps\onlinebookstore.war] has finished in [769] ms
01-Jan-2026 15:03:16.374 INFO [main] org.apache.catalina.startup.HostConfig.deployDirectory Deploying web application directory [C:\apache-tomcat\webapps\docs]
01-Jan-2026 15:03:16.398 INFO [main] org.apache.catalina.startup.HostConfig.deployDirectory Deployment of web application directory [C:\apache-tomcat\webapps\docs] has finished in [24] ms
01-Jan-2026 15:03:16.398 INFO [main] org.apache.catalina.startup.HostConfig.deployDirectory Deploying web application directory [C:\apache-tomcat\webapps\examples]
01-Jan-2026 15:03:16.658 INFO [main] org.apache.catalina.startup.HostConfig.deployDirectory Deployment of web application directory [C:\apache-tomcat\webapps\examples] has finished in [260] ms
01-Jan-2026 15:03:16.658 INFO [main] org.apache.catalina.startup.HostConfig.deployDirectory Deploying web application directory [C:\apache-tomcat\webapps\host-manager]
01-Jan-2026 15:03:16.686 INFO [main] org.apache.catalina.startup.HostConfig.deployDirectory Deployment of web application directory [C:\apache-tomcat\webapps\host-manager] has finished in [28] ms
01-Jan-2026 15:03:16.686 INFO [main] org.apache.catalina.startup.HostConfig.deployDirectory Deploying web application directory [C:\apache-tomcat\webapps\manager]
01-Jan-2026 15:03:16.715 INFO [main] org.apache.catalina.startup.HostConfig.deployDirectory Deployment of web application directory [C:\apache-tomcat\webapps\manager] has finished in [29] ms
01-Jan-2026 15:03:16.715 INFO [main] org.apache.catalina.startup.HostConfig.deployDirectory Deploying web application directory [C:\apache-tomcat\webapps\ROOT]
01-Jan-2026 15:03:16.731 INFO [main] org.apache.catalina.startup.HostConfig.deployDirectory Deployment of web application directory [C:\apache-tomcat\webapps\ROOT] has finished in [16] ms
01-Jan-2026 15:03:16.737 INFO [main] org.apache.coyote.AbstractProtocol.start Starting ProtocolHandler ["http-nio-8080"]
01-Jan-2026 15:03:16.737 INFO [main] org.apache.catalina.startup.Catalina.start Server startup in [1181] milliseconds
01-Jan-2026 20:46:43.671 INFO [main] org.apache.catalina.startup.VersionLoggerListener.log Server version name:   Apache Tomcat/9.0.113
01-Jan-2026 20:46:43.681 INFO [main] org.apache.catalina.startup.VersionLoggerListener.log Server built:          Dec 2 2025 19:51:24 UTC
01-Jan-2026 20:46:43.681 INFO [main] org.apache.catalina.startup.VersionLoggerListener.log Server version number: 9.0.113.0
01-Jan-2026 20:46:43.681 INFO [main] org.apache.catalina.startup.VersionLoggerListener.log OS Name:               Windows 10
01-Jan-2026 20:46:43.681 INFO [main] org.apache.catalina.startup.VersionLoggerListener.log OS Version:            10.0
01-Jan-2026 20:46:43.681 INFO [main] org.apache.catalina.startup.VersionLoggerListener.log Architecture:          amd64
01-Jan-2026 20:46:43.681 INFO [main] org.apache.catalina.startup.VersionLoggerListener.log Java Home:             C:\Program Files\Java\jdk1.8.0_202\jre
01-Jan-2026 20:46:43.681 INFO [main] org.apache.catalina.startup.VersionLoggerListener.log JVM Version:           1.8.0_202-b08
01-Jan-2026 20:46:43.681 INFO [main] org.apache.catalina.startup.VersionLoggerListener.log JVM Vendor:            Oracle Corporation
01-Jan-2026 20:46:43.681 INFO [main] org.apache.catalina.startup.VersionLoggerListener.log CATALINA_BASE:         C:\apache-tomcat
01-Jan-2026 20:46:43.681 INFO [main] org.apache.catalina.startup.VersionLoggerListener.log CATALINA_HOME:         C:\apache-tomcat
01-Jan-2026 20:46:43.681 INFO [main] org.apache.catalina.startup.VersionLoggerListener.log Command line argument: -Djava.util.logging.config.file=C:\apache-tomcat\conf\logging.properties
01-Jan-2026 20:46:43.681 INFO [main] org.apache.catalina.startup.VersionLoggerListener.log Command line argument: -Djava.util.logging.manager=org.apache.juli.ClassLoaderLogManager
01-Jan-2026 20:46:43.681 INFO [main] org.apache.catalina.startup.VersionLoggerListener.log Command line argument: -Djdk.tls.ephemeralDHKeySize=2048
01-Jan-2026 20:46:43.681 INFO [main] org.apache.catalina.startup.VersionLoggerListener.log Command line argument: -Djava.protocol.handler.pkgs=org.apache.catalina.webresources
01-Jan-2026 20:46:43.681 INFO [main] org.apache.catalina.startup.VersionLoggerListener.log Command line argument: -Dsun.io.useCanonCaches=false
01-Jan-2026 20:46:43.681 INFO [main] org.apache.catalina.startup.VersionLoggerListener.log Command line argument: -Dignore.endorsed.dirs=
01-Jan-2026 20:46:43.681 INFO [main] org.apache.catalina.startup.VersionLoggerListener.log Command line argument: -Dcatalina.base=C:\apache-tomcat
01-Jan-2026 20:46:43.681 INFO [main] org.apache.catalina.startup.VersionLoggerListener.log Command line argument: -Dcatalina.home=C:\apache-tomcat
01-Jan-2026 20:46:43.685 INFO [main] org.apache.catalina.startup.VersionLoggerListener.log Command line argument: -Djava.io.tmpdir=C:\apache-tomcat\temp
01-Jan-2026 20:46:43.685 INFO [main] org.apache.catalina.core.AprLifecycleListener.lifecycleEvent Loaded Apache Tomcat Native library [1.3.1] using APR version [1.7.4].
01-Jan-2026 20:46:43.685 INFO [main] org.apache.catalina.core.AprLifecycleListener.lifecycleEvent APR capabilities: IPv6 [true], sendfile [true], accept filters [false], random [true], UDS [true].
01-Jan-2026 20:46:43.685 INFO [main] org.apache.catalina.core.AprLifecycleListener.lifecycleEvent APR/OpenSSL configuration: useAprConnector [false], useOpenSSL [true]
01-Jan-2026 20:46:43.685 INFO [main] org.apache.catalina.core.AprLifecycleListener.initializeSSL OpenSSL successfully initialized [OpenSSL 3.0.14 4 Jun 2024]
01-Jan-2026 20:46:43.840 INFO [main] org.apache.coyote.AbstractProtocol.init Initializing ProtocolHandler ["http-nio-8080"]
01-Jan-2026 20:46:43.846 INFO [main] org.apache.catalina.startup.Catalina.load Server initialization in [268] milliseconds
01-Jan-2026 20:46:43.866 INFO [main] org.apache.catalina.core.StandardService.startInternal Starting service [Catalina]
01-Jan-2026 20:46:43.866 INFO [main] org.apache.catalina.core.StandardEngine.startInternal Starting Servlet engine: [Apache Tomcat/9.0.113]
01-Jan-2026 20:46:43.871 INFO [main] org.apache.catalina.startup.HostConfig.deployWAR Deploying web application archive [C:\apache-tomcat\webapps\onlinebookstore.war]
01-Jan-2026 20:46:44.317 INFO [main] org.apache.jasper.servlet.TldScanner.scanJars At least one JAR was scanned for TLDs yet contained no TLDs. Enable debug logging for this logger for a complete list of JARs that were scanned but no TLDs were found in them. Skipping unneeded JARs during scanning can improve startup time and JSP compilation time.
01-Jan-2026 20:46:44.432 INFO [main] org.apache.catalina.startup.HostConfig.deployWAR Deployment of web application archive [C:\apache-tomcat\webapps\onlinebookstore.war] has finished in [561] ms
01-Jan-2026 20:46:44.443 INFO [main] org.apache.catalina.startup.HostConfig.deployDirectory Deploying web application directory [C:\apache-tomcat\webapps\docs]
01-Jan-2026 20:46:44.460 INFO [main] org.apache.catalina.startup.HostConfig.deployDirectory Deployment of web application directory [C:\apache-tomcat\webapps\docs] has finished in [17] ms
01-Jan-2026 20:46:44.460 INFO [main] org.apache.catalina.startup.HostConfig.deployDirectory Deploying web application directory [C:\apache-tomcat\webapps\examples]
01-Jan-2026 20:46:44.655 INFO [main] org.apache.catalina.startup.HostConfig.deployDirectory Deployment of web application directory [C:\apache-tomcat\webapps\examples] has finished in [195] ms
01-Jan-2026 20:46:44.655 INFO [main] org.apache.catalina.startup.HostConfig.deployDirectory Deploying web application directory [C:\apache-tomcat\webapps\host-manager]
01-Jan-2026 20:46:44.677 INFO [main] org.apache.catalina.startup.HostConfig.deployDirectory Deployment of web application directory [C:\apache-tomcat\webapps\host-manager] has finished in [22] ms
01-Jan-2026 20:46:44.677 INFO [main] org.apache.catalina.startup.HostConfig.deployDirectory Deploying web application directory [C:\apache-tomcat\webapps\manager]
01-Jan-2026 20:46:44.692 INFO [main] org.apache.catalina.startup.HostConfig.deployDirectory Deployment of web application directory [C:\apache-tomcat\webapps\manager] has finished in [15] ms
01-Jan-2026 20:46:44.692 INFO [main] org.apache.catalina.startup.HostConfig.deployDirectory Deploying web application directory [C:\apache-tomcat\webapps\ROOT]
01-Jan-2026 20:46:44.703 INFO [main] org.apache.catalina.startup.HostConfig.deployDirectory Deployment of web application directory [C:\apache-tomcat\webapps\ROOT] has finished in [11] ms
01-Jan-2026 20:46:44.705 INFO [main] org.apache.coyote.AbstractProtocol.start Starting ProtocolHandler ["http-nio-8080"]
01-Jan-2026 20:46:44.708 INFO [main] org.apache.catalina.startup.Catalina.start Server startup in [865] milliseconds
01-Jan-2026 21:02:56.298 INFO [Catalina-utility-2] org.apache.catalina.startup.HostConfig.undeploy Undeploying context [/onlinebookstore]
01-Jan-2026 21:02:56.335 INFO [Catalina-utility-2] org.apache.catalina.startup.HostConfig.deployWAR Deploying web application archive [C:\apache-tomcat\webapps\onlinebookstore.war]
01-Jan-2026 21:02:57.887 INFO [Catalina-utility-2] org.apache.jasper.servlet.TldScanner.scanJars At least one JAR was scanned for TLDs yet contained no TLDs. Enable debug logging for this logger for a complete list of JARs that were scanned but no TLDs were found in them. Skipping unneeded JARs during scanning can improve startup time and JSP compilation time.
01-Jan-2026 21:02:57.903 INFO [Catalina-utility-2] org.apache.catalina.startup.HostConfig.deployWAR Deployment of web application archive [C:\apache-tomcat\webapps\onlinebookstore.war] has finished in [1,568] ms
