12-Jan-2026 20:08:53.390 INFO [main] org.apache.catalina.core.ApplicationContext.log ContextListener: contextInitialized()
12-Jan-2026 20:08:53.390 INFO [main] org.apache.catalina.core.ApplicationContext.log SessionListener: contextInitialized()
12-Jan-2026 20:08:53.390 INFO [main] org.apache.catalina.core.ApplicationContext.log ContextListener: attributeAdded('StockTicker', 'async.Stockticker@77c7ed8e')
12-Jan-2026 20:39:15.973 SEVERE [http-nio-8080-exec-1] org.apache.catalina.core.ApplicationDispatcher.invoke Servlet.service() for servlet [default] threw exception
	java.io.FileNotFoundException: The requested resource [/onlinebookstore/index.html] is not available
		at org.apache.catalina.servlets.DefaultServlet.serveResource(DefaultServlet.java:902)
		at org.apache.catalina.servlets.DefaultServlet.doGet(DefaultServlet.java:540)
		at javax.servlet.http.HttpServlet.service(HttpServlet.java:529)
		at org.apache.catalina.servlets.DefaultServlet.service(DefaultServlet.java:530)
		at javax.servlet.http.HttpServlet.service(HttpServlet.java:623)
		at org.apache.catalina.core.ApplicationFilterChain.internalDoFilter(ApplicationFilterChain.java:197)
		at org.apache.catalina.core.ApplicationFilterChain.doFilter(ApplicationFilterChain.java:142)
		at org.apache.catalina.core.ApplicationDispatcher.invoke(ApplicationDispatcher.java:619)
		at org.apache.catalina.core.ApplicationDispatcher.doInclude(ApplicationDispatcher.java:496)
		at org.apache.catalina.core.ApplicationDispatcher.include(ApplicationDispatcher.java:444)
		at servlets.ErrorHandlerServlet.service(ErrorHandlerServlet.java:72)
		at javax.servlet.http.HttpServlet.service(HttpServlet.java:623)
		at org.apache.catalina.core.ApplicationFilterChain.internalDoFilter(ApplicationFilterChain.java:197)
		at org.apache.catalina.core.ApplicationFilterChain.doFilter(ApplicationFilterChain.java:142)
		at org.apache.catalina.core.ApplicationDispatcher.invoke(ApplicationDispatcher.java:619)
		at org.apache.catalina.core.ApplicationDispatcher.processRequest(ApplicationDispatcher.java:401)
		at org.apache.catalina.core.ApplicationDispatcher.doForward(ApplicationDispatcher.java:338)
		at org.apache.catalina.core.ApplicationDispatcher.forward(ApplicationDispatcher.java:283)
		at org.apache.catalina.core.StandardHostValve.custom(StandardHostValve.java:392)
		at org.apache.catalina.core.StandardHostValve.status(StandardHostValve.java:220)
		at org.apache.catalina.core.StandardHostValve.invoke(StandardHostValve.java:163)
		at org.apache.catalina.valves.ErrorReportValve.invoke(ErrorReportValve.java:83)
		at org.apache.catalina.valves.AbstractAccessLogValve.invoke(AbstractAccessLogValve.java:643)
		at org.apache.catalina.core.StandardEngineValve.invoke(StandardEngineValve.java:72)
		at org.apache.catalina.connector.CoyoteAdapter.service(CoyoteAdapter.java:344)
		at org.apache.coyote.http11.Http11Processor.service(Http11Processor.java:398)
		at org.apache.coyote.AbstractProcessorLight.process(AbstractProcessorLight.java:63)
		at org.apache.coyote.AbstractProtocol$ConnectionHandler.process(AbstractProtocol.java:939)
		at org.apache.tomcat.util.net.NioEndpoint$SocketProcessor.doRun(NioEndpoint.java:1831)
		at org.apache.tomcat.util.net.SocketProcessorBase.run(SocketProcessorBase.java:52)
		at org.apache.tomcat.util.threads.ThreadPoolExecutor.runWorker(ThreadPoolExecutor.java:973)
		at org.apache.tomcat.util.threads.ThreadPoolExecutor$Worker.run(ThreadPoolExecutor.java:491)
		at org.apache.tomcat.util.threads.TaskThread$WrappingRunnable.run(TaskThread.java:63)
		at java.lang.Thread.run(Thread.java:748)
12-Jan-2026 20:39:15.973 SEVERE [http-nio-8080-exec-1] org.apache.catalina.core.ApplicationDispatcher.invoke Servlet.service() for servlet [ErrorHandlerServlet] threw exception
	java.io.FileNotFoundException: The requested resource [/onlinebookstore/index.html] is not available
		at org.apache.catalina.servlets.DefaultServlet.serveResource(DefaultServlet.java:902)
		at org.apache.catalina.servlets.DefaultServlet.doGet(DefaultServlet.java:540)
		at javax.servlet.http.HttpServlet.service(HttpServlet.java:529)
		at org.apache.catalina.servlets.DefaultServlet.service(DefaultServlet.java:530)
		at javax.servlet.http.HttpServlet.service(HttpServlet.java:623)
		at org.apache.catalina.core.ApplicationFilterChain.internalDoFilter(ApplicationFilterChain.java:197)
		at org.apache.catalina.core.ApplicationFilterChain.doFilter(ApplicationFilterChain.java:142)
		at org.apache.catalina.core.ApplicationDispatcher.invoke(ApplicationDispatcher.java:619)
		at org.apache.catalina.core.ApplicationDispatcher.doInclude(ApplicationDispatcher.java:496)
		at org.apache.catalina.core.ApplicationDispatcher.include(ApplicationDispatcher.java:444)
		at servlets.ErrorHandlerServlet.service(ErrorHandlerServlet.java:72)
		at javax.servlet.http.HttpServlet.service(HttpServlet.java:623)
		at org.apache.catalina.core.ApplicationFilterChain.internalDoFilter(ApplicationFilterChain.java:197)
		at org.apache.catalina.core.ApplicationFilterChain.doFilter(ApplicationFilterChain.java:142)
		at org.apache.catalina.core.ApplicationDispatcher.invoke(ApplicationDispatcher.java:619)
		at org.apache.catalina.core.ApplicationDispatcher.processRequest(ApplicationDispatcher.java:401)
		at org.apache.catalina.core.ApplicationDispatcher.doForward(ApplicationDispatcher.java:338)
		at org.apache.catalina.core.ApplicationDispatcher.forward(ApplicationDispatcher.java:283)
		at org.apache.catalina.core.StandardHostValve.custom(StandardHostValve.java:392)
		at org.apache.catalina.core.StandardHostValve.status(StandardHostValve.java:220)
		at org.apache.catalina.core.StandardHostValve.invoke(StandardHostValve.java:163)
		at org.apache.catalina.valves.ErrorReportValve.invoke(ErrorReportValve.java:83)
		at org.apache.catalina.valves.AbstractAccessLogValve.invoke(AbstractAccessLogValve.java:643)
		at org.apache.catalina.core.StandardEngineValve.invoke(StandardEngineValve.java:72)
		at org.apache.catalina.connector.CoyoteAdapter.service(CoyoteAdapter.java:344)
		at org.apache.coyote.http11.Http11Processor.service(Http11Processor.java:398)
		at org.apache.coyote.AbstractProcessorLight.process(AbstractProcessorLight.java:63)
		at org.apache.coyote.AbstractProtocol$ConnectionHandler.process(AbstractProtocol.java:939)
		at org.apache.tomcat.util.net.NioEndpoint$SocketProcessor.doRun(NioEndpoint.java:1831)
		at org.apache.tomcat.util.net.SocketProcessorBase.run(SocketProcessorBase.java:52)
		at org.apache.tomcat.util.threads.ThreadPoolExecutor.runWorker(ThreadPoolExecutor.java:973)
		at org.apache.tomcat.util.threads.ThreadPoolExecutor$Worker.run(ThreadPoolExecutor.java:491)
		at org.apache.tomcat.util.threads.TaskThread$WrappingRunnable.run(TaskThread.java:63)
		at java.lang.Thread.run(Thread.java:748)
12-Jan-2026 20:39:15.973 SEVERE [http-nio-8080-exec-1] org.apache.catalina.core.StandardHostValve.custom Exception Processing [ErrorPage[errorCode=404, location=/error]]
	java.io.FileNotFoundException: The requested resource [/onlinebookstore/index.html] is not available
		at org.apache.catalina.servlets.DefaultServlet.serveResource(DefaultServlet.java:902)
		at org.apache.catalina.servlets.DefaultServlet.doGet(DefaultServlet.java:540)
		at javax.servlet.http.HttpServlet.service(HttpServlet.java:529)
		at org.apache.catalina.servlets.DefaultServlet.service(DefaultServlet.java:530)
		at javax.servlet.http.HttpServlet.service(HttpServlet.java:623)
		at org.apache.catalina.core.ApplicationFilterChain.internalDoFilter(ApplicationFilterChain.java:197)
		at org.apache.catalina.core.ApplicationFilterChain.doFilter(ApplicationFilterChain.java:142)
		at org.apache.catalina.core.ApplicationDispatcher.invoke(ApplicationDispatcher.java:619)
		at org.apache.catalina.core.ApplicationDispatcher.doInclude(ApplicationDispatcher.java:496)
		at org.apache.catalina.core.ApplicationDispatcher.include(ApplicationDispatcher.java:444)
		at servlets.ErrorHandlerServlet.service(ErrorHandlerServlet.java:72)
		at javax.servlet.http.HttpServlet.service(HttpServlet.java:623)
		at org.apache.catalina.core.ApplicationFilterChain.internalDoFilter(ApplicationFilterChain.java:197)
		at org.apache.catalina.core.ApplicationFilterChain.doFilter(ApplicationFilterChain.java:142)
		at org.apache.catalina.core.ApplicationDispatcher.invoke(ApplicationDispatcher.java:619)
		at org.apache.catalina.core.ApplicationDispatcher.processRequest(ApplicationDispatcher.java:401)
		at org.apache.catalina.core.ApplicationDispatcher.doForward(ApplicationDispatcher.java:338)
		at org.apache.catalina.core.ApplicationDispatcher.forward(ApplicationDispatcher.java:283)
		at org.apache.catalina.core.StandardHostValve.custom(StandardHostValve.java:392)
		at org.apache.catalina.core.StandardHostValve.status(StandardHostValve.java:220)
		at org.apache.catalina.core.StandardHostValve.invoke(StandardHostValve.java:163)
		at org.apache.catalina.valves.ErrorReportValve.invoke(ErrorReportValve.java:83)
		at org.apache.catalina.valves.AbstractAccessLogValve.invoke(AbstractAccessLogValve.java:643)
		at org.apache.catalina.core.StandardEngineValve.invoke(StandardEngineValve.java:72)
		at org.apache.catalina.connector.CoyoteAdapter.service(CoyoteAdapter.java:344)
		at org.apache.coyote.http11.Http11Processor.service(Http11Processor.java:398)
		at org.apache.coyote.AbstractProcessorLight.process(AbstractProcessorLight.java:63)
		at org.apache.coyote.AbstractProtocol$ConnectionHandler.process(AbstractProtocol.java:939)
		at org.apache.tomcat.util.net.NioEndpoint$SocketProcessor.doRun(NioEndpoint.java:1831)
		at org.apache.tomcat.util.net.SocketProcessorBase.run(SocketProcessorBase.java:52)
		at org.apache.tomcat.util.threads.ThreadPoolExecutor.runWorker(ThreadPoolExecutor.java:973)
		at org.apache.tomcat.util.threads.ThreadPoolExecutor$Worker.run(ThreadPoolExecutor.java:491)
		at org.apache.tomcat.util.threads.TaskThread$WrappingRunnable.run(TaskThread.java:63)
		at java.lang.Thread.run(Thread.java:748)
12-Jan-2026 20:39:16.110 SEVERE [http-nio-8080-exec-3] org.apache.catalina.core.ApplicationDispatcher.invoke Servlet.service() for servlet [default] threw exception
	java.io.FileNotFoundException: The requested resource [/onlinebookstore/index.html] is not available
		at org.apache.catalina.servlets.DefaultServlet.serveResource(DefaultServlet.java:902)
		at org.apache.catalina.servlets.DefaultServlet.doGet(DefaultServlet.java:540)
		at javax.servlet.http.HttpServlet.service(HttpServlet.java:529)
		at org.apache.catalina.servlets.DefaultServlet.service(DefaultServlet.java:530)
		at javax.servlet.http.HttpServlet.service(HttpServlet.java:623)
		at org.apache.catalina.core.ApplicationFilterChain.internalDoFilter(ApplicationFilterChain.java:197)
		at org.apache.catalina.core.ApplicationFilterChain.doFilter(ApplicationFilterChain.java:142)
		at org.apache.catalina.core.ApplicationDispatcher.invoke(ApplicationDispatcher.java:619)
		at org.apache.catalina.core.ApplicationDispatcher.doInclude(ApplicationDispatcher.java:496)
		at org.apache.catalina.core.ApplicationDispatcher.include(ApplicationDispatcher.java:444)
		at servlets.ErrorHandlerServlet.service(ErrorHandlerServlet.java:72)
		at javax.servlet.http.HttpServlet.service(HttpServlet.java:623)
		at org.apache.catalina.core.ApplicationFilterChain.internalDoFilter(ApplicationFilterChain.java:197)
		at org.apache.catalina.core.ApplicationFilterChain.doFilter(ApplicationFilterChain.java:142)
		at org.apache.catalina.core.ApplicationDispatcher.invoke(ApplicationDispatcher.java:619)
		at org.apache.catalina.core.ApplicationDispatcher.processRequest(ApplicationDispatcher.java:401)
		at org.apache.catalina.core.ApplicationDispatcher.doForward(ApplicationDispatcher.java:338)
		at org.apache.catalina.core.ApplicationDispatcher.forward(ApplicationDispatcher.java:283)
		at org.apache.catalina.core.StandardHostValve.custom(StandardHostValve.java:392)
		at org.apache.catalina.core.StandardHostValve.status(StandardHostValve.java:220)
		at org.apache.catalina.core.StandardHostValve.invoke(StandardHostValve.java:163)
		at org.apache.catalina.valves.ErrorReportValve.invoke(ErrorReportValve.java:83)
		at org.apache.catalina.valves.AbstractAccessLogValve.invoke(AbstractAccessLogValve.java:643)
		at org.apache.catalina.core.StandardEngineValve.invoke(StandardEngineValve.java:72)
		at org.apache.catalina.connector.CoyoteAdapter.service(CoyoteAdapter.java:344)
		at org.apache.coyote.http11.Http11Processor.service(Http11Processor.java:398)
		at org.apache.coyote.AbstractProcessorLight.process(AbstractProcessorLight.java:63)
		at org.apache.coyote.AbstractProtocol$ConnectionHandler.process(AbstractProtocol.java:939)
		at org.apache.tomcat.util.net.NioEndpoint$SocketProcessor.doRun(NioEndpoint.java:1831)
		at org.apache.tomcat.util.net.SocketProcessorBase.run(SocketProcessorBase.java:52)
		at org.apache.tomcat.util.threads.ThreadPoolExecutor.runWorker(ThreadPoolExecutor.java:973)
		at org.apache.tomcat.util.threads.ThreadPoolExecutor$Worker.run(ThreadPoolExecutor.java:491)
		at org.apache.tomcat.util.threads.TaskThread$WrappingRunnable.run(TaskThread.java:63)
		at java.lang.Thread.run(Thread.java:748)
12-Jan-2026 20:39:16.117 SEVERE [http-nio-8080-exec-3] org.apache.catalina.core.ApplicationDispatcher.invoke Servlet.service() for servlet [ErrorHandlerServlet] threw exception
	java.io.FileNotFoundException: The requested resource [/onlinebookstore/index.html] is not available
		at org.apache.catalina.servlets.DefaultServlet.serveResource(DefaultServlet.java:902)
		at org.apache.catalina.servlets.DefaultServlet.doGet(DefaultServlet.java:540)
		at javax.servlet.http.HttpServlet.service(HttpServlet.java:529)
		at org.apache.catalina.servlets.DefaultServlet.service(DefaultServlet.java:530)
		at javax.servlet.http.HttpServlet.service(HttpServlet.java:623)
		at org.apache.catalina.core.ApplicationFilterChain.internalDoFilter(ApplicationFilterChain.java:197)
		at org.apache.catalina.core.ApplicationFilterChain.doFilter(ApplicationFilterChain.java:142)
		at org.apache.catalina.core.ApplicationDispatcher.invoke(ApplicationDispatcher.java:619)
		at org.apache.catalina.core.ApplicationDispatcher.doInclude(ApplicationDispatcher.java:496)
		at org.apache.catalina.core.ApplicationDispatcher.include(ApplicationDispatcher.java:444)
		at servlets.ErrorHandlerServlet.service(ErrorHandlerServlet.java:72)
		at javax.servlet.http.HttpServlet.service(HttpServlet.java:623)
		at org.apache.catalina.core.ApplicationFilterChain.internalDoFilter(ApplicationFilterChain.java:197)
		at org.apache.catalina.core.ApplicationFilterChain.doFilter(ApplicationFilterChain.java:142)
		at org.apache.catalina.core.ApplicationDispatcher.invoke(ApplicationDispatcher.java:619)
		at org.apache.catalina.core.ApplicationDispatcher.processRequest(ApplicationDispatcher.java:401)
		at org.apache.catalina.core.ApplicationDispatcher.doForward(ApplicationDispatcher.java:338)
		at org.apache.catalina.core.ApplicationDispatcher.forward(ApplicationDispatcher.java:283)
		at org.apache.catalina.core.StandardHostValve.custom(StandardHostValve.java:392)
		at org.apache.catalina.core.StandardHostValve.status(StandardHostValve.java:220)
		at org.apache.catalina.core.StandardHostValve.invoke(StandardHostValve.java:163)
		at org.apache.catalina.valves.ErrorReportValve.invoke(ErrorReportValve.java:83)
		at org.apache.catalina.valves.AbstractAccessLogValve.invoke(AbstractAccessLogValve.java:643)
		at org.apache.catalina.core.StandardEngineValve.invoke(StandardEngineValve.java:72)
		at org.apache.catalina.connector.CoyoteAdapter.service(CoyoteAdapter.java:344)
		at org.apache.coyote.http11.Http11Processor.service(Http11Processor.java:398)
		at org.apache.coyote.AbstractProcessorLight.process(AbstractProcessorLight.java:63)
		at org.apache.coyote.AbstractProtocol$ConnectionHandler.process(AbstractProtocol.java:939)
		at org.apache.tomcat.util.net.NioEndpoint$SocketProcessor.doRun(NioEndpoint.java:1831)
		at org.apache.tomcat.util.net.SocketProcessorBase.run(SocketProcessorBase.java:52)
		at org.apache.tomcat.util.threads.ThreadPoolExecutor.runWorker(ThreadPoolExecutor.java:973)
		at org.apache.tomcat.util.threads.ThreadPoolExecutor$Worker.run(ThreadPoolExecutor.java:491)
		at org.apache.tomcat.util.threads.TaskThread$WrappingRunnable.run(TaskThread.java:63)
		at java.lang.Thread.run(Thread.java:748)
12-Jan-2026 20:39:16.117 SEVERE [http-nio-8080-exec-3] org.apache.catalina.core.StandardHostValve.custom Exception Processing [ErrorPage[errorCode=404, location=/error]]
	java.io.FileNotFoundException: The requested resource [/onlinebookstore/index.html] is not available
		at org.apache.catalina.servlets.DefaultServlet.serveResource(DefaultServlet.java:902)
		at org.apache.catalina.servlets.DefaultServlet.doGet(DefaultServlet.java:540)
		at javax.servlet.http.HttpServlet.service(HttpServlet.java:529)
		at org.apache.catalina.servlets.DefaultServlet.service(DefaultServlet.java:530)
		at javax.servlet.http.HttpServlet.service(HttpServlet.java:623)
		at org.apache.catalina.core.ApplicationFilterChain.internalDoFilter(ApplicationFilterChain.java:197)
		at org.apache.catalina.core.ApplicationFilterChain.doFilter(ApplicationFilterChain.java:142)
		at org.apache.catalina.core.ApplicationDispatcher.invoke(ApplicationDispatcher.java:619)
		at org.apache.catalina.core.ApplicationDispatcher.doInclude(ApplicationDispatcher.java:496)
		at org.apache.catalina.core.ApplicationDispatcher.include(ApplicationDispatcher.java:444)
		at servlets.ErrorHandlerServlet.service(ErrorHandlerServlet.java:72)
		at javax.servlet.http.HttpServlet.service(HttpServlet.java:623)
		at org.apache.catalina.core.ApplicationFilterChain.internalDoFilter(ApplicationFilterChain.java:197)
		at org.apache.catalina.core.ApplicationFilterChain.doFilter(ApplicationFilterChain.java:142)
		at org.apache.catalina.core.ApplicationDispatcher.invoke(ApplicationDispatcher.java:619)
		at org.apache.catalina.core.ApplicationDispatcher.processRequest(ApplicationDispatcher.java:401)
		at org.apache.catalina.core.ApplicationDispatcher.doForward(ApplicationDispatcher.java:338)
		at org.apache.catalina.core.ApplicationDispatcher.forward(ApplicationDispatcher.java:283)
		at org.apache.catalina.core.StandardHostValve.custom(StandardHostValve.java:392)
		at org.apache.catalina.core.StandardHostValve.status(StandardHostValve.java:220)
		at org.apache.catalina.core.StandardHostValve.invoke(StandardHostValve.java:163)
		at org.apache.catalina.valves.ErrorReportValve.invoke(ErrorReportValve.java:83)
		at org.apache.catalina.valves.AbstractAccessLogValve.invoke(AbstractAccessLogValve.java:643)
		at org.apache.catalina.core.StandardEngineValve.invoke(StandardEngineValve.java:72)
		at org.apache.catalina.connector.CoyoteAdapter.service(CoyoteAdapter.java:344)
		at org.apache.coyote.http11.Http11Processor.service(Http11Processor.java:398)
		at org.apache.coyote.AbstractProcessorLight.process(AbstractProcessorLight.java:63)
		at org.apache.coyote.AbstractProtocol$ConnectionHandler.process(AbstractProtocol.java:939)
		at org.apache.tomcat.util.net.NioEndpoint$SocketProcessor.doRun(NioEndpoint.java:1831)
		at org.apache.tomcat.util.net.SocketProcessorBase.run(SocketProcessorBase.java:52)
		at org.apache.tomcat.util.threads.ThreadPoolExecutor.runWorker(ThreadPoolExecutor.java:973)
		at org.apache.tomcat.util.threads.ThreadPoolExecutor$Worker.run(ThreadPoolExecutor.java:491)
		at org.apache.tomcat.util.threads.TaskThread$WrappingRunnable.run(TaskThread.java:63)
		at java.lang.Thread.run(Thread.java:748)
12-Jan-2026 20:39:16.276 SEVERE [http-nio-8080-exec-9] org.apache.catalina.core.ApplicationDispatcher.invoke Servlet.service() for servlet [default] threw exception
	java.io.FileNotFoundException: The requested resource [/onlinebookstore/index.html] is not available
		at org.apache.catalina.servlets.DefaultServlet.serveResource(DefaultServlet.java:902)
		at org.apache.catalina.servlets.DefaultServlet.doGet(DefaultServlet.java:540)
		at javax.servlet.http.HttpServlet.service(HttpServlet.java:529)
		at org.apache.catalina.servlets.DefaultServlet.service(DefaultServlet.java:530)
		at javax.servlet.http.HttpServlet.service(HttpServlet.java:623)
		at org.apache.catalina.core.ApplicationFilterChain.internalDoFilter(ApplicationFilterChain.java:197)
		at org.apache.catalina.core.ApplicationFilterChain.doFilter(ApplicationFilterChain.java:142)
		at org.apache.catalina.core.ApplicationDispatcher.invoke(ApplicationDispatcher.java:619)
		at org.apache.catalina.core.ApplicationDispatcher.doInclude(ApplicationDispatcher.java:496)
		at org.apache.catalina.core.ApplicationDispatcher.include(ApplicationDispatcher.java:444)
		at servlets.ErrorHandlerServlet.service(ErrorHandlerServlet.java:72)
		at javax.servlet.http.HttpServlet.service(HttpServlet.java:623)
		at org.apache.catalina.core.ApplicationFilterChain.internalDoFilter(ApplicationFilterChain.java:197)
		at org.apache.catalina.core.ApplicationFilterChain.doFilter(ApplicationFilterChain.java:142)
		at org.apache.catalina.core.ApplicationDispatcher.invoke(ApplicationDispatcher.java:619)
		at org.apache.catalina.core.ApplicationDispatcher.processRequest(ApplicationDispatcher.java:401)
		at org.apache.catalina.core.ApplicationDispatcher.doForward(ApplicationDispatcher.java:338)
		at org.apache.catalina.core.ApplicationDispatcher.forward(ApplicationDispatcher.java:283)
		at org.apache.catalina.core.StandardHostValve.custom(StandardHostValve.java:392)
		at org.apache.catalina.core.StandardHostValve.status(StandardHostValve.java:220)
		at org.apache.catalina.core.StandardHostValve.invoke(StandardHostValve.java:163)
		at org.apache.catalina.valves.ErrorReportValve.invoke(ErrorReportValve.java:83)
		at org.apache.catalina.valves.AbstractAccessLogValve.invoke(AbstractAccessLogValve.java:643)
		at org.apache.catalina.core.StandardEngineValve.invoke(StandardEngineValve.java:72)
		at org.apache.catalina.connector.CoyoteAdapter.service(CoyoteAdapter.java:344)
		at org.apache.coyote.http11.Http11Processor.service(Http11Processor.java:398)
		at org.apache.coyote.AbstractProcessorLight.process(AbstractProcessorLight.java:63)
		at org.apache.coyote.AbstractProtocol$ConnectionHandler.process(AbstractProtocol.java:939)
		at org.apache.tomcat.util.net.NioEndpoint$SocketProcessor.doRun(NioEndpoint.java:1831)
		at org.apache.tomcat.util.net.SocketProcessorBase.run(SocketProcessorBase.java:52)
		at org.apache.tomcat.util.threads.ThreadPoolExecutor.runWorker(ThreadPoolExecutor.java:973)
		at org.apache.tomcat.util.threads.ThreadPoolExecutor$Worker.run(ThreadPoolExecutor.java:491)
		at org.apache.tomcat.util.threads.TaskThread$WrappingRunnable.run(TaskThread.java:63)
		at java.lang.Thread.run(Thread.java:748)
12-Jan-2026 20:39:16.280 SEVERE [http-nio-8080-exec-9] org.apache.catalina.core.ApplicationDispatcher.invoke Servlet.service() for servlet [ErrorHandlerServlet] threw exception
	java.io.FileNotFoundException: The requested resource [/onlinebookstore/index.html] is not available
		at org.apache.catalina.servlets.DefaultServlet.serveResource(DefaultServlet.java:902)
		at org.apache.catalina.servlets.DefaultServlet.doGet(DefaultServlet.java:540)
		at javax.servlet.http.HttpServlet.service(HttpServlet.java:529)
		at org.apache.catalina.servlets.DefaultServlet.service(DefaultServlet.java:530)
		at javax.servlet.http.HttpServlet.service(HttpServlet.java:623)
		at org.apache.catalina.core.ApplicationFilterChain.internalDoFilter(ApplicationFilterChain.java:197)
		at org.apache.catalina.core.ApplicationFilterChain.doFilter(ApplicationFilterChain.java:142)
		at org.apache.catalina.core.ApplicationDispatcher.invoke(ApplicationDispatcher.java:619)
		at org.apache.catalina.core.ApplicationDispatcher.doInclude(ApplicationDispatcher.java:496)
		at org.apache.catalina.core.ApplicationDispatcher.include(ApplicationDispatcher.java:444)
		at servlets.ErrorHandlerServlet.service(ErrorHandlerServlet.java:72)
		at javax.servlet.http.HttpServlet.service(HttpServlet.java:623)
		at org.apache.catalina.core.ApplicationFilterChain.internalDoFilter(ApplicationFilterChain.java:197)
		at org.apache.catalina.core.ApplicationFilterChain.doFilter(ApplicationFilterChain.java:142)
		at org.apache.catalina.core.ApplicationDispatcher.invoke(ApplicationDispatcher.java:619)
		at org.apache.catalina.core.ApplicationDispatcher.processRequest(ApplicationDispatcher.java:401)
		at org.apache.catalina.core.ApplicationDispatcher.doForward(ApplicationDispatcher.java:338)
		at org.apache.catalina.core.ApplicationDispatcher.forward(ApplicationDispatcher.java:283)
		at org.apache.catalina.core.StandardHostValve.custom(StandardHostValve.java:392)
		at org.apache.catalina.core.StandardHostValve.status(StandardHostValve.java:220)
		at org.apache.catalina.core.StandardHostValve.invoke(StandardHostValve.java:163)
		at org.apache.catalina.valves.ErrorReportValve.invoke(ErrorReportValve.java:83)
		at org.apache.catalina.valves.AbstractAccessLogValve.invoke(AbstractAccessLogValve.java:643)
		at org.apache.catalina.core.StandardEngineValve.invoke(StandardEngineValve.java:72)
		at org.apache.catalina.connector.CoyoteAdapter.service(CoyoteAdapter.java:344)
		at org.apache.coyote.http11.Http11Processor.service(Http11Processor.java:398)
		at org.apache.coyote.AbstractProcessorLight.process(AbstractProcessorLight.java:63)
		at org.apache.coyote.AbstractProtocol$ConnectionHandler.process(AbstractProtocol.java:939)
		at org.apache.tomcat.util.net.NioEndpoint$SocketProcessor.doRun(NioEndpoint.java:1831)
		at org.apache.tomcat.util.net.SocketProcessorBase.run(SocketProcessorBase.java:52)
		at org.apache.tomcat.util.threads.ThreadPoolExecutor.runWorker(ThreadPoolExecutor.java:973)
		at org.apache.tomcat.util.threads.ThreadPoolExecutor$Worker.run(ThreadPoolExecutor.java:491)
		at org.apache.tomcat.util.threads.TaskThread$WrappingRunnable.run(TaskThread.java:63)
		at java.lang.Thread.run(Thread.java:748)
12-Jan-2026 20:39:16.280 SEVERE [http-nio-8080-exec-9] org.apache.catalina.core.StandardHostValve.custom Exception Processing [ErrorPage[errorCode=404, location=/error]]
	java.io.FileNotFoundException: The requested resource [/onlinebookstore/index.html] is not available
		at org.apache.catalina.servlets.DefaultServlet.serveResource(DefaultServlet.java:902)
		at org.apache.catalina.servlets.DefaultServlet.doGet(DefaultServlet.java:540)
		at javax.servlet.http.HttpServlet.service(HttpServlet.java:529)
		at org.apache.catalina.servlets.DefaultServlet.service(DefaultServlet.java:530)
		at javax.servlet.http.HttpServlet.service(HttpServlet.java:623)
		at org.apache.catalina.core.ApplicationFilterChain.internalDoFilter(ApplicationFilterChain.java:197)
		at org.apache.catalina.core.ApplicationFilterChain.doFilter(ApplicationFilterChain.java:142)
		at org.apache.catalina.core.ApplicationDispatcher.invoke(ApplicationDispatcher.java:619)
		at org.apache.catalina.core.ApplicationDispatcher.doInclude(ApplicationDispatcher.java:496)
		at org.apache.catalina.core.ApplicationDispatcher.include(ApplicationDispatcher.java:444)
		at servlets.ErrorHandlerServlet.service(ErrorHandlerServlet.java:72)
		at javax.servlet.http.HttpServlet.service(HttpServlet.java:623)
		at org.apache.catalina.core.ApplicationFilterChain.internalDoFilter(ApplicationFilterChain.java:197)
		at org.apache.catalina.core.ApplicationFilterChain.doFilter(ApplicationFilterChain.java:142)
		at org.apache.catalina.core.ApplicationDispatcher.invoke(ApplicationDispatcher.java:619)
		at org.apache.catalina.core.ApplicationDispatcher.processRequest(ApplicationDispatcher.java:401)
		at org.apache.catalina.core.ApplicationDispatcher.doForward(ApplicationDispatcher.java:338)
		at org.apache.catalina.core.ApplicationDispatcher.forward(ApplicationDispatcher.java:283)
		at org.apache.catalina.core.StandardHostValve.custom(StandardHostValve.java:392)
		at org.apache.catalina.core.StandardHostValve.status(StandardHostValve.java:220)
		at org.apache.catalina.core.StandardHostValve.invoke(StandardHostValve.java:163)
		at org.apache.catalina.valves.ErrorReportValve.invoke(ErrorReportValve.java:83)
		at org.apache.catalina.valves.AbstractAccessLogValve.invoke(AbstractAccessLogValve.java:643)
		at org.apache.catalina.core.StandardEngineValve.invoke(StandardEngineValve.java:72)
		at org.apache.catalina.connector.CoyoteAdapter.service(CoyoteAdapter.java:344)
		at org.apache.coyote.http11.Http11Processor.service(Http11Processor.java:398)
		at org.apache.coyote.AbstractProcessorLight.process(AbstractProcessorLight.java:63)
		at org.apache.coyote.AbstractProtocol$ConnectionHandler.process(AbstractProtocol.java:939)
		at org.apache.tomcat.util.net.NioEndpoint$SocketProcessor.doRun(NioEndpoint.java:1831)
		at org.apache.tomcat.util.net.SocketProcessorBase.run(SocketProcessorBase.java:52)
		at org.apache.tomcat.util.threads.ThreadPoolExecutor.runWorker(ThreadPoolExecutor.java:973)
		at org.apache.tomcat.util.threads.ThreadPoolExecutor$Worker.run(ThreadPoolExecutor.java:491)
		at org.apache.tomcat.util.threads.TaskThread$WrappingRunnable.run(TaskThread.java:63)
		at java.lang.Thread.run(Thread.java:748)
12-Jan-2026 20:39:16.457 SEVERE [http-nio-8080-exec-4] org.apache.catalina.core.ApplicationDispatcher.invoke Servlet.service() for servlet [default] threw exception
	java.io.FileNotFoundException: The requested resource [/onlinebookstore/index.html] is not available
		at org.apache.catalina.servlets.DefaultServlet.serveResource(DefaultServlet.java:902)
		at org.apache.catalina.servlets.DefaultServlet.doGet(DefaultServlet.java:540)
		at javax.servlet.http.HttpServlet.service(HttpServlet.java:529)
		at org.apache.catalina.servlets.DefaultServlet.service(DefaultServlet.java:530)
		at javax.servlet.http.HttpServlet.service(HttpServlet.java:623)
		at org.apache.catalina.core.ApplicationFilterChain.internalDoFilter(ApplicationFilterChain.java:197)
		at org.apache.catalina.core.ApplicationFilterChain.doFilter(ApplicationFilterChain.java:142)
		at org.apache.catalina.core.ApplicationDispatcher.invoke(ApplicationDispatcher.java:619)
		at org.apache.catalina.core.ApplicationDispatcher.doInclude(ApplicationDispatcher.java:496)
		at org.apache.catalina.core.ApplicationDispatcher.include(ApplicationDispatcher.java:444)
		at servlets.ErrorHandlerServlet.service(ErrorHandlerServlet.java:72)
		at javax.servlet.http.HttpServlet.service(HttpServlet.java:623)
		at org.apache.catalina.core.ApplicationFilterChain.internalDoFilter(ApplicationFilterChain.java:197)
		at org.apache.catalina.core.ApplicationFilterChain.doFilter(ApplicationFilterChain.java:142)
		at org.apache.catalina.core.ApplicationDispatcher.invoke(ApplicationDispatcher.java:619)
		at org.apache.catalina.core.ApplicationDispatcher.processRequest(ApplicationDispatcher.java:401)
		at org.apache.catalina.core.ApplicationDispatcher.doForward(ApplicationDispatcher.java:338)
		at org.apache.catalina.core.ApplicationDispatcher.forward(ApplicationDispatcher.java:283)
		at org.apache.catalina.core.StandardHostValve.custom(StandardHostValve.java:392)
		at org.apache.catalina.core.StandardHostValve.status(StandardHostValve.java:220)
		at org.apache.catalina.core.StandardHostValve.invoke(StandardHostValve.java:163)
		at org.apache.catalina.valves.ErrorReportValve.invoke(ErrorReportValve.java:83)
		at org.apache.catalina.valves.AbstractAccessLogValve.invoke(AbstractAccessLogValve.java:643)
		at org.apache.catalina.core.StandardEngineValve.invoke(StandardEngineValve.java:72)
		at org.apache.catalina.connector.CoyoteAdapter.service(CoyoteAdapter.java:344)
		at org.apache.coyote.http11.Http11Processor.service(Http11Processor.java:398)
		at org.apache.coyote.AbstractProcessorLight.process(AbstractProcessorLight.java:63)
		at org.apache.coyote.AbstractProtocol$ConnectionHandler.process(AbstractProtocol.java:939)
		at org.apache.tomcat.util.net.NioEndpoint$SocketProcessor.doRun(NioEndpoint.java:1831)
		at org.apache.tomcat.util.net.SocketProcessorBase.run(SocketProcessorBase.java:52)
		at org.apache.tomcat.util.threads.ThreadPoolExecutor.runWorker(ThreadPoolExecutor.java:973)
		at org.apache.tomcat.util.threads.ThreadPoolExecutor$Worker.run(ThreadPoolExecutor.java:491)
		at org.apache.tomcat.util.threads.TaskThread$WrappingRunnable.run(TaskThread.java:63)
		at java.lang.Thread.run(Thread.java:748)
12-Jan-2026 20:39:16.458 SEVERE [http-nio-8080-exec-4] org.apache.catalina.core.ApplicationDispatcher.invoke Servlet.service() for servlet [ErrorHandlerServlet] threw exception
	java.io.FileNotFoundException: The requested resource [/onlinebookstore/index.html] is not available
		at org.apache.catalina.servlets.DefaultServlet.serveResource(DefaultServlet.java:902)
		at org.apache.catalina.servlets.DefaultServlet.doGet(DefaultServlet.java:540)
		at javax.servlet.http.HttpServlet.service(HttpServlet.java:529)
		at org.apache.catalina.servlets.DefaultServlet.service(DefaultServlet.java:530)
		at javax.servlet.http.HttpServlet.service(HttpServlet.java:623)
		at org.apache.catalina.core.ApplicationFilterChain.internalDoFilter(ApplicationFilterChain.java:197)
		at org.apache.catalina.core.ApplicationFilterChain.doFilter(ApplicationFilterChain.java:142)
		at org.apache.catalina.core.ApplicationDispatcher.invoke(ApplicationDispatcher.java:619)
		at org.apache.catalina.core.ApplicationDispatcher.doInclude(ApplicationDispatcher.java:496)
		at org.apache.catalina.core.ApplicationDispatcher.include(ApplicationDispatcher.java:444)
		at servlets.ErrorHandlerServlet.service(ErrorHandlerServlet.java:72)
		at javax.servlet.http.HttpServlet.service(HttpServlet.java:623)
		at org.apache.catalina.core.ApplicationFilterChain.internalDoFilter(ApplicationFilterChain.java:197)
		at org.apache.catalina.core.ApplicationFilterChain.doFilter(ApplicationFilterChain.java:142)
		at org.apache.catalina.core.ApplicationDispatcher.invoke(ApplicationDispatcher.java:619)
		at org.apache.catalina.core.ApplicationDispatcher.processRequest(ApplicationDispatcher.java:401)
		at org.apache.catalina.core.ApplicationDispatcher.doForward(ApplicationDispatcher.java:338)
		at org.apache.catalina.core.ApplicationDispatcher.forward(ApplicationDispatcher.java:283)
		at org.apache.catalina.core.StandardHostValve.custom(StandardHostValve.java:392)
		at org.apache.catalina.core.StandardHostValve.status(StandardHostValve.java:220)
		at org.apache.catalina.core.StandardHostValve.invoke(StandardHostValve.java:163)
		at org.apache.catalina.valves.ErrorReportValve.invoke(ErrorReportValve.java:83)
		at org.apache.catalina.valves.AbstractAccessLogValve.invoke(AbstractAccessLogValve.java:643)
		at org.apache.catalina.core.StandardEngineValve.invoke(StandardEngineValve.java:72)
		at org.apache.catalina.connector.CoyoteAdapter.service(CoyoteAdapter.java:344)
		at org.apache.coyote.http11.Http11Processor.service(Http11Processor.java:398)
		at org.apache.coyote.AbstractProcessorLight.process(AbstractProcessorLight.java:63)
		at org.apache.coyote.AbstractProtocol$ConnectionHandler.process(AbstractProtocol.java:939)
		at org.apache.tomcat.util.net.NioEndpoint$SocketProcessor.doRun(NioEndpoint.java:1831)
		at org.apache.tomcat.util.net.SocketProcessorBase.run(SocketProcessorBase.java:52)
		at org.apache.tomcat.util.threads.ThreadPoolExecutor.runWorker(ThreadPoolExecutor.java:973)
		at org.apache.tomcat.util.threads.ThreadPoolExecutor$Worker.run(ThreadPoolExecutor.java:491)
		at org.apache.tomcat.util.threads.TaskThread$WrappingRunnable.run(TaskThread.java:63)
		at java.lang.Thread.run(Thread.java:748)
12-Jan-2026 20:39:16.458 SEVERE [http-nio-8080-exec-4] org.apache.catalina.core.StandardHostValve.custom Exception Processing [ErrorPage[errorCode=404, location=/error]]
	java.io.FileNotFoundException: The requested resource [/onlinebookstore/index.html] is not available
		at org.apache.catalina.servlets.DefaultServlet.serveResource(DefaultServlet.java:902)
		at org.apache.catalina.servlets.DefaultServlet.doGet(DefaultServlet.java:540)
		at javax.servlet.http.HttpServlet.service(HttpServlet.java:529)
		at org.apache.catalina.servlets.DefaultServlet.service(DefaultServlet.java:530)
		at javax.servlet.http.HttpServlet.service(HttpServlet.java:623)
		at org.apache.catalina.core.ApplicationFilterChain.internalDoFilter(ApplicationFilterChain.java:197)
		at org.apache.catalina.core.ApplicationFilterChain.doFilter(ApplicationFilterChain.java:142)
		at org.apache.catalina.core.ApplicationDispatcher.invoke(ApplicationDispatcher.java:619)
		at org.apache.catalina.core.ApplicationDispatcher.doInclude(ApplicationDispatcher.java:496)
		at org.apache.catalina.core.ApplicationDispatcher.include(ApplicationDispatcher.java:444)
		at servlets.ErrorHandlerServlet.service(ErrorHandlerServlet.java:72)
		at javax.servlet.http.HttpServlet.service(HttpServlet.java:623)
		at org.apache.catalina.core.ApplicationFilterChain.internalDoFilter(ApplicationFilterChain.java:197)
		at org.apache.catalina.core.ApplicationFilterChain.doFilter(ApplicationFilterChain.java:142)
		at org.apache.catalina.core.ApplicationDispatcher.invoke(ApplicationDispatcher.java:619)
		at org.apache.catalina.core.ApplicationDispatcher.processRequest(ApplicationDispatcher.java:401)
		at org.apache.catalina.core.ApplicationDispatcher.doForward(ApplicationDispatcher.java:338)
		at org.apache.catalina.core.ApplicationDispatcher.forward(ApplicationDispatcher.java:283)
		at org.apache.catalina.core.StandardHostValve.custom(StandardHostValve.java:392)
		at org.apache.catalina.core.StandardHostValve.status(StandardHostValve.java:220)
		at org.apache.catalina.core.StandardHostValve.invoke(StandardHostValve.java:163)
		at org.apache.catalina.valves.ErrorReportValve.invoke(ErrorReportValve.java:83)
		at org.apache.catalina.valves.AbstractAccessLogValve.invoke(AbstractAccessLogValve.java:643)
		at org.apache.catalina.core.StandardEngineValve.invoke(StandardEngineValve.java:72)
		at org.apache.catalina.connector.CoyoteAdapter.service(CoyoteAdapter.java:344)
		at org.apache.coyote.http11.Http11Processor.service(Http11Processor.java:398)
		at org.apache.coyote.AbstractProcessorLight.process(AbstractProcessorLight.java:63)
		at org.apache.coyote.AbstractProtocol$ConnectionHandler.process(AbstractProtocol.java:939)
		at org.apache.tomcat.util.net.NioEndpoint$SocketProcessor.doRun(NioEndpoint.java:1831)
		at org.apache.tomcat.util.net.SocketProcessorBase.run(SocketProcessorBase.java:52)
		at org.apache.tomcat.util.threads.ThreadPoolExecutor.runWorker(ThreadPoolExecutor.java:973)
		at org.apache.tomcat.util.threads.ThreadPoolExecutor$Worker.run(ThreadPoolExecutor.java:491)
		at org.apache.tomcat.util.threads.TaskThread$WrappingRunnable.run(TaskThread.java:63)
		at java.lang.Thread.run(Thread.java:748)
12-Jan-2026 22:30:44.726 SEVERE [http-nio-8080-exec-42] org.apache.catalina.core.ApplicationDispatcher.invoke Servlet.service() for servlet [ErrorHandlerServlet] threw exception
	java.lang.IllegalStateException: java.io.FileNotFoundException: C:\apache-tomcat\webapps\onlinebookstore\WEB-INF\lib\checker-qual-3.5.0.jar (The system cannot find the path specified)
		at org.apache.catalina.webresources.AbstractSingleArchiveResourceSet.getArchiveEntry(AbstractSingleArchiveResourceSet.java:100)
		at org.apache.catalina.webresources.AbstractArchiveResourceSet.getResource(AbstractArchiveResourceSet.java:255)
		at org.apache.catalina.webresources.StandardRoot.getResourceInternal(StandardRoot.java:273)
		at org.apache.catalina.webresources.Cache.getResource(Cache.java:64)
		at org.apache.catalina.webresources.StandardRoot.getResource(StandardRoot.java:212)
		at org.apache.catalina.webresources.StandardRoot.getClassLoaderResource(StandardRoot.java:221)
		at org.apache.catalina.loader.WebappClassLoaderBase.findClassInternal(WebappClassLoaderBase.java:2221)
		at org.apache.catalina.loader.WebappClassLoaderBase.findClassInternal(WebappClassLoaderBase.java:2212)
		at org.apache.catalina.loader.WebappClassLoaderBase.findClass(WebappClassLoaderBase.java:821)
		at org.apache.catalina.loader.WebappClassLoaderBase.loadClass(WebappClassLoaderBase.java:1312)
		at org.apache.catalina.loader.WebappClassLoaderBase.loadClass(WebappClassLoaderBase.java:1160)
		at servlets.ErrorHandlerServlet.service(ErrorHandlerServlet.java:29)
		at javax.servlet.http.HttpServlet.service(HttpServlet.java:623)
		at org.apache.catalina.core.ApplicationFilterChain.internalDoFilter(ApplicationFilterChain.java:197)
		at org.apache.catalina.core.ApplicationFilterChain.doFilter(ApplicationFilterChain.java:142)
		at org.apache.catalina.core.ApplicationDispatcher.invoke(ApplicationDispatcher.java:619)
		at org.apache.catalina.core.ApplicationDispatcher.processRequest(ApplicationDispatcher.java:401)
		at org.apache.catalina.core.ApplicationDispatcher.doForward(ApplicationDispatcher.java:338)
		at org.apache.catalina.core.ApplicationDispatcher.forward(ApplicationDispatcher.java:283)
		at org.apache.catalina.core.StandardHostValve.custom(StandardHostValve.java:392)
		at org.apache.catalina.core.StandardHostValve.status(StandardHostValve.java:220)
		at org.apache.catalina.core.StandardHostValve.invoke(StandardHostValve.java:163)
		at org.apache.catalina.valves.ErrorReportValve.invoke(ErrorReportValve.java:83)
		at org.apache.catalina.valves.AbstractAccessLogValve.invoke(AbstractAccessLogValve.java:643)
		at org.apache.catalina.core.StandardEngineValve.invoke(StandardEngineValve.java:72)
		at org.apache.catalina.connector.CoyoteAdapter.service(CoyoteAdapter.java:344)
		at org.apache.coyote.http11.Http11Processor.service(Http11Processor.java:398)
		at org.apache.coyote.AbstractProcessorLight.process(AbstractProcessorLight.java:63)
		at org.apache.coyote.AbstractProtocol$ConnectionHandler.process(AbstractProtocol.java:939)
		at org.apache.tomcat.util.net.NioEndpoint$SocketProcessor.doRun(NioEndpoint.java:1831)
		at org.apache.tomcat.util.net.SocketProcessorBase.run(SocketProcessorBase.java:52)
		at org.apache.tomcat.util.threads.ThreadPoolExecutor.runWorker(ThreadPoolExecutor.java:973)
		at org.apache.tomcat.util.threads.ThreadPoolExecutor$Worker.run(ThreadPoolExecutor.java:491)
		at org.apache.tomcat.util.threads.TaskThread$WrappingRunnable.run(TaskThread.java:63)
		at java.lang.Thread.run(Thread.java:748)
	Caused by: java.io.FileNotFoundException: C:\apache-tomcat\webapps\onlinebookstore\WEB-INF\lib\checker-qual-3.5.0.jar (The system cannot find the path specified)
		at java.util.zip.ZipFile.open(Native Method)
		at java.util.zip.ZipFile.<init>(ZipFile.java:225)
		at java.util.zip.ZipFile.<init>(ZipFile.java:155)
		at java.util.jar.JarFile.<init>(JarFile.java:166)
		at java.util.jar.JarFile.<init>(JarFile.java:130)
		at org.apache.tomcat.util.compat.JreCompat.jarFileNewInstance(JreCompat.java:338)
		at org.apache.tomcat.util.compat.JreCompat.jarFileNewInstance(JreCompat.java:324)
		at org.apache.catalina.webresources.AbstractArchiveResourceSet.openJarFile(AbstractArchiveResourceSet.java:324)
		at org.apache.catalina.webresources.AbstractSingleArchiveResourceSet.getArchiveEntry(AbstractSingleArchiveResourceSet.java:96)
		... 34 more
12-Jan-2026 22:30:44.726 SEVERE [http-nio-8080-exec-42] org.apache.catalina.core.StandardHostValve.custom Exception Processing [ErrorPage[errorCode=404, location=/error]]
	java.lang.IllegalStateException: java.io.FileNotFoundException: C:\apache-tomcat\webapps\onlinebookstore\WEB-INF\lib\checker-qual-3.5.0.jar (The system cannot find the path specified)
		at org.apache.catalina.webresources.AbstractSingleArchiveResourceSet.getArchiveEntry(AbstractSingleArchiveResourceSet.java:100)
		at org.apache.catalina.webresources.AbstractArchiveResourceSet.getResource(AbstractArchiveResourceSet.java:255)
		at org.apache.catalina.webresources.StandardRoot.getResourceInternal(StandardRoot.java:273)
		at org.apache.catalina.webresources.Cache.getResource(Cache.java:64)
		at org.apache.catalina.webresources.StandardRoot.getResource(StandardRoot.java:212)
		at org.apache.catalina.webresources.StandardRoot.getClassLoaderResource(StandardRoot.java:221)
		at org.apache.catalina.loader.WebappClassLoaderBase.findClassInternal(WebappClassLoaderBase.java:2221)
		at org.apache.catalina.loader.WebappClassLoaderBase.findClassInternal(WebappClassLoaderBase.java:2212)
		at org.apache.catalina.loader.WebappClassLoaderBase.findClass(WebappClassLoaderBase.java:821)
		at org.apache.catalina.loader.WebappClassLoaderBase.loadClass(WebappClassLoaderBase.java:1312)
		at org.apache.catalina.loader.WebappClassLoaderBase.loadClass(WebappClassLoaderBase.java:1160)
		at servlets.ErrorHandlerServlet.service(ErrorHandlerServlet.java:29)
		at javax.servlet.http.HttpServlet.service(HttpServlet.java:623)
		at org.apache.catalina.core.ApplicationFilterChain.internalDoFilter(ApplicationFilterChain.java:197)
		at org.apache.catalina.core.ApplicationFilterChain.doFilter(ApplicationFilterChain.java:142)
		at org.apache.catalina.core.ApplicationDispatcher.invoke(ApplicationDispatcher.java:619)
		at org.apache.catalina.core.ApplicationDispatcher.processRequest(ApplicationDispatcher.java:401)
		at org.apache.catalina.core.ApplicationDispatcher.doForward(ApplicationDispatcher.java:338)
		at org.apache.catalina.core.ApplicationDispatcher.forward(ApplicationDispatcher.java:283)
		at org.apache.catalina.core.StandardHostValve.custom(StandardHostValve.java:392)
		at org.apache.catalina.core.StandardHostValve.status(StandardHostValve.java:220)
		at org.apache.catalina.core.StandardHostValve.invoke(StandardHostValve.java:163)
		at org.apache.catalina.valves.ErrorReportValve.invoke(ErrorReportValve.java:83)
		at org.apache.catalina.valves.AbstractAccessLogValve.invoke(AbstractAccessLogValve.java:643)
		at org.apache.catalina.core.StandardEngineValve.invoke(StandardEngineValve.java:72)
		at org.apache.catalina.connector.CoyoteAdapter.service(CoyoteAdapter.java:344)
		at org.apache.coyote.http11.Http11Processor.service(Http11Processor.java:398)
		at org.apache.coyote.AbstractProcessorLight.process(AbstractProcessorLight.java:63)
		at org.apache.coyote.AbstractProtocol$ConnectionHandler.process(AbstractProtocol.java:939)
		at org.apache.tomcat.util.net.NioEndpoint$SocketProcessor.doRun(NioEndpoint.java:1831)
		at org.apache.tomcat.util.net.SocketProcessorBase.run(SocketProcessorBase.java:52)
		at org.apache.tomcat.util.threads.ThreadPoolExecutor.runWorker(ThreadPoolExecutor.java:973)
		at org.apache.tomcat.util.threads.ThreadPoolExecutor$Worker.run(ThreadPoolExecutor.java:491)
		at org.apache.tomcat.util.threads.TaskThread$WrappingRunnable.run(TaskThread.java:63)
		at java.lang.Thread.run(Thread.java:748)
	Caused by: java.io.FileNotFoundException: C:\apache-tomcat\webapps\onlinebookstore\WEB-INF\lib\checker-qual-3.5.0.jar (The system cannot find the path specified)
		at java.util.zip.ZipFile.open(Native Method)
		at java.util.zip.ZipFile.<init>(ZipFile.java:225)
		at java.util.zip.ZipFile.<init>(ZipFile.java:155)
		at java.util.jar.JarFile.<init>(JarFile.java:166)
		at java.util.jar.JarFile.<init>(JarFile.java:130)
		at org.apache.tomcat.util.compat.JreCompat.jarFileNewInstance(JreCompat.java:338)
		at org.apache.tomcat.util.compat.JreCompat.jarFileNewInstance(JreCompat.java:324)
		at org.apache.catalina.webresources.AbstractArchiveResourceSet.openJarFile(AbstractArchiveResourceSet.java:324)
		at org.apache.catalina.webresources.AbstractSingleArchiveResourceSet.getArchiveEntry(AbstractSingleArchiveResourceSet.java:96)
		... 34 more
12-Jan-2026 22:30:44.859 SEVERE [http-nio-8080-exec-45] org.apache.catalina.core.ApplicationDispatcher.invoke Servlet.service() for servlet [ErrorHandlerServlet] threw exception
	java.lang.IllegalStateException: java.io.FileNotFoundException: C:\apache-tomcat\webapps\onlinebookstore\WEB-INF\lib\checker-qual-3.5.0.jar (The system cannot find the path specified)
		at org.apache.catalina.webresources.AbstractSingleArchiveResourceSet.getArchiveEntry(AbstractSingleArchiveResourceSet.java:100)
		at org.apache.catalina.webresources.AbstractArchiveResourceSet.getResource(AbstractArchiveResourceSet.java:255)
		at org.apache.catalina.webresources.StandardRoot.getResourceInternal(StandardRoot.java:273)
		at org.apache.catalina.webresources.Cache.getResource(Cache.java:64)
		at org.apache.catalina.webresources.StandardRoot.getResource(StandardRoot.java:212)
		at org.apache.catalina.webresources.StandardRoot.getClassLoaderResource(StandardRoot.java:221)
		at org.apache.catalina.loader.WebappClassLoaderBase.findClassInternal(WebappClassLoaderBase.java:2221)
		at org.apache.catalina.loader.WebappClassLoaderBase.findClassInternal(WebappClassLoaderBase.java:2212)
		at org.apache.catalina.loader.WebappClassLoaderBase.findClass(WebappClassLoaderBase.java:821)
		at org.apache.catalina.loader.WebappClassLoaderBase.loadClass(WebappClassLoaderBase.java:1312)
		at org.apache.catalina.loader.WebappClassLoaderBase.loadClass(WebappClassLoaderBase.java:1160)
		at servlets.ErrorHandlerServlet.service(ErrorHandlerServlet.java:29)
		at javax.servlet.http.HttpServlet.service(HttpServlet.java:623)
		at org.apache.catalina.core.ApplicationFilterChain.internalDoFilter(ApplicationFilterChain.java:197)
		at org.apache.catalina.core.ApplicationFilterChain.doFilter(ApplicationFilterChain.java:142)
		at org.apache.catalina.core.ApplicationDispatcher.invoke(ApplicationDispatcher.java:619)
		at org.apache.catalina.core.ApplicationDispatcher.processRequest(ApplicationDispatcher.java:401)
		at org.apache.catalina.core.ApplicationDispatcher.doForward(ApplicationDispatcher.java:338)
		at org.apache.catalina.core.ApplicationDispatcher.forward(ApplicationDispatcher.java:283)
		at org.apache.catalina.core.StandardHostValve.custom(StandardHostValve.java:392)
		at org.apache.catalina.core.StandardHostValve.status(StandardHostValve.java:220)
		at org.apache.catalina.core.StandardHostValve.invoke(StandardHostValve.java:163)
		at org.apache.catalina.valves.ErrorReportValve.invoke(ErrorReportValve.java:83)
		at org.apache.catalina.valves.AbstractAccessLogValve.invoke(AbstractAccessLogValve.java:643)
		at org.apache.catalina.core.StandardEngineValve.invoke(StandardEngineValve.java:72)
		at org.apache.catalina.connector.CoyoteAdapter.service(CoyoteAdapter.java:344)
		at org.apache.coyote.http11.Http11Processor.service(Http11Processor.java:398)
		at org.apache.coyote.AbstractProcessorLight.process(AbstractProcessorLight.java:63)
		at org.apache.coyote.AbstractProtocol$ConnectionHandler.process(AbstractProtocol.java:939)
		at org.apache.tomcat.util.net.NioEndpoint$SocketProcessor.doRun(NioEndpoint.java:1831)
		at org.apache.tomcat.util.net.SocketProcessorBase.run(SocketProcessorBase.java:52)
		at org.apache.tomcat.util.threads.ThreadPoolExecutor.runWorker(ThreadPoolExecutor.java:973)
		at org.apache.tomcat.util.threads.ThreadPoolExecutor$Worker.run(ThreadPoolExecutor.java:491)
		at org.apache.tomcat.util.threads.TaskThread$WrappingRunnable.run(TaskThread.java:63)
		at java.lang.Thread.run(Thread.java:748)
	Caused by: java.io.FileNotFoundException: C:\apache-tomcat\webapps\onlinebookstore\WEB-INF\lib\checker-qual-3.5.0.jar (The system cannot find the path specified)
		at java.util.zip.ZipFile.open(Native Method)
		at java.util.zip.ZipFile.<init>(ZipFile.java:225)
		at java.util.zip.ZipFile.<init>(ZipFile.java:155)
		at java.util.jar.JarFile.<init>(JarFile.java:166)
		at java.util.jar.JarFile.<init>(JarFile.java:130)
		at org.apache.tomcat.util.compat.JreCompat.jarFileNewInstance(JreCompat.java:338)
		at org.apache.tomcat.util.compat.JreCompat.jarFileNewInstance(JreCompat.java:324)
		at org.apache.catalina.webresources.AbstractArchiveResourceSet.openJarFile(AbstractArchiveResourceSet.java:324)
		at org.apache.catalina.webresources.AbstractSingleArchiveResourceSet.getArchiveEntry(AbstractSingleArchiveResourceSet.java:96)
		... 34 more
12-Jan-2026 22:30:44.859 SEVERE [http-nio-8080-exec-45] org.apache.catalina.core.StandardHostValve.custom Exception Processing [ErrorPage[errorCode=404, location=/error]]
	java.lang.IllegalStateException: java.io.FileNotFoundException: C:\apache-tomcat\webapps\onlinebookstore\WEB-INF\lib\checker-qual-3.5.0.jar (The system cannot find the path specified)
		at org.apache.catalina.webresources.AbstractSingleArchiveResourceSet.getArchiveEntry(AbstractSingleArchiveResourceSet.java:100)
		at org.apache.catalina.webresources.AbstractArchiveResourceSet.getResource(AbstractArchiveResourceSet.java:255)
		at org.apache.catalina.webresources.StandardRoot.getResourceInternal(StandardRoot.java:273)
		at org.apache.catalina.webresources.Cache.getResource(Cache.java:64)
		at org.apache.catalina.webresources.StandardRoot.getResource(StandardRoot.java:212)
		at org.apache.catalina.webresources.StandardRoot.getClassLoaderResource(StandardRoot.java:221)
		at org.apache.catalina.loader.WebappClassLoaderBase.findClassInternal(WebappClassLoaderBase.java:2221)
		at org.apache.catalina.loader.WebappClassLoaderBase.findClassInternal(WebappClassLoaderBase.java:2212)
		at org.apache.catalina.loader.WebappClassLoaderBase.findClass(WebappClassLoaderBase.java:821)
		at org.apache.catalina.loader.WebappClassLoaderBase.loadClass(WebappClassLoaderBase.java:1312)
		at org.apache.catalina.loader.WebappClassLoaderBase.loadClass(WebappClassLoaderBase.java:1160)
		at servlets.ErrorHandlerServlet.service(ErrorHandlerServlet.java:29)
		at javax.servlet.http.HttpServlet.service(HttpServlet.java:623)
		at org.apache.catalina.core.ApplicationFilterChain.internalDoFilter(ApplicationFilterChain.java:197)
		at org.apache.catalina.core.ApplicationFilterChain.doFilter(ApplicationFilterChain.java:142)
		at org.apache.catalina.core.ApplicationDispatcher.invoke(ApplicationDispatcher.java:619)
		at org.apache.catalina.core.ApplicationDispatcher.processRequest(ApplicationDispatcher.java:401)
		at org.apache.catalina.core.ApplicationDispatcher.doForward(ApplicationDispatcher.java:338)
		at org.apache.catalina.core.ApplicationDispatcher.forward(ApplicationDispatcher.java:283)
		at org.apache.catalina.core.StandardHostValve.custom(StandardHostValve.java:392)
		at org.apache.catalina.core.StandardHostValve.status(StandardHostValve.java:220)
		at org.apache.catalina.core.StandardHostValve.invoke(StandardHostValve.java:163)
		at org.apache.catalina.valves.ErrorReportValve.invoke(ErrorReportValve.java:83)
		at org.apache.catalina.valves.AbstractAccessLogValve.invoke(AbstractAccessLogValve.java:643)
		at org.apache.catalina.core.StandardEngineValve.invoke(StandardEngineValve.java:72)
		at org.apache.catalina.connector.CoyoteAdapter.service(CoyoteAdapter.java:344)
		at org.apache.coyote.http11.Http11Processor.service(Http11Processor.java:398)
		at org.apache.coyote.AbstractProcessorLight.process(AbstractProcessorLight.java:63)
		at org.apache.coyote.AbstractProtocol$ConnectionHandler.process(AbstractProtocol.java:939)
		at org.apache.tomcat.util.net.NioEndpoint$SocketProcessor.doRun(NioEndpoint.java:1831)
		at org.apache.tomcat.util.net.SocketProcessorBase.run(SocketProcessorBase.java:52)
		at org.apache.tomcat.util.threads.ThreadPoolExecutor.runWorker(ThreadPoolExecutor.java:973)
		at org.apache.tomcat.util.threads.ThreadPoolExecutor$Worker.run(ThreadPoolExecutor.java:491)
		at org.apache.tomcat.util.threads.TaskThread$WrappingRunnable.run(TaskThread.java:63)
		at java.lang.Thread.run(Thread.java:748)
	Caused by: java.io.FileNotFoundException: C:\apache-tomcat\webapps\onlinebookstore\WEB-INF\lib\checker-qual-3.5.0.jar (The system cannot find the path specified)
		at java.util.zip.ZipFile.open(Native Method)
		at java.util.zip.ZipFile.<init>(ZipFile.java:225)
		at java.util.zip.ZipFile.<init>(ZipFile.java:155)
		at java.util.jar.JarFile.<init>(JarFile.java:166)
		at java.util.jar.JarFile.<init>(JarFile.java:130)
		at org.apache.tomcat.util.compat.JreCompat.jarFileNewInstance(JreCompat.java:338)
		at org.apache.tomcat.util.compat.JreCompat.jarFileNewInstance(JreCompat.java:324)
		at org.apache.catalina.webresources.AbstractArchiveResourceSet.openJarFile(AbstractArchiveResourceSet.java:324)
		at org.apache.catalina.webresources.AbstractSingleArchiveResourceSet.getArchiveEntry(AbstractSingleArchiveResourceSet.java:96)
		... 34 more
12-Jan-2026 22:30:45.025 SEVERE [http-nio-8080-exec-44] org.apache.catalina.core.ApplicationDispatcher.invoke Servlet.service() for servlet [ErrorHandlerServlet] threw exception
	java.lang.IllegalStateException: java.io.FileNotFoundException: C:\apache-tomcat\webapps\onlinebookstore\WEB-INF\lib\checker-qual-3.5.0.jar (The system cannot find the path specified)
		at org.apache.catalina.webresources.AbstractSingleArchiveResourceSet.getArchiveEntry(AbstractSingleArchiveResourceSet.java:100)
		at org.apache.catalina.webresources.AbstractArchiveResourceSet.getResource(AbstractArchiveResourceSet.java:255)
		at org.apache.catalina.webresources.StandardRoot.getResourceInternal(StandardRoot.java:273)
		at org.apache.catalina.webresources.Cache.getResource(Cache.java:64)
		at org.apache.catalina.webresources.StandardRoot.getResource(StandardRoot.java:212)
		at org.apache.catalina.webresources.StandardRoot.getClassLoaderResource(StandardRoot.java:221)
		at org.apache.catalina.loader.WebappClassLoaderBase.findClassInternal(WebappClassLoaderBase.java:2221)
		at org.apache.catalina.loader.WebappClassLoaderBase.findClassInternal(WebappClassLoaderBase.java:2212)
		at org.apache.catalina.loader.WebappClassLoaderBase.findClass(WebappClassLoaderBase.java:821)
		at org.apache.catalina.loader.WebappClassLoaderBase.loadClass(WebappClassLoaderBase.java:1312)
		at org.apache.catalina.loader.WebappClassLoaderBase.loadClass(WebappClassLoaderBase.java:1160)
		at servlets.ErrorHandlerServlet.service(ErrorHandlerServlet.java:29)
		at javax.servlet.http.HttpServlet.service(HttpServlet.java:623)
		at org.apache.catalina.core.ApplicationFilterChain.internalDoFilter(ApplicationFilterChain.java:197)
		at org.apache.catalina.core.ApplicationFilterChain.doFilter(ApplicationFilterChain.java:142)
		at org.apache.catalina.core.ApplicationDispatcher.invoke(ApplicationDispatcher.java:619)
		at org.apache.catalina.core.ApplicationDispatcher.processRequest(ApplicationDispatcher.java:401)
		at org.apache.catalina.core.ApplicationDispatcher.doForward(ApplicationDispatcher.java:338)
		at org.apache.catalina.core.ApplicationDispatcher.forward(ApplicationDispatcher.java:283)
		at org.apache.catalina.core.StandardHostValve.custom(StandardHostValve.java:392)
		at org.apache.catalina.core.StandardHostValve.status(StandardHostValve.java:220)
		at org.apache.catalina.core.StandardHostValve.invoke(StandardHostValve.java:163)
		at org.apache.catalina.valves.ErrorReportValve.invoke(ErrorReportValve.java:83)
		at org.apache.catalina.valves.AbstractAccessLogValve.invoke(AbstractAccessLogValve.java:643)
		at org.apache.catalina.core.StandardEngineValve.invoke(StandardEngineValve.java:72)
		at org.apache.catalina.connector.CoyoteAdapter.service(CoyoteAdapter.java:344)
		at org.apache.coyote.http11.Http11Processor.service(Http11Processor.java:398)
		at org.apache.coyote.AbstractProcessorLight.process(AbstractProcessorLight.java:63)
		at org.apache.coyote.AbstractProtocol$ConnectionHandler.process(AbstractProtocol.java:939)
		at org.apache.tomcat.util.net.NioEndpoint$SocketProcessor.doRun(NioEndpoint.java:1831)
		at org.apache.tomcat.util.net.SocketProcessorBase.run(SocketProcessorBase.java:52)
		at org.apache.tomcat.util.threads.ThreadPoolExecutor.runWorker(ThreadPoolExecutor.java:973)
		at org.apache.tomcat.util.threads.ThreadPoolExecutor$Worker.run(ThreadPoolExecutor.java:491)
		at org.apache.tomcat.util.threads.TaskThread$WrappingRunnable.run(TaskThread.java:63)
		at java.lang.Thread.run(Thread.java:748)
	Caused by: java.io.FileNotFoundException: C:\apache-tomcat\webapps\onlinebookstore\WEB-INF\lib\checker-qual-3.5.0.jar (The system cannot find the path specified)
		at java.util.zip.ZipFile.open(Native Method)
		at java.util.zip.ZipFile.<init>(ZipFile.java:225)
		at java.util.zip.ZipFile.<init>(ZipFile.java:155)
		at java.util.jar.JarFile.<init>(JarFile.java:166)
		at java.util.jar.JarFile.<init>(JarFile.java:130)
		at org.apache.tomcat.util.compat.JreCompat.jarFileNewInstance(JreCompat.java:338)
		at org.apache.tomcat.util.compat.JreCompat.jarFileNewInstance(JreCompat.java:324)
		at org.apache.catalina.webresources.AbstractArchiveResourceSet.openJarFile(AbstractArchiveResourceSet.java:324)
		at org.apache.catalina.webresources.AbstractSingleArchiveResourceSet.getArchiveEntry(AbstractSingleArchiveResourceSet.java:96)
		... 34 more
12-Jan-2026 22:30:45.025 SEVERE [http-nio-8080-exec-44] org.apache.catalina.core.StandardHostValve.custom Exception Processing [ErrorPage[errorCode=404, location=/error]]
	java.lang.IllegalStateException: java.io.FileNotFoundException: C:\apache-tomcat\webapps\onlinebookstore\WEB-INF\lib\checker-qual-3.5.0.jar (The system cannot find the path specified)
		at org.apache.catalina.webresources.AbstractSingleArchiveResourceSet.getArchiveEntry(AbstractSingleArchiveResourceSet.java:100)
		at org.apache.catalina.webresources.AbstractArchiveResourceSet.getResource(AbstractArchiveResourceSet.java:255)
		at org.apache.catalina.webresources.StandardRoot.getResourceInternal(StandardRoot.java:273)
		at org.apache.catalina.webresources.Cache.getResource(Cache.java:64)
		at org.apache.catalina.webresources.StandardRoot.getResource(StandardRoot.java:212)
		at org.apache.catalina.webresources.StandardRoot.getClassLoaderResource(StandardRoot.java:221)
		at org.apache.catalina.loader.WebappClassLoaderBase.findClassInternal(WebappClassLoaderBase.java:2221)
		at org.apache.catalina.loader.WebappClassLoaderBase.findClassInternal(WebappClassLoaderBase.java:2212)
		at org.apache.catalina.loader.WebappClassLoaderBase.findClass(WebappClassLoaderBase.java:821)
		at org.apache.catalina.loader.WebappClassLoaderBase.loadClass(WebappClassLoaderBase.java:1312)
		at org.apache.catalina.loader.WebappClassLoaderBase.loadClass(WebappClassLoaderBase.java:1160)
		at servlets.ErrorHandlerServlet.service(ErrorHandlerServlet.java:29)
		at javax.servlet.http.HttpServlet.service(HttpServlet.java:623)
		at org.apache.catalina.core.ApplicationFilterChain.internalDoFilter(ApplicationFilterChain.java:197)
		at org.apache.catalina.core.ApplicationFilterChain.doFilter(ApplicationFilterChain.java:142)
		at org.apache.catalina.core.ApplicationDispatcher.invoke(ApplicationDispatcher.java:619)
		at org.apache.catalina.core.ApplicationDispatcher.processRequest(ApplicationDispatcher.java:401)
		at org.apache.catalina.core.ApplicationDispatcher.doForward(ApplicationDispatcher.java:338)
		at org.apache.catalina.core.ApplicationDispatcher.forward(ApplicationDispatcher.java:283)
		at org.apache.catalina.core.StandardHostValve.custom(StandardHostValve.java:392)
		at org.apache.catalina.core.StandardHostValve.status(StandardHostValve.java:220)
		at org.apache.catalina.core.StandardHostValve.invoke(StandardHostValve.java:163)
		at org.apache.catalina.valves.ErrorReportValve.invoke(ErrorReportValve.java:83)
		at org.apache.catalina.valves.AbstractAccessLogValve.invoke(AbstractAccessLogValve.java:643)
		at org.apache.catalina.core.StandardEngineValve.invoke(StandardEngineValve.java:72)
		at org.apache.catalina.connector.CoyoteAdapter.service(CoyoteAdapter.java:344)
		at org.apache.coyote.http11.Http11Processor.service(Http11Processor.java:398)
		at org.apache.coyote.AbstractProcessorLight.process(AbstractProcessorLight.java:63)
		at org.apache.coyote.AbstractProtocol$ConnectionHandler.process(AbstractProtocol.java:939)
		at org.apache.tomcat.util.net.NioEndpoint$SocketProcessor.doRun(NioEndpoint.java:1831)
		at org.apache.tomcat.util.net.SocketProcessorBase.run(SocketProcessorBase.java:52)
		at org.apache.tomcat.util.threads.ThreadPoolExecutor.runWorker(ThreadPoolExecutor.java:973)
		at org.apache.tomcat.util.threads.ThreadPoolExecutor$Worker.run(ThreadPoolExecutor.java:491)
		at org.apache.tomcat.util.threads.TaskThread$WrappingRunnable.run(TaskThread.java:63)
		at java.lang.Thread.run(Thread.java:748)
	Caused by: java.io.FileNotFoundException: C:\apache-tomcat\webapps\onlinebookstore\WEB-INF\lib\checker-qual-3.5.0.jar (The system cannot find the path specified)
		at java.util.zip.ZipFile.open(Native Method)
		at java.util.zip.ZipFile.<init>(ZipFile.java:225)
		at java.util.zip.ZipFile.<init>(ZipFile.java:155)
		at java.util.jar.JarFile.<init>(JarFile.java:166)
		at java.util.jar.JarFile.<init>(JarFile.java:130)
		at org.apache.tomcat.util.compat.JreCompat.jarFileNewInstance(JreCompat.java:338)
		at org.apache.tomcat.util.compat.JreCompat.jarFileNewInstance(JreCompat.java:324)
		at org.apache.catalina.webresources.AbstractArchiveResourceSet.openJarFile(AbstractArchiveResourceSet.java:324)
		at org.apache.catalina.webresources.AbstractSingleArchiveResourceSet.getArchiveEntry(AbstractSingleArchiveResourceSet.java:96)
		... 34 more
12-Jan-2026 22:30:45.198 SEVERE [http-nio-8080-exec-48] org.apache.catalina.core.ApplicationDispatcher.invoke Servlet.service() for servlet [ErrorHandlerServlet] threw exception
	java.lang.IllegalStateException: java.io.FileNotFoundException: C:\apache-tomcat\webapps\onlinebookstore\WEB-INF\lib\checker-qual-3.5.0.jar (The system cannot find the path specified)
		at org.apache.catalina.webresources.AbstractSingleArchiveResourceSet.getArchiveEntry(AbstractSingleArchiveResourceSet.java:100)
		at org.apache.catalina.webresources.AbstractArchiveResourceSet.getResource(AbstractArchiveResourceSet.java:255)
		at org.apache.catalina.webresources.StandardRoot.getResourceInternal(StandardRoot.java:273)
		at org.apache.catalina.webresources.Cache.getResource(Cache.java:64)
		at org.apache.catalina.webresources.StandardRoot.getResource(StandardRoot.java:212)
		at org.apache.catalina.webresources.StandardRoot.getClassLoaderResource(StandardRoot.java:221)
		at org.apache.catalina.loader.WebappClassLoaderBase.findClassInternal(WebappClassLoaderBase.java:2221)
		at org.apache.catalina.loader.WebappClassLoaderBase.findClassInternal(WebappClassLoaderBase.java:2212)
		at org.apache.catalina.loader.WebappClassLoaderBase.findClass(WebappClassLoaderBase.java:821)
		at org.apache.catalina.loader.WebappClassLoaderBase.loadClass(WebappClassLoaderBase.java:1312)
		at org.apache.catalina.loader.WebappClassLoaderBase.loadClass(WebappClassLoaderBase.java:1160)
		at servlets.ErrorHandlerServlet.service(ErrorHandlerServlet.java:29)
		at javax.servlet.http.HttpServlet.service(HttpServlet.java:623)
		at org.apache.catalina.core.ApplicationFilterChain.internalDoFilter(ApplicationFilterChain.java:197)
		at org.apache.catalina.core.ApplicationFilterChain.doFilter(ApplicationFilterChain.java:142)
		at org.apache.catalina.core.ApplicationDispatcher.invoke(ApplicationDispatcher.java:619)
		at org.apache.catalina.core.ApplicationDispatcher.processRequest(ApplicationDispatcher.java:401)
		at org.apache.catalina.core.ApplicationDispatcher.doForward(ApplicationDispatcher.java:338)
		at org.apache.catalina.core.ApplicationDispatcher.forward(ApplicationDispatcher.java:283)
		at org.apache.catalina.core.StandardHostValve.custom(StandardHostValve.java:392)
		at org.apache.catalina.core.StandardHostValve.status(StandardHostValve.java:220)
		at org.apache.catalina.core.StandardHostValve.invoke(StandardHostValve.java:163)
		at org.apache.catalina.valves.ErrorReportValve.invoke(ErrorReportValve.java:83)
		at org.apache.catalina.valves.AbstractAccessLogValve.invoke(AbstractAccessLogValve.java:643)
		at org.apache.catalina.core.StandardEngineValve.invoke(StandardEngineValve.java:72)
		at org.apache.catalina.connector.CoyoteAdapter.service(CoyoteAdapter.java:344)
		at org.apache.coyote.http11.Http11Processor.service(Http11Processor.java:398)
		at org.apache.coyote.AbstractProcessorLight.process(AbstractProcessorLight.java:63)
		at org.apache.coyote.AbstractProtocol$ConnectionHandler.process(AbstractProtocol.java:939)
		at org.apache.tomcat.util.net.NioEndpoint$SocketProcessor.doRun(NioEndpoint.java:1831)
		at org.apache.tomcat.util.net.SocketProcessorBase.run(SocketProcessorBase.java:52)
		at org.apache.tomcat.util.threads.ThreadPoolExecutor.runWorker(ThreadPoolExecutor.java:973)
		at org.apache.tomcat.util.threads.ThreadPoolExecutor$Worker.run(ThreadPoolExecutor.java:491)
		at org.apache.tomcat.util.threads.TaskThread$WrappingRunnable.run(TaskThread.java:63)
		at java.lang.Thread.run(Thread.java:748)
	Caused by: java.io.FileNotFoundException: C:\apache-tomcat\webapps\onlinebookstore\WEB-INF\lib\checker-qual-3.5.0.jar (The system cannot find the path specified)
		at java.util.zip.ZipFile.open(Native Method)
		at java.util.zip.ZipFile.<init>(ZipFile.java:225)
		at java.util.zip.ZipFile.<init>(ZipFile.java:155)
		at java.util.jar.JarFile.<init>(JarFile.java:166)
		at java.util.jar.JarFile.<init>(JarFile.java:130)
		at org.apache.tomcat.util.compat.JreCompat.jarFileNewInstance(JreCompat.java:338)
		at org.apache.tomcat.util.compat.JreCompat.jarFileNewInstance(JreCompat.java:324)
		at org.apache.catalina.webresources.AbstractArchiveResourceSet.openJarFile(AbstractArchiveResourceSet.java:324)
		at org.apache.catalina.webresources.AbstractSingleArchiveResourceSet.getArchiveEntry(AbstractSingleArchiveResourceSet.java:96)
		... 34 more
12-Jan-2026 22:30:45.198 SEVERE [http-nio-8080-exec-48] org.apache.catalina.core.StandardHostValve.custom Exception Processing [ErrorPage[errorCode=404, location=/error]]
	java.lang.IllegalStateException: java.io.FileNotFoundException: C:\apache-tomcat\webapps\onlinebookstore\WEB-INF\lib\checker-qual-3.5.0.jar (The system cannot find the path specified)
		at org.apache.catalina.webresources.AbstractSingleArchiveResourceSet.getArchiveEntry(AbstractSingleArchiveResourceSet.java:100)
		at org.apache.catalina.webresources.AbstractArchiveResourceSet.getResource(AbstractArchiveResourceSet.java:255)
		at org.apache.catalina.webresources.StandardRoot.getResourceInternal(StandardRoot.java:273)
		at org.apache.catalina.webresources.Cache.getResource(Cache.java:64)
		at org.apache.catalina.webresources.StandardRoot.getResource(StandardRoot.java:212)
		at org.apache.catalina.webresources.StandardRoot.getClassLoaderResource(StandardRoot.java:221)
		at org.apache.catalina.loader.WebappClassLoaderBase.findClassInternal(WebappClassLoaderBase.java:2221)
		at org.apache.catalina.loader.WebappClassLoaderBase.findClassInternal(WebappClassLoaderBase.java:2212)
		at org.apache.catalina.loader.WebappClassLoaderBase.findClass(WebappClassLoaderBase.java:821)
		at org.apache.catalina.loader.WebappClassLoaderBase.loadClass(WebappClassLoaderBase.java:1312)
		at org.apache.catalina.loader.WebappClassLoaderBase.loadClass(WebappClassLoaderBase.java:1160)
		at servlets.ErrorHandlerServlet.service(ErrorHandlerServlet.java:29)
		at javax.servlet.http.HttpServlet.service(HttpServlet.java:623)
		at org.apache.catalina.core.ApplicationFilterChain.internalDoFilter(ApplicationFilterChain.java:197)
		at org.apache.catalina.core.ApplicationFilterChain.doFilter(ApplicationFilterChain.java:142)
		at org.apache.catalina.core.ApplicationDispatcher.invoke(ApplicationDispatcher.java:619)
		at org.apache.catalina.core.ApplicationDispatcher.processRequest(ApplicationDispatcher.java:401)
		at org.apache.catalina.core.ApplicationDispatcher.doForward(ApplicationDispatcher.java:338)
		at org.apache.catalina.core.ApplicationDispatcher.forward(ApplicationDispatcher.java:283)
		at org.apache.catalina.core.StandardHostValve.custom(StandardHostValve.java:392)
		at org.apache.catalina.core.StandardHostValve.status(StandardHostValve.java:220)
		at org.apache.catalina.core.StandardHostValve.invoke(StandardHostValve.java:163)
		at org.apache.catalina.valves.ErrorReportValve.invoke(ErrorReportValve.java:83)
		at org.apache.catalina.valves.AbstractAccessLogValve.invoke(AbstractAccessLogValve.java:643)
		at org.apache.catalina.core.StandardEngineValve.invoke(StandardEngineValve.java:72)
		at org.apache.catalina.connector.CoyoteAdapter.service(CoyoteAdapter.java:344)
		at org.apache.coyote.http11.Http11Processor.service(Http11Processor.java:398)
		at org.apache.coyote.AbstractProcessorLight.process(AbstractProcessorLight.java:63)
		at org.apache.coyote.AbstractProtocol$ConnectionHandler.process(AbstractProtocol.java:939)
		at org.apache.tomcat.util.net.NioEndpoint$SocketProcessor.doRun(NioEndpoint.java:1831)
		at org.apache.tomcat.util.net.SocketProcessorBase.run(SocketProcessorBase.java:52)
		at org.apache.tomcat.util.threads.ThreadPoolExecutor.runWorker(ThreadPoolExecutor.java:973)
		at org.apache.tomcat.util.threads.ThreadPoolExecutor$Worker.run(ThreadPoolExecutor.java:491)
		at org.apache.tomcat.util.threads.TaskThread$WrappingRunnable.run(TaskThread.java:63)
		at java.lang.Thread.run(Thread.java:748)
	Caused by: java.io.FileNotFoundException: C:\apache-tomcat\webapps\onlinebookstore\WEB-INF\lib\checker-qual-3.5.0.jar (The system cannot find the path specified)
		at java.util.zip.ZipFile.open(Native Method)
		at java.util.zip.ZipFile.<init>(ZipFile.java:225)
		at java.util.zip.ZipFile.<init>(ZipFile.java:155)
		at java.util.jar.JarFile.<init>(JarFile.java:166)
		at java.util.jar.JarFile.<init>(JarFile.java:130)
		at org.apache.tomcat.util.compat.JreCompat.jarFileNewInstance(JreCompat.java:338)
		at org.apache.tomcat.util.compat.JreCompat.jarFileNewInstance(JreCompat.java:324)
		at org.apache.catalina.webresources.AbstractArchiveResourceSet.openJarFile(AbstractArchiveResourceSet.java:324)
		at org.apache.catalina.webresources.AbstractSingleArchiveResourceSet.getArchiveEntry(AbstractSingleArchiveResourceSet.java:96)
		... 34 more
12-Jan-2026 22:30:45.362 SEVERE [http-nio-8080-exec-46] org.apache.catalina.core.ApplicationDispatcher.invoke Servlet.service() for servlet [ErrorHandlerServlet] threw exception
	java.lang.IllegalStateException: java.io.FileNotFoundException: C:\apache-tomcat\webapps\onlinebookstore\WEB-INF\lib\checker-qual-3.5.0.jar (The system cannot find the path specified)
		at org.apache.catalina.webresources.AbstractSingleArchiveResourceSet.getArchiveEntry(AbstractSingleArchiveResourceSet.java:100)
		at org.apache.catalina.webresources.AbstractArchiveResourceSet.getResource(AbstractArchiveResourceSet.java:255)
		at org.apache.catalina.webresources.StandardRoot.getResourceInternal(StandardRoot.java:273)
		at org.apache.catalina.webresources.Cache.getResource(Cache.java:64)
		at org.apache.catalina.webresources.StandardRoot.getResource(StandardRoot.java:212)
		at org.apache.catalina.webresources.StandardRoot.getClassLoaderResource(StandardRoot.java:221)
		at org.apache.catalina.loader.WebappClassLoaderBase.findClassInternal(WebappClassLoaderBase.java:2221)
		at org.apache.catalina.loader.WebappClassLoaderBase.findClassInternal(WebappClassLoaderBase.java:2212)
		at org.apache.catalina.loader.WebappClassLoaderBase.findClass(WebappClassLoaderBase.java:821)
		at org.apache.catalina.loader.WebappClassLoaderBase.loadClass(WebappClassLoaderBase.java:1312)
		at org.apache.catalina.loader.WebappClassLoaderBase.loadClass(WebappClassLoaderBase.java:1160)
		at servlets.ErrorHandlerServlet.service(ErrorHandlerServlet.java:29)
		at javax.servlet.http.HttpServlet.service(HttpServlet.java:623)
		at org.apache.catalina.core.ApplicationFilterChain.internalDoFilter(ApplicationFilterChain.java:197)
		at org.apache.catalina.core.ApplicationFilterChain.doFilter(ApplicationFilterChain.java:142)
		at org.apache.catalina.core.ApplicationDispatcher.invoke(ApplicationDispatcher.java:619)
		at org.apache.catalina.core.ApplicationDispatcher.processRequest(ApplicationDispatcher.java:401)
		at org.apache.catalina.core.ApplicationDispatcher.doForward(ApplicationDispatcher.java:338)
		at org.apache.catalina.core.ApplicationDispatcher.forward(ApplicationDispatcher.java:283)
		at org.apache.catalina.core.StandardHostValve.custom(StandardHostValve.java:392)
		at org.apache.catalina.core.StandardHostValve.status(StandardHostValve.java:220)
		at org.apache.catalina.core.StandardHostValve.invoke(StandardHostValve.java:163)
		at org.apache.catalina.valves.ErrorReportValve.invoke(ErrorReportValve.java:83)
		at org.apache.catalina.valves.AbstractAccessLogValve.invoke(AbstractAccessLogValve.java:643)
		at org.apache.catalina.core.StandardEngineValve.invoke(StandardEngineValve.java:72)
		at org.apache.catalina.connector.CoyoteAdapter.service(CoyoteAdapter.java:344)
		at org.apache.coyote.http11.Http11Processor.service(Http11Processor.java:398)
		at org.apache.coyote.AbstractProcessorLight.process(AbstractProcessorLight.java:63)
		at org.apache.coyote.AbstractProtocol$ConnectionHandler.process(AbstractProtocol.java:939)
		at org.apache.tomcat.util.net.NioEndpoint$SocketProcessor.doRun(NioEndpoint.java:1831)
		at org.apache.tomcat.util.net.SocketProcessorBase.run(SocketProcessorBase.java:52)
		at org.apache.tomcat.util.threads.ThreadPoolExecutor.runWorker(ThreadPoolExecutor.java:973)
		at org.apache.tomcat.util.threads.ThreadPoolExecutor$Worker.run(ThreadPoolExecutor.java:491)
		at org.apache.tomcat.util.threads.TaskThread$WrappingRunnable.run(TaskThread.java:63)
		at java.lang.Thread.run(Thread.java:748)
	Caused by: java.io.FileNotFoundException: C:\apache-tomcat\webapps\onlinebookstore\WEB-INF\lib\checker-qual-3.5.0.jar (The system cannot find the path specified)
		at java.util.zip.ZipFile.open(Native Method)
		at java.util.zip.ZipFile.<init>(ZipFile.java:225)
		at java.util.zip.ZipFile.<init>(ZipFile.java:155)
		at java.util.jar.JarFile.<init>(JarFile.java:166)
		at java.util.jar.JarFile.<init>(JarFile.java:130)
		at org.apache.tomcat.util.compat.JreCompat.jarFileNewInstance(JreCompat.java:338)
		at org.apache.tomcat.util.compat.JreCompat.jarFileNewInstance(JreCompat.java:324)
		at org.apache.catalina.webresources.AbstractArchiveResourceSet.openJarFile(AbstractArchiveResourceSet.java:324)
		at org.apache.catalina.webresources.AbstractSingleArchiveResourceSet.getArchiveEntry(AbstractSingleArchiveResourceSet.java:96)
		... 34 more
12-Jan-2026 22:30:45.362 SEVERE [http-nio-8080-exec-46] org.apache.catalina.core.StandardHostValve.custom Exception Processing [ErrorPage[errorCode=404, location=/error]]
	java.lang.IllegalStateException: java.io.FileNotFoundException: C:\apache-tomcat\webapps\onlinebookstore\WEB-INF\lib\checker-qual-3.5.0.jar (The system cannot find the path specified)
		at org.apache.catalina.webresources.AbstractSingleArchiveResourceSet.getArchiveEntry(AbstractSingleArchiveResourceSet.java:100)
		at org.apache.catalina.webresources.AbstractArchiveResourceSet.getResource(AbstractArchiveResourceSet.java:255)
		at org.apache.catalina.webresources.StandardRoot.getResourceInternal(StandardRoot.java:273)
		at org.apache.catalina.webresources.Cache.getResource(Cache.java:64)
		at org.apache.catalina.webresources.StandardRoot.getResource(StandardRoot.java:212)
		at org.apache.catalina.webresources.StandardRoot.getClassLoaderResource(StandardRoot.java:221)
		at org.apache.catalina.loader.WebappClassLoaderBase.findClassInternal(WebappClassLoaderBase.java:2221)
		at org.apache.catalina.loader.WebappClassLoaderBase.findClassInternal(WebappClassLoaderBase.java:2212)
		at org.apache.catalina.loader.WebappClassLoaderBase.findClass(WebappClassLoaderBase.java:821)
		at org.apache.catalina.loader.WebappClassLoaderBase.loadClass(WebappClassLoaderBase.java:1312)
		at org.apache.catalina.loader.WebappClassLoaderBase.loadClass(WebappClassLoaderBase.java:1160)
		at servlets.ErrorHandlerServlet.service(ErrorHandlerServlet.java:29)
		at javax.servlet.http.HttpServlet.service(HttpServlet.java:623)
		at org.apache.catalina.core.ApplicationFilterChain.internalDoFilter(ApplicationFilterChain.java:197)
		at org.apache.catalina.core.ApplicationFilterChain.doFilter(ApplicationFilterChain.java:142)
		at org.apache.catalina.core.ApplicationDispatcher.invoke(ApplicationDispatcher.java:619)
		at org.apache.catalina.core.ApplicationDispatcher.processRequest(ApplicationDispatcher.java:401)
		at org.apache.catalina.core.ApplicationDispatcher.doForward(ApplicationDispatcher.java:338)
		at org.apache.catalina.core.ApplicationDispatcher.forward(ApplicationDispatcher.java:283)
		at org.apache.catalina.core.StandardHostValve.custom(StandardHostValve.java:392)
		at org.apache.catalina.core.StandardHostValve.status(StandardHostValve.java:220)
		at org.apache.catalina.core.StandardHostValve.invoke(StandardHostValve.java:163)
		at org.apache.catalina.valves.ErrorReportValve.invoke(ErrorReportValve.java:83)
		at org.apache.catalina.valves.AbstractAccessLogValve.invoke(AbstractAccessLogValve.java:643)
		at org.apache.catalina.core.StandardEngineValve.invoke(StandardEngineValve.java:72)
		at org.apache.catalina.connector.CoyoteAdapter.service(CoyoteAdapter.java:344)
		at org.apache.coyote.http11.Http11Processor.service(Http11Processor.java:398)
		at org.apache.coyote.AbstractProcessorLight.process(AbstractProcessorLight.java:63)
		at org.apache.coyote.AbstractProtocol$ConnectionHandler.process(AbstractProtocol.java:939)
		at org.apache.tomcat.util.net.NioEndpoint$SocketProcessor.doRun(NioEndpoint.java:1831)
		at org.apache.tomcat.util.net.SocketProcessorBase.run(SocketProcessorBase.java:52)
		at org.apache.tomcat.util.threads.ThreadPoolExecutor.runWorker(ThreadPoolExecutor.java:973)
		at org.apache.tomcat.util.threads.ThreadPoolExecutor$Worker.run(ThreadPoolExecutor.java:491)
		at org.apache.tomcat.util.threads.TaskThread$WrappingRunnable.run(TaskThread.java:63)
		at java.lang.Thread.run(Thread.java:748)
	Caused by: java.io.FileNotFoundException: C:\apache-tomcat\webapps\onlinebookstore\WEB-INF\lib\checker-qual-3.5.0.jar (The system cannot find the path specified)
		at java.util.zip.ZipFile.open(Native Method)
		at java.util.zip.ZipFile.<init>(ZipFile.java:225)
		at java.util.zip.ZipFile.<init>(ZipFile.java:155)
		at java.util.jar.JarFile.<init>(JarFile.java:166)
		at java.util.jar.JarFile.<init>(JarFile.java:130)
		at org.apache.tomcat.util.compat.JreCompat.jarFileNewInstance(JreCompat.java:338)
		at org.apache.tomcat.util.compat.JreCompat.jarFileNewInstance(JreCompat.java:324)
		at org.apache.catalina.webresources.AbstractArchiveResourceSet.openJarFile(AbstractArchiveResourceSet.java:324)
		at org.apache.catalina.webresources.AbstractSingleArchiveResourceSet.getArchiveEntry(AbstractSingleArchiveResourceSet.java:96)
		... 34 more
12-Jan-2026 22:30:45.532 SEVERE [http-nio-8080-exec-50] org.apache.catalina.core.ApplicationDispatcher.invoke Servlet.service() for servlet [ErrorHandlerServlet] threw exception
	java.lang.IllegalStateException: java.io.FileNotFoundException: C:\apache-tomcat\webapps\onlinebookstore\WEB-INF\lib\checker-qual-3.5.0.jar (The system cannot find the path specified)
		at org.apache.catalina.webresources.AbstractSingleArchiveResourceSet.getArchiveEntry(AbstractSingleArchiveResourceSet.java:100)
		at org.apache.catalina.webresources.AbstractArchiveResourceSet.getResource(AbstractArchiveResourceSet.java:255)
		at org.apache.catalina.webresources.StandardRoot.getResourceInternal(StandardRoot.java:273)
		at org.apache.catalina.webresources.Cache.getResource(Cache.java:64)
		at org.apache.catalina.webresources.StandardRoot.getResource(StandardRoot.java:212)
		at org.apache.catalina.webresources.StandardRoot.getClassLoaderResource(StandardRoot.java:221)
		at org.apache.catalina.loader.WebappClassLoaderBase.findClassInternal(WebappClassLoaderBase.java:2221)
		at org.apache.catalina.loader.WebappClassLoaderBase.findClassInternal(WebappClassLoaderBase.java:2212)
		at org.apache.catalina.loader.WebappClassLoaderBase.findClass(WebappClassLoaderBase.java:821)
		at org.apache.catalina.loader.WebappClassLoaderBase.loadClass(WebappClassLoaderBase.java:1312)
		at org.apache.catalina.loader.WebappClassLoaderBase.loadClass(WebappClassLoaderBase.java:1160)
		at servlets.ErrorHandlerServlet.service(ErrorHandlerServlet.java:29)
		at javax.servlet.http.HttpServlet.service(HttpServlet.java:623)
		at org.apache.catalina.core.ApplicationFilterChain.internalDoFilter(ApplicationFilterChain.java:197)
		at org.apache.catalina.core.ApplicationFilterChain.doFilter(ApplicationFilterChain.java:142)
		at org.apache.catalina.core.ApplicationDispatcher.invoke(ApplicationDispatcher.java:619)
		at org.apache.catalina.core.ApplicationDispatcher.processRequest(ApplicationDispatcher.java:401)
		at org.apache.catalina.core.ApplicationDispatcher.doForward(ApplicationDispatcher.java:338)
		at org.apache.catalina.core.ApplicationDispatcher.forward(ApplicationDispatcher.java:283)
		at org.apache.catalina.core.StandardHostValve.custom(StandardHostValve.java:392)
		at org.apache.catalina.core.StandardHostValve.status(StandardHostValve.java:220)
		at org.apache.catalina.core.StandardHostValve.invoke(StandardHostValve.java:163)
		at org.apache.catalina.valves.ErrorReportValve.invoke(ErrorReportValve.java:83)
		at org.apache.catalina.valves.AbstractAccessLogValve.invoke(AbstractAccessLogValve.java:643)
		at org.apache.catalina.core.StandardEngineValve.invoke(StandardEngineValve.java:72)
		at org.apache.catalina.connector.CoyoteAdapter.service(CoyoteAdapter.java:344)
		at org.apache.coyote.http11.Http11Processor.service(Http11Processor.java:398)
		at org.apache.coyote.AbstractProcessorLight.process(AbstractProcessorLight.java:63)
		at org.apache.coyote.AbstractProtocol$ConnectionHandler.process(AbstractProtocol.java:939)
		at org.apache.tomcat.util.net.NioEndpoint$SocketProcessor.doRun(NioEndpoint.java:1831)
		at org.apache.tomcat.util.net.SocketProcessorBase.run(SocketProcessorBase.java:52)
		at org.apache.tomcat.util.threads.ThreadPoolExecutor.runWorker(ThreadPoolExecutor.java:973)
		at org.apache.tomcat.util.threads.ThreadPoolExecutor$Worker.run(ThreadPoolExecutor.java:491)
		at org.apache.tomcat.util.threads.TaskThread$WrappingRunnable.run(TaskThread.java:63)
		at java.lang.Thread.run(Thread.java:748)
	Caused by: java.io.FileNotFoundException: C:\apache-tomcat\webapps\onlinebookstore\WEB-INF\lib\checker-qual-3.5.0.jar (The system cannot find the path specified)
		at java.util.zip.ZipFile.open(Native Method)
		at java.util.zip.ZipFile.<init>(ZipFile.java:225)
		at java.util.zip.ZipFile.<init>(ZipFile.java:155)
		at java.util.jar.JarFile.<init>(JarFile.java:166)
		at java.util.jar.JarFile.<init>(JarFile.java:130)
		at org.apache.tomcat.util.compat.JreCompat.jarFileNewInstance(JreCompat.java:338)
		at org.apache.tomcat.util.compat.JreCompat.jarFileNewInstance(JreCompat.java:324)
		at org.apache.catalina.webresources.AbstractArchiveResourceSet.openJarFile(AbstractArchiveResourceSet.java:324)
		at org.apache.catalina.webresources.AbstractSingleArchiveResourceSet.getArchiveEntry(AbstractSingleArchiveResourceSet.java:96)
		... 34 more
12-Jan-2026 22:30:45.532 SEVERE [http-nio-8080-exec-50] org.apache.catalina.core.StandardHostValve.custom Exception Processing [ErrorPage[errorCode=404, location=/error]]
	java.lang.IllegalStateException: java.io.FileNotFoundException: C:\apache-tomcat\webapps\onlinebookstore\WEB-INF\lib\checker-qual-3.5.0.jar (The system cannot find the path specified)
		at org.apache.catalina.webresources.AbstractSingleArchiveResourceSet.getArchiveEntry(AbstractSingleArchiveResourceSet.java:100)
		at org.apache.catalina.webresources.AbstractArchiveResourceSet.getResource(AbstractArchiveResourceSet.java:255)
		at org.apache.catalina.webresources.StandardRoot.getResourceInternal(StandardRoot.java:273)
		at org.apache.catalina.webresources.Cache.getResource(Cache.java:64)
		at org.apache.catalina.webresources.StandardRoot.getResource(StandardRoot.java:212)
		at org.apache.catalina.webresources.StandardRoot.getClassLoaderResource(StandardRoot.java:221)
		at org.apache.catalina.loader.WebappClassLoaderBase.findClassInternal(WebappClassLoaderBase.java:2221)
		at org.apache.catalina.loader.WebappClassLoaderBase.findClassInternal(WebappClassLoaderBase.java:2212)
		at org.apache.catalina.loader.WebappClassLoaderBase.findClass(WebappClassLoaderBase.java:821)
		at org.apache.catalina.loader.WebappClassLoaderBase.loadClass(WebappClassLoaderBase.java:1312)
		at org.apache.catalina.loader.WebappClassLoaderBase.loadClass(WebappClassLoaderBase.java:1160)
		at servlets.ErrorHandlerServlet.service(ErrorHandlerServlet.java:29)
		at javax.servlet.http.HttpServlet.service(HttpServlet.java:623)
		at org.apache.catalina.core.ApplicationFilterChain.internalDoFilter(ApplicationFilterChain.java:197)
		at org.apache.catalina.core.ApplicationFilterChain.doFilter(ApplicationFilterChain.java:142)
		at org.apache.catalina.core.ApplicationDispatcher.invoke(ApplicationDispatcher.java:619)
		at org.apache.catalina.core.ApplicationDispatcher.processRequest(ApplicationDispatcher.java:401)
		at org.apache.catalina.core.ApplicationDispatcher.doForward(ApplicationDispatcher.java:338)
		at org.apache.catalina.core.ApplicationDispatcher.forward(ApplicationDispatcher.java:283)
		at org.apache.catalina.core.StandardHostValve.custom(StandardHostValve.java:392)
		at org.apache.catalina.core.StandardHostValve.status(StandardHostValve.java:220)
		at org.apache.catalina.core.StandardHostValve.invoke(StandardHostValve.java:163)
		at org.apache.catalina.valves.ErrorReportValve.invoke(ErrorReportValve.java:83)
		at org.apache.catalina.valves.AbstractAccessLogValve.invoke(AbstractAccessLogValve.java:643)
		at org.apache.catalina.core.StandardEngineValve.invoke(StandardEngineValve.java:72)
		at org.apache.catalina.connector.CoyoteAdapter.service(CoyoteAdapter.java:344)
		at org.apache.coyote.http11.Http11Processor.service(Http11Processor.java:398)
		at org.apache.coyote.AbstractProcessorLight.process(AbstractProcessorLight.java:63)
		at org.apache.coyote.AbstractProtocol$ConnectionHandler.process(AbstractProtocol.java:939)
		at org.apache.tomcat.util.net.NioEndpoint$SocketProcessor.doRun(NioEndpoint.java:1831)
		at org.apache.tomcat.util.net.SocketProcessorBase.run(SocketProcessorBase.java:52)
		at org.apache.tomcat.util.threads.ThreadPoolExecutor.runWorker(ThreadPoolExecutor.java:973)
		at org.apache.tomcat.util.threads.ThreadPoolExecutor$Worker.run(ThreadPoolExecutor.java:491)
		at org.apache.tomcat.util.threads.TaskThread$WrappingRunnable.run(TaskThread.java:63)
		at java.lang.Thread.run(Thread.java:748)
	Caused by: java.io.FileNotFoundException: C:\apache-tomcat\webapps\onlinebookstore\WEB-INF\lib\checker-qual-3.5.0.jar (The system cannot find the path specified)
		at java.util.zip.ZipFile.open(Native Method)
		at java.util.zip.ZipFile.<init>(ZipFile.java:225)
		at java.util.zip.ZipFile.<init>(ZipFile.java:155)
		at java.util.jar.JarFile.<init>(JarFile.java:166)
		at java.util.jar.JarFile.<init>(JarFile.java:130)
		at org.apache.tomcat.util.compat.JreCompat.jarFileNewInstance(JreCompat.java:338)
		at org.apache.tomcat.util.compat.JreCompat.jarFileNewInstance(JreCompat.java:324)
		at org.apache.catalina.webresources.AbstractArchiveResourceSet.openJarFile(AbstractArchiveResourceSet.java:324)
		at org.apache.catalina.webresources.AbstractSingleArchiveResourceSet.getArchiveEntry(AbstractSingleArchiveResourceSet.java:96)
		... 34 more
12-Jan-2026 22:30:45.697 SEVERE [http-nio-8080-exec-49] org.apache.catalina.core.ApplicationDispatcher.invoke Servlet.service() for servlet [ErrorHandlerServlet] threw exception
	java.lang.IllegalStateException: java.io.FileNotFoundException: C:\apache-tomcat\webapps\onlinebookstore\WEB-INF\lib\checker-qual-3.5.0.jar (The system cannot find the path specified)
		at org.apache.catalina.webresources.AbstractSingleArchiveResourceSet.getArchiveEntry(AbstractSingleArchiveResourceSet.java:100)
		at org.apache.catalina.webresources.AbstractArchiveResourceSet.getResource(AbstractArchiveResourceSet.java:255)
		at org.apache.catalina.webresources.StandardRoot.getResourceInternal(StandardRoot.java:273)
		at org.apache.catalina.webresources.Cache.getResource(Cache.java:64)
		at org.apache.catalina.webresources.StandardRoot.getResource(StandardRoot.java:212)
		at org.apache.catalina.webresources.StandardRoot.getClassLoaderResource(StandardRoot.java:221)
		at org.apache.catalina.loader.WebappClassLoaderBase.findClassInternal(WebappClassLoaderBase.java:2221)
		at org.apache.catalina.loader.WebappClassLoaderBase.findClassInternal(WebappClassLoaderBase.java:2212)
		at org.apache.catalina.loader.WebappClassLoaderBase.findClass(WebappClassLoaderBase.java:821)
		at org.apache.catalina.loader.WebappClassLoaderBase.loadClass(WebappClassLoaderBase.java:1312)
		at org.apache.catalina.loader.WebappClassLoaderBase.loadClass(WebappClassLoaderBase.java:1160)
		at servlets.ErrorHandlerServlet.service(ErrorHandlerServlet.java:29)
		at javax.servlet.http.HttpServlet.service(HttpServlet.java:623)
		at org.apache.catalina.core.ApplicationFilterChain.internalDoFilter(ApplicationFilterChain.java:197)
		at org.apache.catalina.core.ApplicationFilterChain.doFilter(ApplicationFilterChain.java:142)
		at org.apache.catalina.core.ApplicationDispatcher.invoke(ApplicationDispatcher.java:619)
		at org.apache.catalina.core.ApplicationDispatcher.processRequest(ApplicationDispatcher.java:401)
		at org.apache.catalina.core.ApplicationDispatcher.doForward(ApplicationDispatcher.java:338)
		at org.apache.catalina.core.ApplicationDispatcher.forward(ApplicationDispatcher.java:283)
		at org.apache.catalina.core.StandardHostValve.custom(StandardHostValve.java:392)
		at org.apache.catalina.core.StandardHostValve.status(StandardHostValve.java:220)
		at org.apache.catalina.core.StandardHostValve.invoke(StandardHostValve.java:163)
		at org.apache.catalina.valves.ErrorReportValve.invoke(ErrorReportValve.java:83)
		at org.apache.catalina.valves.AbstractAccessLogValve.invoke(AbstractAccessLogValve.java:643)
		at org.apache.catalina.core.StandardEngineValve.invoke(StandardEngineValve.java:72)
		at org.apache.catalina.connector.CoyoteAdapter.service(CoyoteAdapter.java:344)
		at org.apache.coyote.http11.Http11Processor.service(Http11Processor.java:398)
		at org.apache.coyote.AbstractProcessorLight.process(AbstractProcessorLight.java:63)
		at org.apache.coyote.AbstractProtocol$ConnectionHandler.process(AbstractProtocol.java:939)
		at org.apache.tomcat.util.net.NioEndpoint$SocketProcessor.doRun(NioEndpoint.java:1831)
		at org.apache.tomcat.util.net.SocketProcessorBase.run(SocketProcessorBase.java:52)
		at org.apache.tomcat.util.threads.ThreadPoolExecutor.runWorker(ThreadPoolExecutor.java:973)
		at org.apache.tomcat.util.threads.ThreadPoolExecutor$Worker.run(ThreadPoolExecutor.java:491)
		at org.apache.tomcat.util.threads.TaskThread$WrappingRunnable.run(TaskThread.java:63)
		at java.lang.Thread.run(Thread.java:748)
	Caused by: java.io.FileNotFoundException: C:\apache-tomcat\webapps\onlinebookstore\WEB-INF\lib\checker-qual-3.5.0.jar (The system cannot find the path specified)
		at java.util.zip.ZipFile.open(Native Method)
		at java.util.zip.ZipFile.<init>(ZipFile.java:225)
		at java.util.zip.ZipFile.<init>(ZipFile.java:155)
		at java.util.jar.JarFile.<init>(JarFile.java:166)
		at java.util.jar.JarFile.<init>(JarFile.java:130)
		at org.apache.tomcat.util.compat.JreCompat.jarFileNewInstance(JreCompat.java:338)
		at org.apache.tomcat.util.compat.JreCompat.jarFileNewInstance(JreCompat.java:324)
		at org.apache.catalina.webresources.AbstractArchiveResourceSet.openJarFile(AbstractArchiveResourceSet.java:324)
		at org.apache.catalina.webresources.AbstractSingleArchiveResourceSet.getArchiveEntry(AbstractSingleArchiveResourceSet.java:96)
		... 34 more
12-Jan-2026 22:30:45.697 SEVERE [http-nio-8080-exec-49] org.apache.catalina.core.StandardHostValve.custom Exception Processing [ErrorPage[errorCode=404, location=/error]]
	java.lang.IllegalStateException: java.io.FileNotFoundException: C:\apache-tomcat\webapps\onlinebookstore\WEB-INF\lib\checker-qual-3.5.0.jar (The system cannot find the path specified)
		at org.apache.catalina.webresources.AbstractSingleArchiveResourceSet.getArchiveEntry(AbstractSingleArchiveResourceSet.java:100)
		at org.apache.catalina.webresources.AbstractArchiveResourceSet.getResource(AbstractArchiveResourceSet.java:255)
		at org.apache.catalina.webresources.StandardRoot.getResourceInternal(StandardRoot.java:273)
		at org.apache.catalina.webresources.Cache.getResource(Cache.java:64)
		at org.apache.catalina.webresources.StandardRoot.getResource(StandardRoot.java:212)
		at org.apache.catalina.webresources.StandardRoot.getClassLoaderResource(StandardRoot.java:221)
		at org.apache.catalina.loader.WebappClassLoaderBase.findClassInternal(WebappClassLoaderBase.java:2221)
		at org.apache.catalina.loader.WebappClassLoaderBase.findClassInternal(WebappClassLoaderBase.java:2212)
		at org.apache.catalina.loader.WebappClassLoaderBase.findClass(WebappClassLoaderBase.java:821)
		at org.apache.catalina.loader.WebappClassLoaderBase.loadClass(WebappClassLoaderBase.java:1312)
		at org.apache.catalina.loader.WebappClassLoaderBase.loadClass(WebappClassLoaderBase.java:1160)
		at servlets.ErrorHandlerServlet.service(ErrorHandlerServlet.java:29)
		at javax.servlet.http.HttpServlet.service(HttpServlet.java:623)
		at org.apache.catalina.core.ApplicationFilterChain.internalDoFilter(ApplicationFilterChain.java:197)
		at org.apache.catalina.core.ApplicationFilterChain.doFilter(ApplicationFilterChain.java:142)
		at org.apache.catalina.core.ApplicationDispatcher.invoke(ApplicationDispatcher.java:619)
		at org.apache.catalina.core.ApplicationDispatcher.processRequest(ApplicationDispatcher.java:401)
		at org.apache.catalina.core.ApplicationDispatcher.doForward(ApplicationDispatcher.java:338)
		at org.apache.catalina.core.ApplicationDispatcher.forward(ApplicationDispatcher.java:283)
		at org.apache.catalina.core.StandardHostValve.custom(StandardHostValve.java:392)
		at org.apache.catalina.core.StandardHostValve.status(StandardHostValve.java:220)
		at org.apache.catalina.core.StandardHostValve.invoke(StandardHostValve.java:163)
		at org.apache.catalina.valves.ErrorReportValve.invoke(ErrorReportValve.java:83)
		at org.apache.catalina.valves.AbstractAccessLogValve.invoke(AbstractAccessLogValve.java:643)
		at org.apache.catalina.core.StandardEngineValve.invoke(StandardEngineValve.java:72)
		at org.apache.catalina.connector.CoyoteAdapter.service(CoyoteAdapter.java:344)
		at org.apache.coyote.http11.Http11Processor.service(Http11Processor.java:398)
		at org.apache.coyote.AbstractProcessorLight.process(AbstractProcessorLight.java:63)
		at org.apache.coyote.AbstractProtocol$ConnectionHandler.process(AbstractProtocol.java:939)
		at org.apache.tomcat.util.net.NioEndpoint$SocketProcessor.doRun(NioEndpoint.java:1831)
		at org.apache.tomcat.util.net.SocketProcessorBase.run(SocketProcessorBase.java:52)
		at org.apache.tomcat.util.threads.ThreadPoolExecutor.runWorker(ThreadPoolExecutor.java:973)
		at org.apache.tomcat.util.threads.ThreadPoolExecutor$Worker.run(ThreadPoolExecutor.java:491)
		at org.apache.tomcat.util.threads.TaskThread$WrappingRunnable.run(TaskThread.java:63)
		at java.lang.Thread.run(Thread.java:748)
	Caused by: java.io.FileNotFoundException: C:\apache-tomcat\webapps\onlinebookstore\WEB-INF\lib\checker-qual-3.5.0.jar (The system cannot find the path specified)
		at java.util.zip.ZipFile.open(Native Method)
		at java.util.zip.ZipFile.<init>(ZipFile.java:225)
		at java.util.zip.ZipFile.<init>(ZipFile.java:155)
		at java.util.jar.JarFile.<init>(JarFile.java:166)
		at java.util.jar.JarFile.<init>(JarFile.java:130)
		at org.apache.tomcat.util.compat.JreCompat.jarFileNewInstance(JreCompat.java:338)
		at org.apache.tomcat.util.compat.JreCompat.jarFileNewInstance(JreCompat.java:324)
		at org.apache.catalina.webresources.AbstractArchiveResourceSet.openJarFile(AbstractArchiveResourceSet.java:324)
		at org.apache.catalina.webresources.AbstractSingleArchiveResourceSet.getArchiveEntry(AbstractSingleArchiveResourceSet.java:96)
		... 34 more
12-Jan-2026 22:30:45.867 SEVERE [http-nio-8080-exec-43] org.apache.catalina.core.ApplicationDispatcher.invoke Servlet.service() for servlet [ErrorHandlerServlet] threw exception
	java.lang.IllegalStateException: java.io.FileNotFoundException: C:\apache-tomcat\webapps\onlinebookstore\WEB-INF\lib\checker-qual-3.5.0.jar (The system cannot find the path specified)
		at org.apache.catalina.webresources.AbstractSingleArchiveResourceSet.getArchiveEntry(AbstractSingleArchiveResourceSet.java:100)
		at org.apache.catalina.webresources.AbstractArchiveResourceSet.getResource(AbstractArchiveResourceSet.java:255)
		at org.apache.catalina.webresources.StandardRoot.getResourceInternal(StandardRoot.java:273)
		at org.apache.catalina.webresources.Cache.getResource(Cache.java:64)
		at org.apache.catalina.webresources.StandardRoot.getResource(StandardRoot.java:212)
		at org.apache.catalina.webresources.StandardRoot.getClassLoaderResource(StandardRoot.java:221)
		at org.apache.catalina.loader.WebappClassLoaderBase.findClassInternal(WebappClassLoaderBase.java:2221)
		at org.apache.catalina.loader.WebappClassLoaderBase.findClassInternal(WebappClassLoaderBase.java:2212)
		at org.apache.catalina.loader.WebappClassLoaderBase.findClass(WebappClassLoaderBase.java:821)
		at org.apache.catalina.loader.WebappClassLoaderBase.loadClass(WebappClassLoaderBase.java:1312)
		at org.apache.catalina.loader.WebappClassLoaderBase.loadClass(WebappClassLoaderBase.java:1160)
		at servlets.ErrorHandlerServlet.service(ErrorHandlerServlet.java:29)
		at javax.servlet.http.HttpServlet.service(HttpServlet.java:623)
		at org.apache.catalina.core.ApplicationFilterChain.internalDoFilter(ApplicationFilterChain.java:197)
		at org.apache.catalina.core.ApplicationFilterChain.doFilter(ApplicationFilterChain.java:142)
		at org.apache.catalina.core.ApplicationDispatcher.invoke(ApplicationDispatcher.java:619)
		at org.apache.catalina.core.ApplicationDispatcher.processRequest(ApplicationDispatcher.java:401)
		at org.apache.catalina.core.ApplicationDispatcher.doForward(ApplicationDispatcher.java:338)
		at org.apache.catalina.core.ApplicationDispatcher.forward(ApplicationDispatcher.java:283)
		at org.apache.catalina.core.StandardHostValve.custom(StandardHostValve.java:392)
		at org.apache.catalina.core.StandardHostValve.status(StandardHostValve.java:220)
		at org.apache.catalina.core.StandardHostValve.invoke(StandardHostValve.java:163)
		at org.apache.catalina.valves.ErrorReportValve.invoke(ErrorReportValve.java:83)
		at org.apache.catalina.valves.AbstractAccessLogValve.invoke(AbstractAccessLogValve.java:643)
		at org.apache.catalina.core.StandardEngineValve.invoke(StandardEngineValve.java:72)
		at org.apache.catalina.connector.CoyoteAdapter.service(CoyoteAdapter.java:344)
		at org.apache.coyote.http11.Http11Processor.service(Http11Processor.java:398)
		at org.apache.coyote.AbstractProcessorLight.process(AbstractProcessorLight.java:63)
		at org.apache.coyote.AbstractProtocol$ConnectionHandler.process(AbstractProtocol.java:939)
		at org.apache.tomcat.util.net.NioEndpoint$SocketProcessor.doRun(NioEndpoint.java:1831)
		at org.apache.tomcat.util.net.SocketProcessorBase.run(SocketProcessorBase.java:52)
		at org.apache.tomcat.util.threads.ThreadPoolExecutor.runWorker(ThreadPoolExecutor.java:973)
		at org.apache.tomcat.util.threads.ThreadPoolExecutor$Worker.run(ThreadPoolExecutor.java:491)
		at org.apache.tomcat.util.threads.TaskThread$WrappingRunnable.run(TaskThread.java:63)
		at java.lang.Thread.run(Thread.java:748)
	Caused by: java.io.FileNotFoundException: C:\apache-tomcat\webapps\onlinebookstore\WEB-INF\lib\checker-qual-3.5.0.jar (The system cannot find the path specified)
		at java.util.zip.ZipFile.open(Native Method)
		at java.util.zip.ZipFile.<init>(ZipFile.java:225)
		at java.util.zip.ZipFile.<init>(ZipFile.java:155)
		at java.util.jar.JarFile.<init>(JarFile.java:166)
		at java.util.jar.JarFile.<init>(JarFile.java:130)
		at org.apache.tomcat.util.compat.JreCompat.jarFileNewInstance(JreCompat.java:338)
		at org.apache.tomcat.util.compat.JreCompat.jarFileNewInstance(JreCompat.java:324)
		at org.apache.catalina.webresources.AbstractArchiveResourceSet.openJarFile(AbstractArchiveResourceSet.java:324)
		at org.apache.catalina.webresources.AbstractSingleArchiveResourceSet.getArchiveEntry(AbstractSingleArchiveResourceSet.java:96)
		... 34 more
12-Jan-2026 22:30:45.867 SEVERE [http-nio-8080-exec-43] org.apache.catalina.core.StandardHostValve.custom Exception Processing [ErrorPage[errorCode=404, location=/error]]
	java.lang.IllegalStateException: java.io.FileNotFoundException: C:\apache-tomcat\webapps\onlinebookstore\WEB-INF\lib\checker-qual-3.5.0.jar (The system cannot find the path specified)
		at org.apache.catalina.webresources.AbstractSingleArchiveResourceSet.getArchiveEntry(AbstractSingleArchiveResourceSet.java:100)
		at org.apache.catalina.webresources.AbstractArchiveResourceSet.getResource(AbstractArchiveResourceSet.java:255)
		at org.apache.catalina.webresources.StandardRoot.getResourceInternal(StandardRoot.java:273)
		at org.apache.catalina.webresources.Cache.getResource(Cache.java:64)
		at org.apache.catalina.webresources.StandardRoot.getResource(StandardRoot.java:212)
		at org.apache.catalina.webresources.StandardRoot.getClassLoaderResource(StandardRoot.java:221)
		at org.apache.catalina.loader.WebappClassLoaderBase.findClassInternal(WebappClassLoaderBase.java:2221)
		at org.apache.catalina.loader.WebappClassLoaderBase.findClassInternal(WebappClassLoaderBase.java:2212)
		at org.apache.catalina.loader.WebappClassLoaderBase.findClass(WebappClassLoaderBase.java:821)
		at org.apache.catalina.loader.WebappClassLoaderBase.loadClass(WebappClassLoaderBase.java:1312)
		at org.apache.catalina.loader.WebappClassLoaderBase.loadClass(WebappClassLoaderBase.java:1160)
		at servlets.ErrorHandlerServlet.service(ErrorHandlerServlet.java:29)
		at javax.servlet.http.HttpServlet.service(HttpServlet.java:623)
		at org.apache.catalina.core.ApplicationFilterChain.internalDoFilter(ApplicationFilterChain.java:197)
		at org.apache.catalina.core.ApplicationFilterChain.doFilter(ApplicationFilterChain.java:142)
		at org.apache.catalina.core.ApplicationDispatcher.invoke(ApplicationDispatcher.java:619)
		at org.apache.catalina.core.ApplicationDispatcher.processRequest(ApplicationDispatcher.java:401)
		at org.apache.catalina.core.ApplicationDispatcher.doForward(ApplicationDispatcher.java:338)
		at org.apache.catalina.core.ApplicationDispatcher.forward(ApplicationDispatcher.java:283)
		at org.apache.catalina.core.StandardHostValve.custom(StandardHostValve.java:392)
		at org.apache.catalina.core.StandardHostValve.status(StandardHostValve.java:220)
		at org.apache.catalina.core.StandardHostValve.invoke(StandardHostValve.java:163)
		at org.apache.catalina.valves.ErrorReportValve.invoke(ErrorReportValve.java:83)
		at org.apache.catalina.valves.AbstractAccessLogValve.invoke(AbstractAccessLogValve.java:643)
		at org.apache.catalina.core.StandardEngineValve.invoke(StandardEngineValve.java:72)
		at org.apache.catalina.connector.CoyoteAdapter.service(CoyoteAdapter.java:344)
		at org.apache.coyote.http11.Http11Processor.service(Http11Processor.java:398)
		at org.apache.coyote.AbstractProcessorLight.process(AbstractProcessorLight.java:63)
		at org.apache.coyote.AbstractProtocol$ConnectionHandler.process(AbstractProtocol.java:939)
		at org.apache.tomcat.util.net.NioEndpoint$SocketProcessor.doRun(NioEndpoint.java:1831)
		at org.apache.tomcat.util.net.SocketProcessorBase.run(SocketProcessorBase.java:52)
		at org.apache.tomcat.util.threads.ThreadPoolExecutor.runWorker(ThreadPoolExecutor.java:973)
		at org.apache.tomcat.util.threads.ThreadPoolExecutor$Worker.run(ThreadPoolExecutor.java:491)
		at org.apache.tomcat.util.threads.TaskThread$WrappingRunnable.run(TaskThread.java:63)
		at java.lang.Thread.run(Thread.java:748)
	Caused by: java.io.FileNotFoundException: C:\apache-tomcat\webapps\onlinebookstore\WEB-INF\lib\checker-qual-3.5.0.jar (The system cannot find the path specified)
		at java.util.zip.ZipFile.open(Native Method)
		at java.util.zip.ZipFile.<init>(ZipFile.java:225)
		at java.util.zip.ZipFile.<init>(ZipFile.java:155)
		at java.util.jar.JarFile.<init>(JarFile.java:166)
		at java.util.jar.JarFile.<init>(JarFile.java:130)
		at org.apache.tomcat.util.compat.JreCompat.jarFileNewInstance(JreCompat.java:338)
		at org.apache.tomcat.util.compat.JreCompat.jarFileNewInstance(JreCompat.java:324)
		at org.apache.catalina.webresources.AbstractArchiveResourceSet.openJarFile(AbstractArchiveResourceSet.java:324)
		at org.apache.catalina.webresources.AbstractSingleArchiveResourceSet.getArchiveEntry(AbstractSingleArchiveResourceSet.java:96)
		... 34 more
12-Jan-2026 22:30:46.041 SEVERE [http-nio-8080-exec-47] org.apache.catalina.core.ApplicationDispatcher.invoke Servlet.service() for servlet [ErrorHandlerServlet] threw exception
	java.lang.IllegalStateException: java.io.FileNotFoundException: C:\apache-tomcat\webapps\onlinebookstore\WEB-INF\lib\checker-qual-3.5.0.jar (The system cannot find the path specified)
		at org.apache.catalina.webresources.AbstractSingleArchiveResourceSet.getArchiveEntry(AbstractSingleArchiveResourceSet.java:100)
		at org.apache.catalina.webresources.AbstractArchiveResourceSet.getResource(AbstractArchiveResourceSet.java:255)
		at org.apache.catalina.webresources.StandardRoot.getResourceInternal(StandardRoot.java:273)
		at org.apache.catalina.webresources.Cache.getResource(Cache.java:64)
		at org.apache.catalina.webresources.StandardRoot.getResource(StandardRoot.java:212)
		at org.apache.catalina.webresources.StandardRoot.getClassLoaderResource(StandardRoot.java:221)
		at org.apache.catalina.loader.WebappClassLoaderBase.findClassInternal(WebappClassLoaderBase.java:2221)
		at org.apache.catalina.loader.WebappClassLoaderBase.findClassInternal(WebappClassLoaderBase.java:2212)
		at org.apache.catalina.loader.WebappClassLoaderBase.findClass(WebappClassLoaderBase.java:821)
		at org.apache.catalina.loader.WebappClassLoaderBase.loadClass(WebappClassLoaderBase.java:1312)
		at org.apache.catalina.loader.WebappClassLoaderBase.loadClass(WebappClassLoaderBase.java:1160)
		at servlets.ErrorHandlerServlet.service(ErrorHandlerServlet.java:29)
		at javax.servlet.http.HttpServlet.service(HttpServlet.java:623)
		at org.apache.catalina.core.ApplicationFilterChain.internalDoFilter(ApplicationFilterChain.java:197)
		at org.apache.catalina.core.ApplicationFilterChain.doFilter(ApplicationFilterChain.java:142)
		at org.apache.catalina.core.ApplicationDispatcher.invoke(ApplicationDispatcher.java:619)
		at org.apache.catalina.core.ApplicationDispatcher.processRequest(ApplicationDispatcher.java:401)
		at org.apache.catalina.core.ApplicationDispatcher.doForward(ApplicationDispatcher.java:338)
		at org.apache.catalina.core.ApplicationDispatcher.forward(ApplicationDispatcher.java:283)
		at org.apache.catalina.core.StandardHostValve.custom(StandardHostValve.java:392)
		at org.apache.catalina.core.StandardHostValve.status(StandardHostValve.java:220)
		at org.apache.catalina.core.StandardHostValve.invoke(StandardHostValve.java:163)
		at org.apache.catalina.valves.ErrorReportValve.invoke(ErrorReportValve.java:83)
		at org.apache.catalina.valves.AbstractAccessLogValve.invoke(AbstractAccessLogValve.java:643)
		at org.apache.catalina.core.StandardEngineValve.invoke(StandardEngineValve.java:72)
		at org.apache.catalina.connector.CoyoteAdapter.service(CoyoteAdapter.java:344)
		at org.apache.coyote.http11.Http11Processor.service(Http11Processor.java:398)
		at org.apache.coyote.AbstractProcessorLight.process(AbstractProcessorLight.java:63)
		at org.apache.coyote.AbstractProtocol$ConnectionHandler.process(AbstractProtocol.java:939)
		at org.apache.tomcat.util.net.NioEndpoint$SocketProcessor.doRun(NioEndpoint.java:1831)
		at org.apache.tomcat.util.net.SocketProcessorBase.run(SocketProcessorBase.java:52)
		at org.apache.tomcat.util.threads.ThreadPoolExecutor.runWorker(ThreadPoolExecutor.java:973)
		at org.apache.tomcat.util.threads.ThreadPoolExecutor$Worker.run(ThreadPoolExecutor.java:491)
		at org.apache.tomcat.util.threads.TaskThread$WrappingRunnable.run(TaskThread.java:63)
		at java.lang.Thread.run(Thread.java:748)
	Caused by: java.io.FileNotFoundException: C:\apache-tomcat\webapps\onlinebookstore\WEB-INF\lib\checker-qual-3.5.0.jar (The system cannot find the path specified)
		at java.util.zip.ZipFile.open(Native Method)
		at java.util.zip.ZipFile.<init>(ZipFile.java:225)
		at java.util.zip.ZipFile.<init>(ZipFile.java:155)
		at java.util.jar.JarFile.<init>(JarFile.java:166)
		at java.util.jar.JarFile.<init>(JarFile.java:130)
		at org.apache.tomcat.util.compat.JreCompat.jarFileNewInstance(JreCompat.java:338)
		at org.apache.tomcat.util.compat.JreCompat.jarFileNewInstance(JreCompat.java:324)
		at org.apache.catalina.webresources.AbstractArchiveResourceSet.openJarFile(AbstractArchiveResourceSet.java:324)
		at org.apache.catalina.webresources.AbstractSingleArchiveResourceSet.getArchiveEntry(AbstractSingleArchiveResourceSet.java:96)
		... 34 more
12-Jan-2026 22:30:46.041 SEVERE [http-nio-8080-exec-47] org.apache.catalina.core.StandardHostValve.custom Exception Processing [ErrorPage[errorCode=404, location=/error]]
	java.lang.IllegalStateException: java.io.FileNotFoundException: C:\apache-tomcat\webapps\onlinebookstore\WEB-INF\lib\checker-qual-3.5.0.jar (The system cannot find the path specified)
		at org.apache.catalina.webresources.AbstractSingleArchiveResourceSet.getArchiveEntry(AbstractSingleArchiveResourceSet.java:100)
		at org.apache.catalina.webresources.AbstractArchiveResourceSet.getResource(AbstractArchiveResourceSet.java:255)
		at org.apache.catalina.webresources.StandardRoot.getResourceInternal(StandardRoot.java:273)
		at org.apache.catalina.webresources.Cache.getResource(Cache.java:64)
		at org.apache.catalina.webresources.StandardRoot.getResource(StandardRoot.java:212)
		at org.apache.catalina.webresources.StandardRoot.getClassLoaderResource(StandardRoot.java:221)
		at org.apache.catalina.loader.WebappClassLoaderBase.findClassInternal(WebappClassLoaderBase.java:2221)
		at org.apache.catalina.loader.WebappClassLoaderBase.findClassInternal(WebappClassLoaderBase.java:2212)
		at org.apache.catalina.loader.WebappClassLoaderBase.findClass(WebappClassLoaderBase.java:821)
		at org.apache.catalina.loader.WebappClassLoaderBase.loadClass(WebappClassLoaderBase.java:1312)
		at org.apache.catalina.loader.WebappClassLoaderBase.loadClass(WebappClassLoaderBase.java:1160)
		at servlets.ErrorHandlerServlet.service(ErrorHandlerServlet.java:29)
		at javax.servlet.http.HttpServlet.service(HttpServlet.java:623)
		at org.apache.catalina.core.ApplicationFilterChain.internalDoFilter(ApplicationFilterChain.java:197)
		at org.apache.catalina.core.ApplicationFilterChain.doFilter(ApplicationFilterChain.java:142)
		at org.apache.catalina.core.ApplicationDispatcher.invoke(ApplicationDispatcher.java:619)
		at org.apache.catalina.core.ApplicationDispatcher.processRequest(ApplicationDispatcher.java:401)
		at org.apache.catalina.core.ApplicationDispatcher.doForward(ApplicationDispatcher.java:338)
		at org.apache.catalina.core.ApplicationDispatcher.forward(ApplicationDispatcher.java:283)
		at org.apache.catalina.core.StandardHostValve.custom(StandardHostValve.java:392)
		at org.apache.catalina.core.StandardHostValve.status(StandardHostValve.java:220)
		at org.apache.catalina.core.StandardHostValve.invoke(StandardHostValve.java:163)
		at org.apache.catalina.valves.ErrorReportValve.invoke(ErrorReportValve.java:83)
		at org.apache.catalina.valves.AbstractAccessLogValve.invoke(AbstractAccessLogValve.java:643)
		at org.apache.catalina.core.StandardEngineValve.invoke(StandardEngineValve.java:72)
		at org.apache.catalina.connector.CoyoteAdapter.service(CoyoteAdapter.java:344)
		at org.apache.coyote.http11.Http11Processor.service(Http11Processor.java:398)
		at org.apache.coyote.AbstractProcessorLight.process(AbstractProcessorLight.java:63)
		at org.apache.coyote.AbstractProtocol$ConnectionHandler.process(AbstractProtocol.java:939)
		at org.apache.tomcat.util.net.NioEndpoint$SocketProcessor.doRun(NioEndpoint.java:1831)
		at org.apache.tomcat.util.net.SocketProcessorBase.run(SocketProcessorBase.java:52)
		at org.apache.tomcat.util.threads.ThreadPoolExecutor.runWorker(ThreadPoolExecutor.java:973)
		at org.apache.tomcat.util.threads.ThreadPoolExecutor$Worker.run(ThreadPoolExecutor.java:491)
		at org.apache.tomcat.util.threads.TaskThread$WrappingRunnable.run(TaskThread.java:63)
		at java.lang.Thread.run(Thread.java:748)
	Caused by: java.io.FileNotFoundException: C:\apache-tomcat\webapps\onlinebookstore\WEB-INF\lib\checker-qual-3.5.0.jar (The system cannot find the path specified)
		at java.util.zip.ZipFile.open(Native Method)
		at java.util.zip.ZipFile.<init>(ZipFile.java:225)
		at java.util.zip.ZipFile.<init>(ZipFile.java:155)
		at java.util.jar.JarFile.<init>(JarFile.java:166)
		at java.util.jar.JarFile.<init>(JarFile.java:130)
		at org.apache.tomcat.util.compat.JreCompat.jarFileNewInstance(JreCompat.java:338)
		at org.apache.tomcat.util.compat.JreCompat.jarFileNewInstance(JreCompat.java:324)
		at org.apache.catalina.webresources.AbstractArchiveResourceSet.openJarFile(AbstractArchiveResourceSet.java:324)
		at org.apache.catalina.webresources.AbstractSingleArchiveResourceSet.getArchiveEntry(AbstractSingleArchiveResourceSet.java:96)
		... 34 more
12-Jan-2026 22:30:46.209 SEVERE [http-nio-8080-exec-41] org.apache.catalina.core.ApplicationDispatcher.invoke Servlet.service() for servlet [ErrorHandlerServlet] threw exception
	java.lang.IllegalStateException: java.io.FileNotFoundException: C:\apache-tomcat\webapps\onlinebookstore\WEB-INF\lib\checker-qual-3.5.0.jar (The system cannot find the path specified)
		at org.apache.catalina.webresources.AbstractSingleArchiveResourceSet.getArchiveEntry(AbstractSingleArchiveResourceSet.java:100)
		at org.apache.catalina.webresources.AbstractArchiveResourceSet.getResource(AbstractArchiveResourceSet.java:255)
		at org.apache.catalina.webresources.StandardRoot.getResourceInternal(StandardRoot.java:273)
		at org.apache.catalina.webresources.Cache.getResource(Cache.java:64)
		at org.apache.catalina.webresources.StandardRoot.getResource(StandardRoot.java:212)
		at org.apache.catalina.webresources.StandardRoot.getClassLoaderResource(StandardRoot.java:221)
		at org.apache.catalina.loader.WebappClassLoaderBase.findClassInternal(WebappClassLoaderBase.java:2221)
		at org.apache.catalina.loader.WebappClassLoaderBase.findClassInternal(WebappClassLoaderBase.java:2212)
		at org.apache.catalina.loader.WebappClassLoaderBase.findClass(WebappClassLoaderBase.java:821)
		at org.apache.catalina.loader.WebappClassLoaderBase.loadClass(WebappClassLoaderBase.java:1312)
		at org.apache.catalina.loader.WebappClassLoaderBase.loadClass(WebappClassLoaderBase.java:1160)
		at servlets.ErrorHandlerServlet.service(ErrorHandlerServlet.java:29)
		at javax.servlet.http.HttpServlet.service(HttpServlet.java:623)
		at org.apache.catalina.core.ApplicationFilterChain.internalDoFilter(ApplicationFilterChain.java:197)
		at org.apache.catalina.core.ApplicationFilterChain.doFilter(ApplicationFilterChain.java:142)
		at org.apache.catalina.core.ApplicationDispatcher.invoke(ApplicationDispatcher.java:619)
		at org.apache.catalina.core.ApplicationDispatcher.processRequest(ApplicationDispatcher.java:401)
		at org.apache.catalina.core.ApplicationDispatcher.doForward(ApplicationDispatcher.java:338)
		at org.apache.catalina.core.ApplicationDispatcher.forward(ApplicationDispatcher.java:283)
		at org.apache.catalina.core.StandardHostValve.custom(StandardHostValve.java:392)
		at org.apache.catalina.core.StandardHostValve.status(StandardHostValve.java:220)
		at org.apache.catalina.core.StandardHostValve.invoke(StandardHostValve.java:163)
		at org.apache.catalina.valves.ErrorReportValve.invoke(ErrorReportValve.java:83)
		at org.apache.catalina.valves.AbstractAccessLogValve.invoke(AbstractAccessLogValve.java:643)
		at org.apache.catalina.core.StandardEngineValve.invoke(StandardEngineValve.java:72)
		at org.apache.catalina.connector.CoyoteAdapter.service(CoyoteAdapter.java:344)
		at org.apache.coyote.http11.Http11Processor.service(Http11Processor.java:398)
		at org.apache.coyote.AbstractProcessorLight.process(AbstractProcessorLight.java:63)
		at org.apache.coyote.AbstractProtocol$ConnectionHandler.process(AbstractProtocol.java:939)
		at org.apache.tomcat.util.net.NioEndpoint$SocketProcessor.doRun(NioEndpoint.java:1831)
		at org.apache.tomcat.util.net.SocketProcessorBase.run(SocketProcessorBase.java:52)
		at org.apache.tomcat.util.threads.ThreadPoolExecutor.runWorker(ThreadPoolExecutor.java:973)
		at org.apache.tomcat.util.threads.ThreadPoolExecutor$Worker.run(ThreadPoolExecutor.java:491)
		at org.apache.tomcat.util.threads.TaskThread$WrappingRunnable.run(TaskThread.java:63)
		at java.lang.Thread.run(Thread.java:748)
	Caused by: java.io.FileNotFoundException: C:\apache-tomcat\webapps\onlinebookstore\WEB-INF\lib\checker-qual-3.5.0.jar (The system cannot find the path specified)
		at java.util.zip.ZipFile.open(Native Method)
		at java.util.zip.ZipFile.<init>(ZipFile.java:225)
		at java.util.zip.ZipFile.<init>(ZipFile.java:155)
		at java.util.jar.JarFile.<init>(JarFile.java:166)
		at java.util.jar.JarFile.<init>(JarFile.java:130)
		at org.apache.tomcat.util.compat.JreCompat.jarFileNewInstance(JreCompat.java:338)
		at org.apache.tomcat.util.compat.JreCompat.jarFileNewInstance(JreCompat.java:324)
		at org.apache.catalina.webresources.AbstractArchiveResourceSet.openJarFile(AbstractArchiveResourceSet.java:324)
		at org.apache.catalina.webresources.AbstractSingleArchiveResourceSet.getArchiveEntry(AbstractSingleArchiveResourceSet.java:96)
		... 34 more
12-Jan-2026 22:30:46.209 SEVERE [http-nio-8080-exec-41] org.apache.catalina.core.StandardHostValve.custom Exception Processing [ErrorPage[errorCode=404, location=/error]]
	java.lang.IllegalStateException: java.io.FileNotFoundException: C:\apache-tomcat\webapps\onlinebookstore\WEB-INF\lib\checker-qual-3.5.0.jar (The system cannot find the path specified)
		at org.apache.catalina.webresources.AbstractSingleArchiveResourceSet.getArchiveEntry(AbstractSingleArchiveResourceSet.java:100)
		at org.apache.catalina.webresources.AbstractArchiveResourceSet.getResource(AbstractArchiveResourceSet.java:255)
		at org.apache.catalina.webresources.StandardRoot.getResourceInternal(StandardRoot.java:273)
		at org.apache.catalina.webresources.Cache.getResource(Cache.java:64)
		at org.apache.catalina.webresources.StandardRoot.getResource(StandardRoot.java:212)
		at org.apache.catalina.webresources.StandardRoot.getClassLoaderResource(StandardRoot.java:221)
		at org.apache.catalina.loader.WebappClassLoaderBase.findClassInternal(WebappClassLoaderBase.java:2221)
		at org.apache.catalina.loader.WebappClassLoaderBase.findClassInternal(WebappClassLoaderBase.java:2212)
		at org.apache.catalina.loader.WebappClassLoaderBase.findClass(WebappClassLoaderBase.java:821)
		at org.apache.catalina.loader.WebappClassLoaderBase.loadClass(WebappClassLoaderBase.java:1312)
		at org.apache.catalina.loader.WebappClassLoaderBase.loadClass(WebappClassLoaderBase.java:1160)
		at servlets.ErrorHandlerServlet.service(ErrorHandlerServlet.java:29)
		at javax.servlet.http.HttpServlet.service(HttpServlet.java:623)
		at org.apache.catalina.core.ApplicationFilterChain.internalDoFilter(ApplicationFilterChain.java:197)
		at org.apache.catalina.core.ApplicationFilterChain.doFilter(ApplicationFilterChain.java:142)
		at org.apache.catalina.core.ApplicationDispatcher.invoke(ApplicationDispatcher.java:619)
		at org.apache.catalina.core.ApplicationDispatcher.processRequest(ApplicationDispatcher.java:401)
		at org.apache.catalina.core.ApplicationDispatcher.doForward(ApplicationDispatcher.java:338)
		at org.apache.catalina.core.ApplicationDispatcher.forward(ApplicationDispatcher.java:283)
		at org.apache.catalina.core.StandardHostValve.custom(StandardHostValve.java:392)
		at org.apache.catalina.core.StandardHostValve.status(StandardHostValve.java:220)
		at org.apache.catalina.core.StandardHostValve.invoke(StandardHostValve.java:163)
		at org.apache.catalina.valves.ErrorReportValve.invoke(ErrorReportValve.java:83)
		at org.apache.catalina.valves.AbstractAccessLogValve.invoke(AbstractAccessLogValve.java:643)
		at org.apache.catalina.core.StandardEngineValve.invoke(StandardEngineValve.java:72)
		at org.apache.catalina.connector.CoyoteAdapter.service(CoyoteAdapter.java:344)
		at org.apache.coyote.http11.Http11Processor.service(Http11Processor.java:398)
		at org.apache.coyote.AbstractProcessorLight.process(AbstractProcessorLight.java:63)
		at org.apache.coyote.AbstractProtocol$ConnectionHandler.process(AbstractProtocol.java:939)
		at org.apache.tomcat.util.net.NioEndpoint$SocketProcessor.doRun(NioEndpoint.java:1831)
		at org.apache.tomcat.util.net.SocketProcessorBase.run(SocketProcessorBase.java:52)
		at org.apache.tomcat.util.threads.ThreadPoolExecutor.runWorker(ThreadPoolExecutor.java:973)
		at org.apache.tomcat.util.threads.ThreadPoolExecutor$Worker.run(ThreadPoolExecutor.java:491)
		at org.apache.tomcat.util.threads.TaskThread$WrappingRunnable.run(TaskThread.java:63)
		at java.lang.Thread.run(Thread.java:748)
	Caused by: java.io.FileNotFoundException: C:\apache-tomcat\webapps\onlinebookstore\WEB-INF\lib\checker-qual-3.5.0.jar (The system cannot find the path specified)
		at java.util.zip.ZipFile.open(Native Method)
		at java.util.zip.ZipFile.<init>(ZipFile.java:225)
		at java.util.zip.ZipFile.<init>(ZipFile.java:155)
		at java.util.jar.JarFile.<init>(JarFile.java:166)
		at java.util.jar.JarFile.<init>(JarFile.java:130)
		at org.apache.tomcat.util.compat.JreCompat.jarFileNewInstance(JreCompat.java:338)
		at org.apache.tomcat.util.compat.JreCompat.jarFileNewInstance(JreCompat.java:324)
		at org.apache.catalina.webresources.AbstractArchiveResourceSet.openJarFile(AbstractArchiveResourceSet.java:324)
		at org.apache.catalina.webresources.AbstractSingleArchiveResourceSet.getArchiveEntry(AbstractSingleArchiveResourceSet.java:96)
		... 34 more
12-Jan-2026 22:30:46.375 SEVERE [http-nio-8080-exec-42] org.apache.catalina.core.ApplicationDispatcher.invoke Servlet.service() for servlet [ErrorHandlerServlet] threw exception
	java.lang.IllegalStateException: java.io.FileNotFoundException: C:\apache-tomcat\webapps\onlinebookstore\WEB-INF\lib\checker-qual-3.5.0.jar (The system cannot find the path specified)
		at org.apache.catalina.webresources.AbstractSingleArchiveResourceSet.getArchiveEntry(AbstractSingleArchiveResourceSet.java:100)
		at org.apache.catalina.webresources.AbstractArchiveResourceSet.getResource(AbstractArchiveResourceSet.java:255)
		at org.apache.catalina.webresources.StandardRoot.getResourceInternal(StandardRoot.java:273)
		at org.apache.catalina.webresources.Cache.getResource(Cache.java:64)
		at org.apache.catalina.webresources.StandardRoot.getResource(StandardRoot.java:212)
		at org.apache.catalina.webresources.StandardRoot.getClassLoaderResource(StandardRoot.java:221)
		at org.apache.catalina.loader.WebappClassLoaderBase.findClassInternal(WebappClassLoaderBase.java:2221)
		at org.apache.catalina.loader.WebappClassLoaderBase.findClassInternal(WebappClassLoaderBase.java:2212)
		at org.apache.catalina.loader.WebappClassLoaderBase.findClass(WebappClassLoaderBase.java:821)
		at org.apache.catalina.loader.WebappClassLoaderBase.loadClass(WebappClassLoaderBase.java:1312)
		at org.apache.catalina.loader.WebappClassLoaderBase.loadClass(WebappClassLoaderBase.java:1160)
		at servlets.ErrorHandlerServlet.service(ErrorHandlerServlet.java:29)
		at javax.servlet.http.HttpServlet.service(HttpServlet.java:623)
		at org.apache.catalina.core.ApplicationFilterChain.internalDoFilter(ApplicationFilterChain.java:197)
		at org.apache.catalina.core.ApplicationFilterChain.doFilter(ApplicationFilterChain.java:142)
		at org.apache.catalina.core.ApplicationDispatcher.invoke(ApplicationDispatcher.java:619)
		at org.apache.catalina.core.ApplicationDispatcher.processRequest(ApplicationDispatcher.java:401)
		at org.apache.catalina.core.ApplicationDispatcher.doForward(ApplicationDispatcher.java:338)
		at org.apache.catalina.core.ApplicationDispatcher.forward(ApplicationDispatcher.java:283)
		at org.apache.catalina.core.StandardHostValve.custom(StandardHostValve.java:392)
		at org.apache.catalina.core.StandardHostValve.status(StandardHostValve.java:220)
		at org.apache.catalina.core.StandardHostValve.invoke(StandardHostValve.java:163)
		at org.apache.catalina.valves.ErrorReportValve.invoke(ErrorReportValve.java:83)
		at org.apache.catalina.valves.AbstractAccessLogValve.invoke(AbstractAccessLogValve.java:643)
		at org.apache.catalina.core.StandardEngineValve.invoke(StandardEngineValve.java:72)
		at org.apache.catalina.connector.CoyoteAdapter.service(CoyoteAdapter.java:344)
		at org.apache.coyote.http11.Http11Processor.service(Http11Processor.java:398)
		at org.apache.coyote.AbstractProcessorLight.process(AbstractProcessorLight.java:63)
		at org.apache.coyote.AbstractProtocol$ConnectionHandler.process(AbstractProtocol.java:939)
		at org.apache.tomcat.util.net.NioEndpoint$SocketProcessor.doRun(NioEndpoint.java:1831)
		at org.apache.tomcat.util.net.SocketProcessorBase.run(SocketProcessorBase.java:52)
		at org.apache.tomcat.util.threads.ThreadPoolExecutor.runWorker(ThreadPoolExecutor.java:973)
		at org.apache.tomcat.util.threads.ThreadPoolExecutor$Worker.run(ThreadPoolExecutor.java:491)
		at org.apache.tomcat.util.threads.TaskThread$WrappingRunnable.run(TaskThread.java:63)
		at java.lang.Thread.run(Thread.java:748)
	Caused by: java.io.FileNotFoundException: C:\apache-tomcat\webapps\onlinebookstore\WEB-INF\lib\checker-qual-3.5.0.jar (The system cannot find the path specified)
		at java.util.zip.ZipFile.open(Native Method)
		at java.util.zip.ZipFile.<init>(ZipFile.java:225)
		at java.util.zip.ZipFile.<init>(ZipFile.java:155)
		at java.util.jar.JarFile.<init>(JarFile.java:166)
		at java.util.jar.JarFile.<init>(JarFile.java:130)
		at org.apache.tomcat.util.compat.JreCompat.jarFileNewInstance(JreCompat.java:338)
		at org.apache.tomcat.util.compat.JreCompat.jarFileNewInstance(JreCompat.java:324)
		at org.apache.catalina.webresources.AbstractArchiveResourceSet.openJarFile(AbstractArchiveResourceSet.java:324)
		at org.apache.catalina.webresources.AbstractSingleArchiveResourceSet.getArchiveEntry(AbstractSingleArchiveResourceSet.java:96)
		... 34 more
12-Jan-2026 22:30:46.375 SEVERE [http-nio-8080-exec-42] org.apache.catalina.core.StandardHostValve.custom Exception Processing [ErrorPage[errorCode=404, location=/error]]
	java.lang.IllegalStateException: java.io.FileNotFoundException: C:\apache-tomcat\webapps\onlinebookstore\WEB-INF\lib\checker-qual-3.5.0.jar (The system cannot find the path specified)
		at org.apache.catalina.webresources.AbstractSingleArchiveResourceSet.getArchiveEntry(AbstractSingleArchiveResourceSet.java:100)
		at org.apache.catalina.webresources.AbstractArchiveResourceSet.getResource(AbstractArchiveResourceSet.java:255)
		at org.apache.catalina.webresources.StandardRoot.getResourceInternal(StandardRoot.java:273)
		at org.apache.catalina.webresources.Cache.getResource(Cache.java:64)
		at org.apache.catalina.webresources.StandardRoot.getResource(StandardRoot.java:212)
		at org.apache.catalina.webresources.StandardRoot.getClassLoaderResource(StandardRoot.java:221)
		at org.apache.catalina.loader.WebappClassLoaderBase.findClassInternal(WebappClassLoaderBase.java:2221)
		at org.apache.catalina.loader.WebappClassLoaderBase.findClassInternal(WebappClassLoaderBase.java:2212)
		at org.apache.catalina.loader.WebappClassLoaderBase.findClass(WebappClassLoaderBase.java:821)
		at org.apache.catalina.loader.WebappClassLoaderBase.loadClass(WebappClassLoaderBase.java:1312)
		at org.apache.catalina.loader.WebappClassLoaderBase.loadClass(WebappClassLoaderBase.java:1160)
		at servlets.ErrorHandlerServlet.service(ErrorHandlerServlet.java:29)
		at javax.servlet.http.HttpServlet.service(HttpServlet.java:623)
		at org.apache.catalina.core.ApplicationFilterChain.internalDoFilter(ApplicationFilterChain.java:197)
		at org.apache.catalina.core.ApplicationFilterChain.doFilter(ApplicationFilterChain.java:142)
		at org.apache.catalina.core.ApplicationDispatcher.invoke(ApplicationDispatcher.java:619)
		at org.apache.catalina.core.ApplicationDispatcher.processRequest(ApplicationDispatcher.java:401)
		at org.apache.catalina.core.ApplicationDispatcher.doForward(ApplicationDispatcher.java:338)
		at org.apache.catalina.core.ApplicationDispatcher.forward(ApplicationDispatcher.java:283)
		at org.apache.catalina.core.StandardHostValve.custom(StandardHostValve.java:392)
		at org.apache.catalina.core.StandardHostValve.status(StandardHostValve.java:220)
		at org.apache.catalina.core.StandardHostValve.invoke(StandardHostValve.java:163)
		at org.apache.catalina.valves.ErrorReportValve.invoke(ErrorReportValve.java:83)
		at org.apache.catalina.valves.AbstractAccessLogValve.invoke(AbstractAccessLogValve.java:643)
		at org.apache.catalina.core.StandardEngineValve.invoke(StandardEngineValve.java:72)
		at org.apache.catalina.connector.CoyoteAdapter.service(CoyoteAdapter.java:344)
		at org.apache.coyote.http11.Http11Processor.service(Http11Processor.java:398)
		at org.apache.coyote.AbstractProcessorLight.process(AbstractProcessorLight.java:63)
		at org.apache.coyote.AbstractProtocol$ConnectionHandler.process(AbstractProtocol.java:939)
		at org.apache.tomcat.util.net.NioEndpoint$SocketProcessor.doRun(NioEndpoint.java:1831)
		at org.apache.tomcat.util.net.SocketProcessorBase.run(SocketProcessorBase.java:52)
		at org.apache.tomcat.util.threads.ThreadPoolExecutor.runWorker(ThreadPoolExecutor.java:973)
		at org.apache.tomcat.util.threads.ThreadPoolExecutor$Worker.run(ThreadPoolExecutor.java:491)
		at org.apache.tomcat.util.threads.TaskThread$WrappingRunnable.run(TaskThread.java:63)
		at java.lang.Thread.run(Thread.java:748)
	Caused by: java.io.FileNotFoundException: C:\apache-tomcat\webapps\onlinebookstore\WEB-INF\lib\checker-qual-3.5.0.jar (The system cannot find the path specified)
		at java.util.zip.ZipFile.open(Native Method)
		at java.util.zip.ZipFile.<init>(ZipFile.java:225)
		at java.util.zip.ZipFile.<init>(ZipFile.java:155)
		at java.util.jar.JarFile.<init>(JarFile.java:166)
		at java.util.jar.JarFile.<init>(JarFile.java:130)
		at org.apache.tomcat.util.compat.JreCompat.jarFileNewInstance(JreCompat.java:338)
		at org.apache.tomcat.util.compat.JreCompat.jarFileNewInstance(JreCompat.java:324)
		at org.apache.catalina.webresources.AbstractArchiveResourceSet.openJarFile(AbstractArchiveResourceSet.java:324)
		at org.apache.catalina.webresources.AbstractSingleArchiveResourceSet.getArchiveEntry(AbstractSingleArchiveResourceSet.java:96)
		... 34 more
12-Jan-2026 22:30:46.551 SEVERE [http-nio-8080-exec-45] org.apache.catalina.core.ApplicationDispatcher.invoke Servlet.service() for servlet [ErrorHandlerServlet] threw exception
	java.lang.IllegalStateException: java.io.FileNotFoundException: C:\apache-tomcat\webapps\onlinebookstore\WEB-INF\lib\checker-qual-3.5.0.jar (The system cannot find the path specified)
		at org.apache.catalina.webresources.AbstractSingleArchiveResourceSet.getArchiveEntry(AbstractSingleArchiveResourceSet.java:100)
		at org.apache.catalina.webresources.AbstractArchiveResourceSet.getResource(AbstractArchiveResourceSet.java:255)
		at org.apache.catalina.webresources.StandardRoot.getResourceInternal(StandardRoot.java:273)
		at org.apache.catalina.webresources.Cache.getResource(Cache.java:64)
		at org.apache.catalina.webresources.StandardRoot.getResource(StandardRoot.java:212)
		at org.apache.catalina.webresources.StandardRoot.getClassLoaderResource(StandardRoot.java:221)
		at org.apache.catalina.loader.WebappClassLoaderBase.findClassInternal(WebappClassLoaderBase.java:2221)
		at org.apache.catalina.loader.WebappClassLoaderBase.findClassInternal(WebappClassLoaderBase.java:2212)
		at org.apache.catalina.loader.WebappClassLoaderBase.findClass(WebappClassLoaderBase.java:821)
		at org.apache.catalina.loader.WebappClassLoaderBase.loadClass(WebappClassLoaderBase.java:1312)
		at org.apache.catalina.loader.WebappClassLoaderBase.loadClass(WebappClassLoaderBase.java:1160)
		at servlets.ErrorHandlerServlet.service(ErrorHandlerServlet.java:29)
		at javax.servlet.http.HttpServlet.service(HttpServlet.java:623)
		at org.apache.catalina.core.ApplicationFilterChain.internalDoFilter(ApplicationFilterChain.java:197)
		at org.apache.catalina.core.ApplicationFilterChain.doFilter(ApplicationFilterChain.java:142)
		at org.apache.catalina.core.ApplicationDispatcher.invoke(ApplicationDispatcher.java:619)
		at org.apache.catalina.core.ApplicationDispatcher.processRequest(ApplicationDispatcher.java:401)
		at org.apache.catalina.core.ApplicationDispatcher.doForward(ApplicationDispatcher.java:338)
		at org.apache.catalina.core.ApplicationDispatcher.forward(ApplicationDispatcher.java:283)
		at org.apache.catalina.core.StandardHostValve.custom(StandardHostValve.java:392)
		at org.apache.catalina.core.StandardHostValve.status(StandardHostValve.java:220)
		at org.apache.catalina.core.StandardHostValve.invoke(StandardHostValve.java:163)
		at org.apache.catalina.valves.ErrorReportValve.invoke(ErrorReportValve.java:83)
		at org.apache.catalina.valves.AbstractAccessLogValve.invoke(AbstractAccessLogValve.java:643)
		at org.apache.catalina.core.StandardEngineValve.invoke(StandardEngineValve.java:72)
		at org.apache.catalina.connector.CoyoteAdapter.service(CoyoteAdapter.java:344)
		at org.apache.coyote.http11.Http11Processor.service(Http11Processor.java:398)
		at org.apache.coyote.AbstractProcessorLight.process(AbstractProcessorLight.java:63)
		at org.apache.coyote.AbstractProtocol$ConnectionHandler.process(AbstractProtocol.java:939)
		at org.apache.tomcat.util.net.NioEndpoint$SocketProcessor.doRun(NioEndpoint.java:1831)
		at org.apache.tomcat.util.net.SocketProcessorBase.run(SocketProcessorBase.java:52)
		at org.apache.tomcat.util.threads.ThreadPoolExecutor.runWorker(ThreadPoolExecutor.java:973)
		at org.apache.tomcat.util.threads.ThreadPoolExecutor$Worker.run(ThreadPoolExecutor.java:491)
		at org.apache.tomcat.util.threads.TaskThread$WrappingRunnable.run(TaskThread.java:63)
		at java.lang.Thread.run(Thread.java:748)
	Caused by: java.io.FileNotFoundException: C:\apache-tomcat\webapps\onlinebookstore\WEB-INF\lib\checker-qual-3.5.0.jar (The system cannot find the path specified)
		at java.util.zip.ZipFile.open(Native Method)
		at java.util.zip.ZipFile.<init>(ZipFile.java:225)
		at java.util.zip.ZipFile.<init>(ZipFile.java:155)
		at java.util.jar.JarFile.<init>(JarFile.java:166)
		at java.util.jar.JarFile.<init>(JarFile.java:130)
		at org.apache.tomcat.util.compat.JreCompat.jarFileNewInstance(JreCompat.java:338)
		at org.apache.tomcat.util.compat.JreCompat.jarFileNewInstance(JreCompat.java:324)
		at org.apache.catalina.webresources.AbstractArchiveResourceSet.openJarFile(AbstractArchiveResourceSet.java:324)
		at org.apache.catalina.webresources.AbstractSingleArchiveResourceSet.getArchiveEntry(AbstractSingleArchiveResourceSet.java:96)
		... 34 more
12-Jan-2026 22:30:46.551 SEVERE [http-nio-8080-exec-45] org.apache.catalina.core.StandardHostValve.custom Exception Processing [ErrorPage[errorCode=404, location=/error]]
	java.lang.IllegalStateException: java.io.FileNotFoundException: C:\apache-tomcat\webapps\onlinebookstore\WEB-INF\lib\checker-qual-3.5.0.jar (The system cannot find the path specified)
		at org.apache.catalina.webresources.AbstractSingleArchiveResourceSet.getArchiveEntry(AbstractSingleArchiveResourceSet.java:100)
		at org.apache.catalina.webresources.AbstractArchiveResourceSet.getResource(AbstractArchiveResourceSet.java:255)
		at org.apache.catalina.webresources.StandardRoot.getResourceInternal(StandardRoot.java:273)
		at org.apache.catalina.webresources.Cache.getResource(Cache.java:64)
		at org.apache.catalina.webresources.StandardRoot.getResource(StandardRoot.java:212)
		at org.apache.catalina.webresources.StandardRoot.getClassLoaderResource(StandardRoot.java:221)
		at org.apache.catalina.loader.WebappClassLoaderBase.findClassInternal(WebappClassLoaderBase.java:2221)
		at org.apache.catalina.loader.WebappClassLoaderBase.findClassInternal(WebappClassLoaderBase.java:2212)
		at org.apache.catalina.loader.WebappClassLoaderBase.findClass(WebappClassLoaderBase.java:821)
		at org.apache.catalina.loader.WebappClassLoaderBase.loadClass(WebappClassLoaderBase.java:1312)
		at org.apache.catalina.loader.WebappClassLoaderBase.loadClass(WebappClassLoaderBase.java:1160)
		at servlets.ErrorHandlerServlet.service(ErrorHandlerServlet.java:29)
		at javax.servlet.http.HttpServlet.service(HttpServlet.java:623)
		at org.apache.catalina.core.ApplicationFilterChain.internalDoFilter(ApplicationFilterChain.java:197)
		at org.apache.catalina.core.ApplicationFilterChain.doFilter(ApplicationFilterChain.java:142)
		at org.apache.catalina.core.ApplicationDispatcher.invoke(ApplicationDispatcher.java:619)
		at org.apache.catalina.core.ApplicationDispatcher.processRequest(ApplicationDispatcher.java:401)
		at org.apache.catalina.core.ApplicationDispatcher.doForward(ApplicationDispatcher.java:338)
		at org.apache.catalina.core.ApplicationDispatcher.forward(ApplicationDispatcher.java:283)
		at org.apache.catalina.core.StandardHostValve.custom(StandardHostValve.java:392)
		at org.apache.catalina.core.StandardHostValve.status(StandardHostValve.java:220)
		at org.apache.catalina.core.StandardHostValve.invoke(StandardHostValve.java:163)
		at org.apache.catalina.valves.ErrorReportValve.invoke(ErrorReportValve.java:83)
		at org.apache.catalina.valves.AbstractAccessLogValve.invoke(AbstractAccessLogValve.java:643)
		at org.apache.catalina.core.StandardEngineValve.invoke(StandardEngineValve.java:72)
		at org.apache.catalina.connector.CoyoteAdapter.service(CoyoteAdapter.java:344)
		at org.apache.coyote.http11.Http11Processor.service(Http11Processor.java:398)
		at org.apache.coyote.AbstractProcessorLight.process(AbstractProcessorLight.java:63)
		at org.apache.coyote.AbstractProtocol$ConnectionHandler.process(AbstractProtocol.java:939)
		at org.apache.tomcat.util.net.NioEndpoint$SocketProcessor.doRun(NioEndpoint.java:1831)
		at org.apache.tomcat.util.net.SocketProcessorBase.run(SocketProcessorBase.java:52)
		at org.apache.tomcat.util.threads.ThreadPoolExecutor.runWorker(ThreadPoolExecutor.java:973)
		at org.apache.tomcat.util.threads.ThreadPoolExecutor$Worker.run(ThreadPoolExecutor.java:491)
		at org.apache.tomcat.util.threads.TaskThread$WrappingRunnable.run(TaskThread.java:63)
		at java.lang.Thread.run(Thread.java:748)
	Caused by: java.io.FileNotFoundException: C:\apache-tomcat\webapps\onlinebookstore\WEB-INF\lib\checker-qual-3.5.0.jar (The system cannot find the path specified)
		at java.util.zip.ZipFile.open(Native Method)
		at java.util.zip.ZipFile.<init>(ZipFile.java:225)
		at java.util.zip.ZipFile.<init>(ZipFile.java:155)
		at java.util.jar.JarFile.<init>(JarFile.java:166)
		at java.util.jar.JarFile.<init>(JarFile.java:130)
		at org.apache.tomcat.util.compat.JreCompat.jarFileNewInstance(JreCompat.java:338)
		at org.apache.tomcat.util.compat.JreCompat.jarFileNewInstance(JreCompat.java:324)
		at org.apache.catalina.webresources.AbstractArchiveResourceSet.openJarFile(AbstractArchiveResourceSet.java:324)
		at org.apache.catalina.webresources.AbstractSingleArchiveResourceSet.getArchiveEntry(AbstractSingleArchiveResourceSet.java:96)
		... 34 more
12-Jan-2026 22:30:46.721 SEVERE [http-nio-8080-exec-44] org.apache.catalina.core.ApplicationDispatcher.invoke Servlet.service() for servlet [ErrorHandlerServlet] threw exception
	java.lang.IllegalStateException: java.io.FileNotFoundException: C:\apache-tomcat\webapps\onlinebookstore\WEB-INF\lib\checker-qual-3.5.0.jar (The system cannot find the path specified)
		at org.apache.catalina.webresources.AbstractSingleArchiveResourceSet.getArchiveEntry(AbstractSingleArchiveResourceSet.java:100)
		at org.apache.catalina.webresources.AbstractArchiveResourceSet.getResource(AbstractArchiveResourceSet.java:255)
		at org.apache.catalina.webresources.StandardRoot.getResourceInternal(StandardRoot.java:273)
		at org.apache.catalina.webresources.Cache.getResource(Cache.java:64)
		at org.apache.catalina.webresources.StandardRoot.getResource(StandardRoot.java:212)
		at org.apache.catalina.webresources.StandardRoot.getClassLoaderResource(StandardRoot.java:221)
		at org.apache.catalina.loader.WebappClassLoaderBase.findClassInternal(WebappClassLoaderBase.java:2221)
		at org.apache.catalina.loader.WebappClassLoaderBase.findClassInternal(WebappClassLoaderBase.java:2212)
		at org.apache.catalina.loader.WebappClassLoaderBase.findClass(WebappClassLoaderBase.java:821)
		at org.apache.catalina.loader.WebappClassLoaderBase.loadClass(WebappClassLoaderBase.java:1312)
		at org.apache.catalina.loader.WebappClassLoaderBase.loadClass(WebappClassLoaderBase.java:1160)
		at servlets.ErrorHandlerServlet.service(ErrorHandlerServlet.java:29)
		at javax.servlet.http.HttpServlet.service(HttpServlet.java:623)
		at org.apache.catalina.core.ApplicationFilterChain.internalDoFilter(ApplicationFilterChain.java:197)
		at org.apache.catalina.core.ApplicationFilterChain.doFilter(ApplicationFilterChain.java:142)
		at org.apache.catalina.core.ApplicationDispatcher.invoke(ApplicationDispatcher.java:619)
		at org.apache.catalina.core.ApplicationDispatcher.processRequest(ApplicationDispatcher.java:401)
		at org.apache.catalina.core.ApplicationDispatcher.doForward(ApplicationDispatcher.java:338)
		at org.apache.catalina.core.ApplicationDispatcher.forward(ApplicationDispatcher.java:283)
		at org.apache.catalina.core.StandardHostValve.custom(StandardHostValve.java:392)
		at org.apache.catalina.core.StandardHostValve.status(StandardHostValve.java:220)
		at org.apache.catalina.core.StandardHostValve.invoke(StandardHostValve.java:163)
		at org.apache.catalina.valves.ErrorReportValve.invoke(ErrorReportValve.java:83)
		at org.apache.catalina.valves.AbstractAccessLogValve.invoke(AbstractAccessLogValve.java:643)
		at org.apache.catalina.core.StandardEngineValve.invoke(StandardEngineValve.java:72)
		at org.apache.catalina.connector.CoyoteAdapter.service(CoyoteAdapter.java:344)
		at org.apache.coyote.http11.Http11Processor.service(Http11Processor.java:398)
		at org.apache.coyote.AbstractProcessorLight.process(AbstractProcessorLight.java:63)
		at org.apache.coyote.AbstractProtocol$ConnectionHandler.process(AbstractProtocol.java:939)
		at org.apache.tomcat.util.net.NioEndpoint$SocketProcessor.doRun(NioEndpoint.java:1831)
		at org.apache.tomcat.util.net.SocketProcessorBase.run(SocketProcessorBase.java:52)
		at org.apache.tomcat.util.threads.ThreadPoolExecutor.runWorker(ThreadPoolExecutor.java:973)
		at org.apache.tomcat.util.threads.ThreadPoolExecutor$Worker.run(ThreadPoolExecutor.java:491)
		at org.apache.tomcat.util.threads.TaskThread$WrappingRunnable.run(TaskThread.java:63)
		at java.lang.Thread.run(Thread.java:748)
	Caused by: java.io.FileNotFoundException: C:\apache-tomcat\webapps\onlinebookstore\WEB-INF\lib\checker-qual-3.5.0.jar (The system cannot find the path specified)
		at java.util.zip.ZipFile.open(Native Method)
		at java.util.zip.ZipFile.<init>(ZipFile.java:225)
		at java.util.zip.ZipFile.<init>(ZipFile.java:155)
		at java.util.jar.JarFile.<init>(JarFile.java:166)
		at java.util.jar.JarFile.<init>(JarFile.java:130)
		at org.apache.tomcat.util.compat.JreCompat.jarFileNewInstance(JreCompat.java:338)
		at org.apache.tomcat.util.compat.JreCompat.jarFileNewInstance(JreCompat.java:324)
		at org.apache.catalina.webresources.AbstractArchiveResourceSet.openJarFile(AbstractArchiveResourceSet.java:324)
		at org.apache.catalina.webresources.AbstractSingleArchiveResourceSet.getArchiveEntry(AbstractSingleArchiveResourceSet.java:96)
		... 34 more
12-Jan-2026 22:30:46.721 SEVERE [http-nio-8080-exec-44] org.apache.catalina.core.StandardHostValve.custom Exception Processing [ErrorPage[errorCode=404, location=/error]]
	java.lang.IllegalStateException: java.io.FileNotFoundException: C:\apache-tomcat\webapps\onlinebookstore\WEB-INF\lib\checker-qual-3.5.0.jar (The system cannot find the path specified)
		at org.apache.catalina.webresources.AbstractSingleArchiveResourceSet.getArchiveEntry(AbstractSingleArchiveResourceSet.java:100)
		at org.apache.catalina.webresources.AbstractArchiveResourceSet.getResource(AbstractArchiveResourceSet.java:255)
		at org.apache.catalina.webresources.StandardRoot.getResourceInternal(StandardRoot.java:273)
		at org.apache.catalina.webresources.Cache.getResource(Cache.java:64)
		at org.apache.catalina.webresources.StandardRoot.getResource(StandardRoot.java:212)
		at org.apache.catalina.webresources.StandardRoot.getClassLoaderResource(StandardRoot.java:221)
		at org.apache.catalina.loader.WebappClassLoaderBase.findClassInternal(WebappClassLoaderBase.java:2221)
		at org.apache.catalina.loader.WebappClassLoaderBase.findClassInternal(WebappClassLoaderBase.java:2212)
		at org.apache.catalina.loader.WebappClassLoaderBase.findClass(WebappClassLoaderBase.java:821)
		at org.apache.catalina.loader.WebappClassLoaderBase.loadClass(WebappClassLoaderBase.java:1312)
		at org.apache.catalina.loader.WebappClassLoaderBase.loadClass(WebappClassLoaderBase.java:1160)
		at servlets.ErrorHandlerServlet.service(ErrorHandlerServlet.java:29)
		at javax.servlet.http.HttpServlet.service(HttpServlet.java:623)
		at org.apache.catalina.core.ApplicationFilterChain.internalDoFilter(ApplicationFilterChain.java:197)
		at org.apache.catalina.core.ApplicationFilterChain.doFilter(ApplicationFilterChain.java:142)
		at org.apache.catalina.core.ApplicationDispatcher.invoke(ApplicationDispatcher.java:619)
		at org.apache.catalina.core.ApplicationDispatcher.processRequest(ApplicationDispatcher.java:401)
		at org.apache.catalina.core.ApplicationDispatcher.doForward(ApplicationDispatcher.java:338)
		at org.apache.catalina.core.ApplicationDispatcher.forward(ApplicationDispatcher.java:283)
		at org.apache.catalina.core.StandardHostValve.custom(StandardHostValve.java:392)
		at org.apache.catalina.core.StandardHostValve.status(StandardHostValve.java:220)
		at org.apache.catalina.core.StandardHostValve.invoke(StandardHostValve.java:163)
		at org.apache.catalina.valves.ErrorReportValve.invoke(ErrorReportValve.java:83)
		at org.apache.catalina.valves.AbstractAccessLogValve.invoke(AbstractAccessLogValve.java:643)
		at org.apache.catalina.core.StandardEngineValve.invoke(StandardEngineValve.java:72)
		at org.apache.catalina.connector.CoyoteAdapter.service(CoyoteAdapter.java:344)
		at org.apache.coyote.http11.Http11Processor.service(Http11Processor.java:398)
		at org.apache.coyote.AbstractProcessorLight.process(AbstractProcessorLight.java:63)
		at org.apache.coyote.AbstractProtocol$ConnectionHandler.process(AbstractProtocol.java:939)
		at org.apache.tomcat.util.net.NioEndpoint$SocketProcessor.doRun(NioEndpoint.java:1831)
		at org.apache.tomcat.util.net.SocketProcessorBase.run(SocketProcessorBase.java:52)
		at org.apache.tomcat.util.threads.ThreadPoolExecutor.runWorker(ThreadPoolExecutor.java:973)
		at org.apache.tomcat.util.threads.ThreadPoolExecutor$Worker.run(ThreadPoolExecutor.java:491)
		at org.apache.tomcat.util.threads.TaskThread$WrappingRunnable.run(TaskThread.java:63)
		at java.lang.Thread.run(Thread.java:748)
	Caused by: java.io.FileNotFoundException: C:\apache-tomcat\webapps\onlinebookstore\WEB-INF\lib\checker-qual-3.5.0.jar (The system cannot find the path specified)
		at java.util.zip.ZipFile.open(Native Method)
		at java.util.zip.ZipFile.<init>(ZipFile.java:225)
		at java.util.zip.ZipFile.<init>(ZipFile.java:155)
		at java.util.jar.JarFile.<init>(JarFile.java:166)
		at java.util.jar.JarFile.<init>(JarFile.java:130)
		at org.apache.tomcat.util.compat.JreCompat.jarFileNewInstance(JreCompat.java:338)
		at org.apache.tomcat.util.compat.JreCompat.jarFileNewInstance(JreCompat.java:324)
		at org.apache.catalina.webresources.AbstractArchiveResourceSet.openJarFile(AbstractArchiveResourceSet.java:324)
		at org.apache.catalina.webresources.AbstractSingleArchiveResourceSet.getArchiveEntry(AbstractSingleArchiveResourceSet.java:96)
		... 34 more
12-Jan-2026 22:30:46.920 SEVERE [http-nio-8080-exec-48] org.apache.catalina.core.ApplicationDispatcher.invoke Servlet.service() for servlet [ErrorHandlerServlet] threw exception
	java.lang.IllegalStateException: java.io.FileNotFoundException: C:\apache-tomcat\webapps\onlinebookstore\WEB-INF\lib\checker-qual-3.5.0.jar (The system cannot find the path specified)
		at org.apache.catalina.webresources.AbstractSingleArchiveResourceSet.getArchiveEntry(AbstractSingleArchiveResourceSet.java:100)
		at org.apache.catalina.webresources.AbstractArchiveResourceSet.getResource(AbstractArchiveResourceSet.java:255)
		at org.apache.catalina.webresources.StandardRoot.getResourceInternal(StandardRoot.java:273)
		at org.apache.catalina.webresources.Cache.getResource(Cache.java:64)
		at org.apache.catalina.webresources.StandardRoot.getResource(StandardRoot.java:212)
		at org.apache.catalina.webresources.StandardRoot.getClassLoaderResource(StandardRoot.java:221)
		at org.apache.catalina.loader.WebappClassLoaderBase.findClassInternal(WebappClassLoaderBase.java:2221)
		at org.apache.catalina.loader.WebappClassLoaderBase.findClassInternal(WebappClassLoaderBase.java:2212)
		at org.apache.catalina.loader.WebappClassLoaderBase.findClass(WebappClassLoaderBase.java:821)
		at org.apache.catalina.loader.WebappClassLoaderBase.loadClass(WebappClassLoaderBase.java:1312)
		at org.apache.catalina.loader.WebappClassLoaderBase.loadClass(WebappClassLoaderBase.java:1160)
		at servlets.ErrorHandlerServlet.service(ErrorHandlerServlet.java:29)
		at javax.servlet.http.HttpServlet.service(HttpServlet.java:623)
		at org.apache.catalina.core.ApplicationFilterChain.internalDoFilter(ApplicationFilterChain.java:197)
		at org.apache.catalina.core.ApplicationFilterChain.doFilter(ApplicationFilterChain.java:142)
		at org.apache.catalina.core.ApplicationDispatcher.invoke(ApplicationDispatcher.java:619)
		at org.apache.catalina.core.ApplicationDispatcher.processRequest(ApplicationDispatcher.java:401)
		at org.apache.catalina.core.ApplicationDispatcher.doForward(ApplicationDispatcher.java:338)
		at org.apache.catalina.core.ApplicationDispatcher.forward(ApplicationDispatcher.java:283)
		at org.apache.catalina.core.StandardHostValve.custom(StandardHostValve.java:392)
		at org.apache.catalina.core.StandardHostValve.status(StandardHostValve.java:220)
		at org.apache.catalina.core.StandardHostValve.invoke(StandardHostValve.java:163)
		at org.apache.catalina.valves.ErrorReportValve.invoke(ErrorReportValve.java:83)
		at org.apache.catalina.valves.AbstractAccessLogValve.invoke(AbstractAccessLogValve.java:643)
		at org.apache.catalina.core.StandardEngineValve.invoke(StandardEngineValve.java:72)
		at org.apache.catalina.connector.CoyoteAdapter.service(CoyoteAdapter.java:344)
		at org.apache.coyote.http11.Http11Processor.service(Http11Processor.java:398)
		at org.apache.coyote.AbstractProcessorLight.process(AbstractProcessorLight.java:63)
		at org.apache.coyote.AbstractProtocol$ConnectionHandler.process(AbstractProtocol.java:939)
		at org.apache.tomcat.util.net.NioEndpoint$SocketProcessor.doRun(NioEndpoint.java:1831)
		at org.apache.tomcat.util.net.SocketProcessorBase.run(SocketProcessorBase.java:52)
		at org.apache.tomcat.util.threads.ThreadPoolExecutor.runWorker(ThreadPoolExecutor.java:973)
		at org.apache.tomcat.util.threads.ThreadPoolExecutor$Worker.run(ThreadPoolExecutor.java:491)
		at org.apache.tomcat.util.threads.TaskThread$WrappingRunnable.run(TaskThread.java:63)
		at java.lang.Thread.run(Thread.java:748)
	Caused by: java.io.FileNotFoundException: C:\apache-tomcat\webapps\onlinebookstore\WEB-INF\lib\checker-qual-3.5.0.jar (The system cannot find the path specified)
		at java.util.zip.ZipFile.open(Native Method)
		at java.util.zip.ZipFile.<init>(ZipFile.java:225)
		at java.util.zip.ZipFile.<init>(ZipFile.java:155)
		at java.util.jar.JarFile.<init>(JarFile.java:166)
		at java.util.jar.JarFile.<init>(JarFile.java:130)
		at org.apache.tomcat.util.compat.JreCompat.jarFileNewInstance(JreCompat.java:338)
		at org.apache.tomcat.util.compat.JreCompat.jarFileNewInstance(JreCompat.java:324)
		at org.apache.catalina.webresources.AbstractArchiveResourceSet.openJarFile(AbstractArchiveResourceSet.java:324)
		at org.apache.catalina.webresources.AbstractSingleArchiveResourceSet.getArchiveEntry(AbstractSingleArchiveResourceSet.java:96)
		... 34 more
12-Jan-2026 22:30:46.920 SEVERE [http-nio-8080-exec-48] org.apache.catalina.core.StandardHostValve.custom Exception Processing [ErrorPage[errorCode=404, location=/error]]
	java.lang.IllegalStateException: java.io.FileNotFoundException: C:\apache-tomcat\webapps\onlinebookstore\WEB-INF\lib\checker-qual-3.5.0.jar (The system cannot find the path specified)
		at org.apache.catalina.webresources.AbstractSingleArchiveResourceSet.getArchiveEntry(AbstractSingleArchiveResourceSet.java:100)
		at org.apache.catalina.webresources.AbstractArchiveResourceSet.getResource(AbstractArchiveResourceSet.java:255)
		at org.apache.catalina.webresources.StandardRoot.getResourceInternal(StandardRoot.java:273)
		at org.apache.catalina.webresources.Cache.getResource(Cache.java:64)
		at org.apache.catalina.webresources.StandardRoot.getResource(StandardRoot.java:212)
		at org.apache.catalina.webresources.StandardRoot.getClassLoaderResource(StandardRoot.java:221)
		at org.apache.catalina.loader.WebappClassLoaderBase.findClassInternal(WebappClassLoaderBase.java:2221)
		at org.apache.catalina.loader.WebappClassLoaderBase.findClassInternal(WebappClassLoaderBase.java:2212)
		at org.apache.catalina.loader.WebappClassLoaderBase.findClass(WebappClassLoaderBase.java:821)
		at org.apache.catalina.loader.WebappClassLoaderBase.loadClass(WebappClassLoaderBase.java:1312)
		at org.apache.catalina.loader.WebappClassLoaderBase.loadClass(WebappClassLoaderBase.java:1160)
		at servlets.ErrorHandlerServlet.service(ErrorHandlerServlet.java:29)
		at javax.servlet.http.HttpServlet.service(HttpServlet.java:623)
		at org.apache.catalina.core.ApplicationFilterChain.internalDoFilter(ApplicationFilterChain.java:197)
		at org.apache.catalina.core.ApplicationFilterChain.doFilter(ApplicationFilterChain.java:142)
		at org.apache.catalina.core.ApplicationDispatcher.invoke(ApplicationDispatcher.java:619)
		at org.apache.catalina.core.ApplicationDispatcher.processRequest(ApplicationDispatcher.java:401)
		at org.apache.catalina.core.ApplicationDispatcher.doForward(ApplicationDispatcher.java:338)
		at org.apache.catalina.core.ApplicationDispatcher.forward(ApplicationDispatcher.java:283)
		at org.apache.catalina.core.StandardHostValve.custom(StandardHostValve.java:392)
		at org.apache.catalina.core.StandardHostValve.status(StandardHostValve.java:220)
		at org.apache.catalina.core.StandardHostValve.invoke(StandardHostValve.java:163)
		at org.apache.catalina.valves.ErrorReportValve.invoke(ErrorReportValve.java:83)
		at org.apache.catalina.valves.AbstractAccessLogValve.invoke(AbstractAccessLogValve.java:643)
		at org.apache.catalina.core.StandardEngineValve.invoke(StandardEngineValve.java:72)
		at org.apache.catalina.connector.CoyoteAdapter.service(CoyoteAdapter.java:344)
		at org.apache.coyote.http11.Http11Processor.service(Http11Processor.java:398)
		at org.apache.coyote.AbstractProcessorLight.process(AbstractProcessorLight.java:63)
		at org.apache.coyote.AbstractProtocol$ConnectionHandler.process(AbstractProtocol.java:939)
		at org.apache.tomcat.util.net.NioEndpoint$SocketProcessor.doRun(NioEndpoint.java:1831)
		at org.apache.tomcat.util.net.SocketProcessorBase.run(SocketProcessorBase.java:52)
		at org.apache.tomcat.util.threads.ThreadPoolExecutor.runWorker(ThreadPoolExecutor.java:973)
		at org.apache.tomcat.util.threads.ThreadPoolExecutor$Worker.run(ThreadPoolExecutor.java:491)
		at org.apache.tomcat.util.threads.TaskThread$WrappingRunnable.run(TaskThread.java:63)
		at java.lang.Thread.run(Thread.java:748)
	Caused by: java.io.FileNotFoundException: C:\apache-tomcat\webapps\onlinebookstore\WEB-INF\lib\checker-qual-3.5.0.jar (The system cannot find the path specified)
		at java.util.zip.ZipFile.open(Native Method)
		at java.util.zip.ZipFile.<init>(ZipFile.java:225)
		at java.util.zip.ZipFile.<init>(ZipFile.java:155)
		at java.util.jar.JarFile.<init>(JarFile.java:166)
		at java.util.jar.JarFile.<init>(JarFile.java:130)
		at org.apache.tomcat.util.compat.JreCompat.jarFileNewInstance(JreCompat.java:338)
		at org.apache.tomcat.util.compat.JreCompat.jarFileNewInstance(JreCompat.java:324)
		at org.apache.catalina.webresources.AbstractArchiveResourceSet.openJarFile(AbstractArchiveResourceSet.java:324)
		at org.apache.catalina.webresources.AbstractSingleArchiveResourceSet.getArchiveEntry(AbstractSingleArchiveResourceSet.java:96)
		... 34 more
12-Jan-2026 22:37:27.717 SEVERE [http-nio-8080-exec-52] org.apache.catalina.core.ApplicationDispatcher.invoke Servlet.service() for servlet [ErrorHandlerServlet] threw exception
	java.lang.IllegalStateException: java.io.FileNotFoundException: C:\apache-tomcat\webapps\onlinebookstore\WEB-INF\lib\checker-qual-3.5.0.jar (The system cannot find the path specified)
		at org.apache.catalina.webresources.AbstractSingleArchiveResourceSet.getArchiveEntry(AbstractSingleArchiveResourceSet.java:100)
		at org.apache.catalina.webresources.AbstractArchiveResourceSet.getResource(AbstractArchiveResourceSet.java:255)
		at org.apache.catalina.webresources.StandardRoot.getResourceInternal(StandardRoot.java:273)
		at org.apache.catalina.webresources.Cache.getResource(Cache.java:64)
		at org.apache.catalina.webresources.StandardRoot.getResource(StandardRoot.java:212)
		at org.apache.catalina.webresources.StandardRoot.getClassLoaderResource(StandardRoot.java:221)
		at org.apache.catalina.loader.WebappClassLoaderBase.findClassInternal(WebappClassLoaderBase.java:2221)
		at org.apache.catalina.loader.WebappClassLoaderBase.findClassInternal(WebappClassLoaderBase.java:2212)
		at org.apache.catalina.loader.WebappClassLoaderBase.findClass(WebappClassLoaderBase.java:821)
		at org.apache.catalina.loader.WebappClassLoaderBase.loadClass(WebappClassLoaderBase.java:1312)
		at org.apache.catalina.loader.WebappClassLoaderBase.loadClass(WebappClassLoaderBase.java:1160)
		at servlets.ErrorHandlerServlet.service(ErrorHandlerServlet.java:29)
		at javax.servlet.http.HttpServlet.service(HttpServlet.java:623)
		at org.apache.catalina.core.ApplicationFilterChain.internalDoFilter(ApplicationFilterChain.java:197)
		at org.apache.catalina.core.ApplicationFilterChain.doFilter(ApplicationFilterChain.java:142)
		at org.apache.catalina.core.ApplicationDispatcher.invoke(ApplicationDispatcher.java:619)
		at org.apache.catalina.core.ApplicationDispatcher.processRequest(ApplicationDispatcher.java:401)
		at org.apache.catalina.core.ApplicationDispatcher.doForward(ApplicationDispatcher.java:338)
		at org.apache.catalina.core.ApplicationDispatcher.forward(ApplicationDispatcher.java:283)
		at org.apache.catalina.core.StandardHostValve.custom(StandardHostValve.java:392)
		at org.apache.catalina.core.StandardHostValve.status(StandardHostValve.java:220)
		at org.apache.catalina.core.StandardHostValve.invoke(StandardHostValve.java:163)
		at org.apache.catalina.valves.ErrorReportValve.invoke(ErrorReportValve.java:83)
		at org.apache.catalina.valves.AbstractAccessLogValve.invoke(AbstractAccessLogValve.java:643)
		at org.apache.catalina.core.StandardEngineValve.invoke(StandardEngineValve.java:72)
		at org.apache.catalina.connector.CoyoteAdapter.service(CoyoteAdapter.java:344)
		at org.apache.coyote.http11.Http11Processor.service(Http11Processor.java:398)
		at org.apache.coyote.AbstractProcessorLight.process(AbstractProcessorLight.java:63)
		at org.apache.coyote.AbstractProtocol$ConnectionHandler.process(AbstractProtocol.java:939)
		at org.apache.tomcat.util.net.NioEndpoint$SocketProcessor.doRun(NioEndpoint.java:1831)
		at org.apache.tomcat.util.net.SocketProcessorBase.run(SocketProcessorBase.java:52)
		at org.apache.tomcat.util.threads.ThreadPoolExecutor.runWorker(ThreadPoolExecutor.java:973)
		at org.apache.tomcat.util.threads.ThreadPoolExecutor$Worker.run(ThreadPoolExecutor.java:491)
		at org.apache.tomcat.util.threads.TaskThread$WrappingRunnable.run(TaskThread.java:63)
		at java.lang.Thread.run(Thread.java:748)
	Caused by: java.io.FileNotFoundException: C:\apache-tomcat\webapps\onlinebookstore\WEB-INF\lib\checker-qual-3.5.0.jar (The system cannot find the path specified)
		at java.util.zip.ZipFile.open(Native Method)
		at java.util.zip.ZipFile.<init>(ZipFile.java:225)
		at java.util.zip.ZipFile.<init>(ZipFile.java:155)
		at java.util.jar.JarFile.<init>(JarFile.java:166)
		at java.util.jar.JarFile.<init>(JarFile.java:130)
		at org.apache.tomcat.util.compat.JreCompat.jarFileNewInstance(JreCompat.java:338)
		at org.apache.tomcat.util.compat.JreCompat.jarFileNewInstance(JreCompat.java:324)
		at org.apache.catalina.webresources.AbstractArchiveResourceSet.openJarFile(AbstractArchiveResourceSet.java:324)
		at org.apache.catalina.webresources.AbstractSingleArchiveResourceSet.getArchiveEntry(AbstractSingleArchiveResourceSet.java:96)
		... 34 more
12-Jan-2026 22:37:27.717 SEVERE [http-nio-8080-exec-52] org.apache.catalina.core.StandardHostValve.custom Exception Processing [ErrorPage[errorCode=404, location=/error]]
	java.lang.IllegalStateException: java.io.FileNotFoundException: C:\apache-tomcat\webapps\onlinebookstore\WEB-INF\lib\checker-qual-3.5.0.jar (The system cannot find the path specified)
		at org.apache.catalina.webresources.AbstractSingleArchiveResourceSet.getArchiveEntry(AbstractSingleArchiveResourceSet.java:100)
		at org.apache.catalina.webresources.AbstractArchiveResourceSet.getResource(AbstractArchiveResourceSet.java:255)
		at org.apache.catalina.webresources.StandardRoot.getResourceInternal(StandardRoot.java:273)
		at org.apache.catalina.webresources.Cache.getResource(Cache.java:64)
		at org.apache.catalina.webresources.StandardRoot.getResource(StandardRoot.java:212)
		at org.apache.catalina.webresources.StandardRoot.getClassLoaderResource(StandardRoot.java:221)
		at org.apache.catalina.loader.WebappClassLoaderBase.findClassInternal(WebappClassLoaderBase.java:2221)
		at org.apache.catalina.loader.WebappClassLoaderBase.findClassInternal(WebappClassLoaderBase.java:2212)
		at org.apache.catalina.loader.WebappClassLoaderBase.findClass(WebappClassLoaderBase.java:821)
		at org.apache.catalina.loader.WebappClassLoaderBase.loadClass(WebappClassLoaderBase.java:1312)
		at org.apache.catalina.loader.WebappClassLoaderBase.loadClass(WebappClassLoaderBase.java:1160)
		at servlets.ErrorHandlerServlet.service(ErrorHandlerServlet.java:29)
		at javax.servlet.http.HttpServlet.service(HttpServlet.java:623)
		at org.apache.catalina.core.ApplicationFilterChain.internalDoFilter(ApplicationFilterChain.java:197)
		at org.apache.catalina.core.ApplicationFilterChain.doFilter(ApplicationFilterChain.java:142)
		at org.apache.catalina.core.ApplicationDispatcher.invoke(ApplicationDispatcher.java:619)
		at org.apache.catalina.core.ApplicationDispatcher.processRequest(ApplicationDispatcher.java:401)
		at org.apache.catalina.core.ApplicationDispatcher.doForward(ApplicationDispatcher.java:338)
		at org.apache.catalina.core.ApplicationDispatcher.forward(ApplicationDispatcher.java:283)
		at org.apache.catalina.core.StandardHostValve.custom(StandardHostValve.java:392)
		at org.apache.catalina.core.StandardHostValve.status(StandardHostValve.java:220)
		at org.apache.catalina.core.StandardHostValve.invoke(StandardHostValve.java:163)
		at org.apache.catalina.valves.ErrorReportValve.invoke(ErrorReportValve.java:83)
		at org.apache.catalina.valves.AbstractAccessLogValve.invoke(AbstractAccessLogValve.java:643)
		at org.apache.catalina.core.StandardEngineValve.invoke(StandardEngineValve.java:72)
		at org.apache.catalina.connector.CoyoteAdapter.service(CoyoteAdapter.java:344)
		at org.apache.coyote.http11.Http11Processor.service(Http11Processor.java:398)
		at org.apache.coyote.AbstractProcessorLight.process(AbstractProcessorLight.java:63)
		at org.apache.coyote.AbstractProtocol$ConnectionHandler.process(AbstractProtocol.java:939)
		at org.apache.tomcat.util.net.NioEndpoint$SocketProcessor.doRun(NioEndpoint.java:1831)
		at org.apache.tomcat.util.net.SocketProcessorBase.run(SocketProcessorBase.java:52)
		at org.apache.tomcat.util.threads.ThreadPoolExecutor.runWorker(ThreadPoolExecutor.java:973)
		at org.apache.tomcat.util.threads.ThreadPoolExecutor$Worker.run(ThreadPoolExecutor.java:491)
		at org.apache.tomcat.util.threads.TaskThread$WrappingRunnable.run(TaskThread.java:63)
		at java.lang.Thread.run(Thread.java:748)
	Caused by: java.io.FileNotFoundException: C:\apache-tomcat\webapps\onlinebookstore\WEB-INF\lib\checker-qual-3.5.0.jar (The system cannot find the path specified)
		at java.util.zip.ZipFile.open(Native Method)
		at java.util.zip.ZipFile.<init>(ZipFile.java:225)
		at java.util.zip.ZipFile.<init>(ZipFile.java:155)
		at java.util.jar.JarFile.<init>(JarFile.java:166)
		at java.util.jar.JarFile.<init>(JarFile.java:130)
		at org.apache.tomcat.util.compat.JreCompat.jarFileNewInstance(JreCompat.java:338)
		at org.apache.tomcat.util.compat.JreCompat.jarFileNewInstance(JreCompat.java:324)
		at org.apache.catalina.webresources.AbstractArchiveResourceSet.openJarFile(AbstractArchiveResourceSet.java:324)
		at org.apache.catalina.webresources.AbstractSingleArchiveResourceSet.getArchiveEntry(AbstractSingleArchiveResourceSet.java:96)
		... 34 more
12-Jan-2026 22:37:27.842 SEVERE [http-nio-8080-exec-59] org.apache.catalina.core.ApplicationDispatcher.invoke Servlet.service() for servlet [ErrorHandlerServlet] threw exception
	java.lang.IllegalStateException: java.io.FileNotFoundException: C:\apache-tomcat\webapps\onlinebookstore\WEB-INF\lib\checker-qual-3.5.0.jar (The system cannot find the path specified)
		at org.apache.catalina.webresources.AbstractSingleArchiveResourceSet.getArchiveEntry(AbstractSingleArchiveResourceSet.java:100)
		at org.apache.catalina.webresources.AbstractArchiveResourceSet.getResource(AbstractArchiveResourceSet.java:255)
		at org.apache.catalina.webresources.StandardRoot.getResourceInternal(StandardRoot.java:273)
		at org.apache.catalina.webresources.Cache.getResource(Cache.java:64)
		at org.apache.catalina.webresources.StandardRoot.getResource(StandardRoot.java:212)
		at org.apache.catalina.webresources.StandardRoot.getClassLoaderResource(StandardRoot.java:221)
		at org.apache.catalina.loader.WebappClassLoaderBase.findClassInternal(WebappClassLoaderBase.java:2221)
		at org.apache.catalina.loader.WebappClassLoaderBase.findClassInternal(WebappClassLoaderBase.java:2212)
		at org.apache.catalina.loader.WebappClassLoaderBase.findClass(WebappClassLoaderBase.java:821)
		at org.apache.catalina.loader.WebappClassLoaderBase.loadClass(WebappClassLoaderBase.java:1312)
		at org.apache.catalina.loader.WebappClassLoaderBase.loadClass(WebappClassLoaderBase.java:1160)
		at servlets.ErrorHandlerServlet.service(ErrorHandlerServlet.java:29)
		at javax.servlet.http.HttpServlet.service(HttpServlet.java:623)
		at org.apache.catalina.core.ApplicationFilterChain.internalDoFilter(ApplicationFilterChain.java:197)
		at org.apache.catalina.core.ApplicationFilterChain.doFilter(ApplicationFilterChain.java:142)
		at org.apache.catalina.core.ApplicationDispatcher.invoke(ApplicationDispatcher.java:619)
		at org.apache.catalina.core.ApplicationDispatcher.processRequest(ApplicationDispatcher.java:401)
		at org.apache.catalina.core.ApplicationDispatcher.doForward(ApplicationDispatcher.java:338)
		at org.apache.catalina.core.ApplicationDispatcher.forward(ApplicationDispatcher.java:283)
		at org.apache.catalina.core.StandardHostValve.custom(StandardHostValve.java:392)
		at org.apache.catalina.core.StandardHostValve.status(StandardHostValve.java:220)
		at org.apache.catalina.core.StandardHostValve.invoke(StandardHostValve.java:163)
		at org.apache.catalina.valves.ErrorReportValve.invoke(ErrorReportValve.java:83)
		at org.apache.catalina.valves.AbstractAccessLogValve.invoke(AbstractAccessLogValve.java:643)
		at org.apache.catalina.core.StandardEngineValve.invoke(StandardEngineValve.java:72)
		at org.apache.catalina.connector.CoyoteAdapter.service(CoyoteAdapter.java:344)
		at org.apache.coyote.http11.Http11Processor.service(Http11Processor.java:398)
		at org.apache.coyote.AbstractProcessorLight.process(AbstractProcessorLight.java:63)
		at org.apache.coyote.AbstractProtocol$ConnectionHandler.process(AbstractProtocol.java:939)
		at org.apache.tomcat.util.net.NioEndpoint$SocketProcessor.doRun(NioEndpoint.java:1831)
		at org.apache.tomcat.util.net.SocketProcessorBase.run(SocketProcessorBase.java:52)
		at org.apache.tomcat.util.threads.ThreadPoolExecutor.runWorker(ThreadPoolExecutor.java:973)
		at org.apache.tomcat.util.threads.ThreadPoolExecutor$Worker.run(ThreadPoolExecutor.java:491)
		at org.apache.tomcat.util.threads.TaskThread$WrappingRunnable.run(TaskThread.java:63)
		at java.lang.Thread.run(Thread.java:748)
	Caused by: java.io.FileNotFoundException: C:\apache-tomcat\webapps\onlinebookstore\WEB-INF\lib\checker-qual-3.5.0.jar (The system cannot find the path specified)
		at java.util.zip.ZipFile.open(Native Method)
		at java.util.zip.ZipFile.<init>(ZipFile.java:225)
		at java.util.zip.ZipFile.<init>(ZipFile.java:155)
		at java.util.jar.JarFile.<init>(JarFile.java:166)
		at java.util.jar.JarFile.<init>(JarFile.java:130)
		at org.apache.tomcat.util.compat.JreCompat.jarFileNewInstance(JreCompat.java:338)
		at org.apache.tomcat.util.compat.JreCompat.jarFileNewInstance(JreCompat.java:324)
		at org.apache.catalina.webresources.AbstractArchiveResourceSet.openJarFile(AbstractArchiveResourceSet.java:324)
		at org.apache.catalina.webresources.AbstractSingleArchiveResourceSet.getArchiveEntry(AbstractSingleArchiveResourceSet.java:96)
		... 34 more
12-Jan-2026 22:37:27.842 SEVERE [http-nio-8080-exec-59] org.apache.catalina.core.StandardHostValve.custom Exception Processing [ErrorPage[errorCode=404, location=/error]]
	java.lang.IllegalStateException: java.io.FileNotFoundException: C:\apache-tomcat\webapps\onlinebookstore\WEB-INF\lib\checker-qual-3.5.0.jar (The system cannot find the path specified)
		at org.apache.catalina.webresources.AbstractSingleArchiveResourceSet.getArchiveEntry(AbstractSingleArchiveResourceSet.java:100)
		at org.apache.catalina.webresources.AbstractArchiveResourceSet.getResource(AbstractArchiveResourceSet.java:255)
		at org.apache.catalina.webresources.StandardRoot.getResourceInternal(StandardRoot.java:273)
		at org.apache.catalina.webresources.Cache.getResource(Cache.java:64)
		at org.apache.catalina.webresources.StandardRoot.getResource(StandardRoot.java:212)
		at org.apache.catalina.webresources.StandardRoot.getClassLoaderResource(StandardRoot.java:221)
		at org.apache.catalina.loader.WebappClassLoaderBase.findClassInternal(WebappClassLoaderBase.java:2221)
		at org.apache.catalina.loader.WebappClassLoaderBase.findClassInternal(WebappClassLoaderBase.java:2212)
		at org.apache.catalina.loader.WebappClassLoaderBase.findClass(WebappClassLoaderBase.java:821)
		at org.apache.catalina.loader.WebappClassLoaderBase.loadClass(WebappClassLoaderBase.java:1312)
		at org.apache.catalina.loader.WebappClassLoaderBase.loadClass(WebappClassLoaderBase.java:1160)
		at servlets.ErrorHandlerServlet.service(ErrorHandlerServlet.java:29)
		at javax.servlet.http.HttpServlet.service(HttpServlet.java:623)
		at org.apache.catalina.core.ApplicationFilterChain.internalDoFilter(ApplicationFilterChain.java:197)
		at org.apache.catalina.core.ApplicationFilterChain.doFilter(ApplicationFilterChain.java:142)
		at org.apache.catalina.core.ApplicationDispatcher.invoke(ApplicationDispatcher.java:619)
		at org.apache.catalina.core.ApplicationDispatcher.processRequest(ApplicationDispatcher.java:401)
		at org.apache.catalina.core.ApplicationDispatcher.doForward(ApplicationDispatcher.java:338)
		at org.apache.catalina.core.ApplicationDispatcher.forward(ApplicationDispatcher.java:283)
		at org.apache.catalina.core.StandardHostValve.custom(StandardHostValve.java:392)
		at org.apache.catalina.core.StandardHostValve.status(StandardHostValve.java:220)
		at org.apache.catalina.core.StandardHostValve.invoke(StandardHostValve.java:163)
		at org.apache.catalina.valves.ErrorReportValve.invoke(ErrorReportValve.java:83)
		at org.apache.catalina.valves.AbstractAccessLogValve.invoke(AbstractAccessLogValve.java:643)
		at org.apache.catalina.core.StandardEngineValve.invoke(StandardEngineValve.java:72)
		at org.apache.catalina.connector.CoyoteAdapter.service(CoyoteAdapter.java:344)
		at org.apache.coyote.http11.Http11Processor.service(Http11Processor.java:398)
		at org.apache.coyote.AbstractProcessorLight.process(AbstractProcessorLight.java:63)
		at org.apache.coyote.AbstractProtocol$ConnectionHandler.process(AbstractProtocol.java:939)
		at org.apache.tomcat.util.net.NioEndpoint$SocketProcessor.doRun(NioEndpoint.java:1831)
		at org.apache.tomcat.util.net.SocketProcessorBase.run(SocketProcessorBase.java:52)
		at org.apache.tomcat.util.threads.ThreadPoolExecutor.runWorker(ThreadPoolExecutor.java:973)
		at org.apache.tomcat.util.threads.ThreadPoolExecutor$Worker.run(ThreadPoolExecutor.java:491)
		at org.apache.tomcat.util.threads.TaskThread$WrappingRunnable.run(TaskThread.java:63)
		at java.lang.Thread.run(Thread.java:748)
	Caused by: java.io.FileNotFoundException: C:\apache-tomcat\webapps\onlinebookstore\WEB-INF\lib\checker-qual-3.5.0.jar (The system cannot find the path specified)
		at java.util.zip.ZipFile.open(Native Method)
		at java.util.zip.ZipFile.<init>(ZipFile.java:225)
		at java.util.zip.ZipFile.<init>(ZipFile.java:155)
		at java.util.jar.JarFile.<init>(JarFile.java:166)
		at java.util.jar.JarFile.<init>(JarFile.java:130)
		at org.apache.tomcat.util.compat.JreCompat.jarFileNewInstance(JreCompat.java:338)
		at org.apache.tomcat.util.compat.JreCompat.jarFileNewInstance(JreCompat.java:324)
		at org.apache.catalina.webresources.AbstractArchiveResourceSet.openJarFile(AbstractArchiveResourceSet.java:324)
		at org.apache.catalina.webresources.AbstractSingleArchiveResourceSet.getArchiveEntry(AbstractSingleArchiveResourceSet.java:96)
		... 34 more
12-Jan-2026 22:37:28.008 SEVERE [http-nio-8080-exec-60] org.apache.catalina.core.ApplicationDispatcher.invoke Servlet.service() for servlet [ErrorHandlerServlet] threw exception
	java.lang.IllegalStateException: java.io.FileNotFoundException: C:\apache-tomcat\webapps\onlinebookstore\WEB-INF\lib\checker-qual-3.5.0.jar (The system cannot find the path specified)
		at org.apache.catalina.webresources.AbstractSingleArchiveResourceSet.getArchiveEntry(AbstractSingleArchiveResourceSet.java:100)
		at org.apache.catalina.webresources.AbstractArchiveResourceSet.getResource(AbstractArchiveResourceSet.java:255)
		at org.apache.catalina.webresources.StandardRoot.getResourceInternal(StandardRoot.java:273)
		at org.apache.catalina.webresources.Cache.getResource(Cache.java:64)
		at org.apache.catalina.webresources.StandardRoot.getResource(StandardRoot.java:212)
		at org.apache.catalina.webresources.StandardRoot.getClassLoaderResource(StandardRoot.java:221)
		at org.apache.catalina.loader.WebappClassLoaderBase.findClassInternal(WebappClassLoaderBase.java:2221)
		at org.apache.catalina.loader.WebappClassLoaderBase.findClassInternal(WebappClassLoaderBase.java:2212)
		at org.apache.catalina.loader.WebappClassLoaderBase.findClass(WebappClassLoaderBase.java:821)
		at org.apache.catalina.loader.WebappClassLoaderBase.loadClass(WebappClassLoaderBase.java:1312)
		at org.apache.catalina.loader.WebappClassLoaderBase.loadClass(WebappClassLoaderBase.java:1160)
		at servlets.ErrorHandlerServlet.service(ErrorHandlerServlet.java:29)
		at javax.servlet.http.HttpServlet.service(HttpServlet.java:623)
		at org.apache.catalina.core.ApplicationFilterChain.internalDoFilter(ApplicationFilterChain.java:197)
		at org.apache.catalina.core.ApplicationFilterChain.doFilter(ApplicationFilterChain.java:142)
		at org.apache.catalina.core.ApplicationDispatcher.invoke(ApplicationDispatcher.java:619)
		at org.apache.catalina.core.ApplicationDispatcher.processRequest(ApplicationDispatcher.java:401)
		at org.apache.catalina.core.ApplicationDispatcher.doForward(ApplicationDispatcher.java:338)
		at org.apache.catalina.core.ApplicationDispatcher.forward(ApplicationDispatcher.java:283)
		at org.apache.catalina.core.StandardHostValve.custom(StandardHostValve.java:392)
		at org.apache.catalina.core.StandardHostValve.status(StandardHostValve.java:220)
		at org.apache.catalina.core.StandardHostValve.invoke(StandardHostValve.java:163)
		at org.apache.catalina.valves.ErrorReportValve.invoke(ErrorReportValve.java:83)
		at org.apache.catalina.valves.AbstractAccessLogValve.invoke(AbstractAccessLogValve.java:643)
		at org.apache.catalina.core.StandardEngineValve.invoke(StandardEngineValve.java:72)
		at org.apache.catalina.connector.CoyoteAdapter.service(CoyoteAdapter.java:344)
		at org.apache.coyote.http11.Http11Processor.service(Http11Processor.java:398)
		at org.apache.coyote.AbstractProcessorLight.process(AbstractProcessorLight.java:63)
		at org.apache.coyote.AbstractProtocol$ConnectionHandler.process(AbstractProtocol.java:939)
		at org.apache.tomcat.util.net.NioEndpoint$SocketProcessor.doRun(NioEndpoint.java:1831)
		at org.apache.tomcat.util.net.SocketProcessorBase.run(SocketProcessorBase.java:52)
		at org.apache.tomcat.util.threads.ThreadPoolExecutor.runWorker(ThreadPoolExecutor.java:973)
		at org.apache.tomcat.util.threads.ThreadPoolExecutor$Worker.run(ThreadPoolExecutor.java:491)
		at org.apache.tomcat.util.threads.TaskThread$WrappingRunnable.run(TaskThread.java:63)
		at java.lang.Thread.run(Thread.java:748)
	Caused by: java.io.FileNotFoundException: C:\apache-tomcat\webapps\onlinebookstore\WEB-INF\lib\checker-qual-3.5.0.jar (The system cannot find the path specified)
		at java.util.zip.ZipFile.open(Native Method)
		at java.util.zip.ZipFile.<init>(ZipFile.java:225)
		at java.util.zip.ZipFile.<init>(ZipFile.java:155)
		at java.util.jar.JarFile.<init>(JarFile.java:166)
		at java.util.jar.JarFile.<init>(JarFile.java:130)
		at org.apache.tomcat.util.compat.JreCompat.jarFileNewInstance(JreCompat.java:338)
		at org.apache.tomcat.util.compat.JreCompat.jarFileNewInstance(JreCompat.java:324)
		at org.apache.catalina.webresources.AbstractArchiveResourceSet.openJarFile(AbstractArchiveResourceSet.java:324)
		at org.apache.catalina.webresources.AbstractSingleArchiveResourceSet.getArchiveEntry(AbstractSingleArchiveResourceSet.java:96)
		... 34 more
12-Jan-2026 22:37:28.008 SEVERE [http-nio-8080-exec-60] org.apache.catalina.core.StandardHostValve.custom Exception Processing [ErrorPage[errorCode=404, location=/error]]
	java.lang.IllegalStateException: java.io.FileNotFoundException: C:\apache-tomcat\webapps\onlinebookstore\WEB-INF\lib\checker-qual-3.5.0.jar (The system cannot find the path specified)
		at org.apache.catalina.webresources.AbstractSingleArchiveResourceSet.getArchiveEntry(AbstractSingleArchiveResourceSet.java:100)
		at org.apache.catalina.webresources.AbstractArchiveResourceSet.getResource(AbstractArchiveResourceSet.java:255)
		at org.apache.catalina.webresources.StandardRoot.getResourceInternal(StandardRoot.java:273)
		at org.apache.catalina.webresources.Cache.getResource(Cache.java:64)
		at org.apache.catalina.webresources.StandardRoot.getResource(StandardRoot.java:212)
		at org.apache.catalina.webresources.StandardRoot.getClassLoaderResource(StandardRoot.java:221)
		at org.apache.catalina.loader.WebappClassLoaderBase.findClassInternal(WebappClassLoaderBase.java:2221)
		at org.apache.catalina.loader.WebappClassLoaderBase.findClassInternal(WebappClassLoaderBase.java:2212)
		at org.apache.catalina.loader.WebappClassLoaderBase.findClass(WebappClassLoaderBase.java:821)
		at org.apache.catalina.loader.WebappClassLoaderBase.loadClass(WebappClassLoaderBase.java:1312)
		at org.apache.catalina.loader.WebappClassLoaderBase.loadClass(WebappClassLoaderBase.java:1160)
		at servlets.ErrorHandlerServlet.service(ErrorHandlerServlet.java:29)
		at javax.servlet.http.HttpServlet.service(HttpServlet.java:623)
		at org.apache.catalina.core.ApplicationFilterChain.internalDoFilter(ApplicationFilterChain.java:197)
		at org.apache.catalina.core.ApplicationFilterChain.doFilter(ApplicationFilterChain.java:142)
		at org.apache.catalina.core.ApplicationDispatcher.invoke(ApplicationDispatcher.java:619)
		at org.apache.catalina.core.ApplicationDispatcher.processRequest(ApplicationDispatcher.java:401)
		at org.apache.catalina.core.ApplicationDispatcher.doForward(ApplicationDispatcher.java:338)
		at org.apache.catalina.core.ApplicationDispatcher.forward(ApplicationDispatcher.java:283)
		at org.apache.catalina.core.StandardHostValve.custom(StandardHostValve.java:392)
		at org.apache.catalina.core.StandardHostValve.status(StandardHostValve.java:220)
		at org.apache.catalina.core.StandardHostValve.invoke(StandardHostValve.java:163)
		at org.apache.catalina.valves.ErrorReportValve.invoke(ErrorReportValve.java:83)
		at org.apache.catalina.valves.AbstractAccessLogValve.invoke(AbstractAccessLogValve.java:643)
		at org.apache.catalina.core.StandardEngineValve.invoke(StandardEngineValve.java:72)
		at org.apache.catalina.connector.CoyoteAdapter.service(CoyoteAdapter.java:344)
		at org.apache.coyote.http11.Http11Processor.service(Http11Processor.java:398)
		at org.apache.coyote.AbstractProcessorLight.process(AbstractProcessorLight.java:63)
		at org.apache.coyote.AbstractProtocol$ConnectionHandler.process(AbstractProtocol.java:939)
		at org.apache.tomcat.util.net.NioEndpoint$SocketProcessor.doRun(NioEndpoint.java:1831)
		at org.apache.tomcat.util.net.SocketProcessorBase.run(SocketProcessorBase.java:52)
		at org.apache.tomcat.util.threads.ThreadPoolExecutor.runWorker(ThreadPoolExecutor.java:973)
		at org.apache.tomcat.util.threads.ThreadPoolExecutor$Worker.run(ThreadPoolExecutor.java:491)
		at org.apache.tomcat.util.threads.TaskThread$WrappingRunnable.run(TaskThread.java:63)
		at java.lang.Thread.run(Thread.java:748)
	Caused by: java.io.FileNotFoundException: C:\apache-tomcat\webapps\onlinebookstore\WEB-INF\lib\checker-qual-3.5.0.jar (The system cannot find the path specified)
		at java.util.zip.ZipFile.open(Native Method)
		at java.util.zip.ZipFile.<init>(ZipFile.java:225)
		at java.util.zip.ZipFile.<init>(ZipFile.java:155)
		at java.util.jar.JarFile.<init>(JarFile.java:166)
		at java.util.jar.JarFile.<init>(JarFile.java:130)
		at org.apache.tomcat.util.compat.JreCompat.jarFileNewInstance(JreCompat.java:338)
		at org.apache.tomcat.util.compat.JreCompat.jarFileNewInstance(JreCompat.java:324)
		at org.apache.catalina.webresources.AbstractArchiveResourceSet.openJarFile(AbstractArchiveResourceSet.java:324)
		at org.apache.catalina.webresources.AbstractSingleArchiveResourceSet.getArchiveEntry(AbstractSingleArchiveResourceSet.java:96)
		... 34 more
12-Jan-2026 22:37:28.169 SEVERE [http-nio-8080-exec-53] org.apache.catalina.core.ApplicationDispatcher.invoke Servlet.service() for servlet [ErrorHandlerServlet] threw exception
	java.lang.IllegalStateException: java.io.FileNotFoundException: C:\apache-tomcat\webapps\onlinebookstore\WEB-INF\lib\checker-qual-3.5.0.jar (The system cannot find the path specified)
		at org.apache.catalina.webresources.AbstractSingleArchiveResourceSet.getArchiveEntry(AbstractSingleArchiveResourceSet.java:100)
		at org.apache.catalina.webresources.AbstractArchiveResourceSet.getResource(AbstractArchiveResourceSet.java:255)
		at org.apache.catalina.webresources.StandardRoot.getResourceInternal(StandardRoot.java:273)
		at org.apache.catalina.webresources.Cache.getResource(Cache.java:64)
		at org.apache.catalina.webresources.StandardRoot.getResource(StandardRoot.java:212)
		at org.apache.catalina.webresources.StandardRoot.getClassLoaderResource(StandardRoot.java:221)
		at org.apache.catalina.loader.WebappClassLoaderBase.findClassInternal(WebappClassLoaderBase.java:2221)
		at org.apache.catalina.loader.WebappClassLoaderBase.findClassInternal(WebappClassLoaderBase.java:2212)
		at org.apache.catalina.loader.WebappClassLoaderBase.findClass(WebappClassLoaderBase.java:821)
		at org.apache.catalina.loader.WebappClassLoaderBase.loadClass(WebappClassLoaderBase.java:1312)
		at org.apache.catalina.loader.WebappClassLoaderBase.loadClass(WebappClassLoaderBase.java:1160)
		at servlets.ErrorHandlerServlet.service(ErrorHandlerServlet.java:29)
		at javax.servlet.http.HttpServlet.service(HttpServlet.java:623)
		at org.apache.catalina.core.ApplicationFilterChain.internalDoFilter(ApplicationFilterChain.java:197)
		at org.apache.catalina.core.ApplicationFilterChain.doFilter(ApplicationFilterChain.java:142)
		at org.apache.catalina.core.ApplicationDispatcher.invoke(ApplicationDispatcher.java:619)
		at org.apache.catalina.core.ApplicationDispatcher.processRequest(ApplicationDispatcher.java:401)
		at org.apache.catalina.core.ApplicationDispatcher.doForward(ApplicationDispatcher.java:338)
		at org.apache.catalina.core.ApplicationDispatcher.forward(ApplicationDispatcher.java:283)
		at org.apache.catalina.core.StandardHostValve.custom(StandardHostValve.java:392)
		at org.apache.catalina.core.StandardHostValve.status(StandardHostValve.java:220)
		at org.apache.catalina.core.StandardHostValve.invoke(StandardHostValve.java:163)
		at org.apache.catalina.valves.ErrorReportValve.invoke(ErrorReportValve.java:83)
		at org.apache.catalina.valves.AbstractAccessLogValve.invoke(AbstractAccessLogValve.java:643)
		at org.apache.catalina.core.StandardEngineValve.invoke(StandardEngineValve.java:72)
		at org.apache.catalina.connector.CoyoteAdapter.service(CoyoteAdapter.java:344)
		at org.apache.coyote.http11.Http11Processor.service(Http11Processor.java:398)
		at org.apache.coyote.AbstractProcessorLight.process(AbstractProcessorLight.java:63)
		at org.apache.coyote.AbstractProtocol$ConnectionHandler.process(AbstractProtocol.java:939)
		at org.apache.tomcat.util.net.NioEndpoint$SocketProcessor.doRun(NioEndpoint.java:1831)
		at org.apache.tomcat.util.net.SocketProcessorBase.run(SocketProcessorBase.java:52)
		at org.apache.tomcat.util.threads.ThreadPoolExecutor.runWorker(ThreadPoolExecutor.java:973)
		at org.apache.tomcat.util.threads.ThreadPoolExecutor$Worker.run(ThreadPoolExecutor.java:491)
		at org.apache.tomcat.util.threads.TaskThread$WrappingRunnable.run(TaskThread.java:63)
		at java.lang.Thread.run(Thread.java:748)
	Caused by: java.io.FileNotFoundException: C:\apache-tomcat\webapps\onlinebookstore\WEB-INF\lib\checker-qual-3.5.0.jar (The system cannot find the path specified)
		at java.util.zip.ZipFile.open(Native Method)
		at java.util.zip.ZipFile.<init>(ZipFile.java:225)
		at java.util.zip.ZipFile.<init>(ZipFile.java:155)
		at java.util.jar.JarFile.<init>(JarFile.java:166)
		at java.util.jar.JarFile.<init>(JarFile.java:130)
		at org.apache.tomcat.util.compat.JreCompat.jarFileNewInstance(JreCompat.java:338)
		at org.apache.tomcat.util.compat.JreCompat.jarFileNewInstance(JreCompat.java:324)
		at org.apache.catalina.webresources.AbstractArchiveResourceSet.openJarFile(AbstractArchiveResourceSet.java:324)
		at org.apache.catalina.webresources.AbstractSingleArchiveResourceSet.getArchiveEntry(AbstractSingleArchiveResourceSet.java:96)
		... 34 more
12-Jan-2026 22:37:28.171 SEVERE [http-nio-8080-exec-53] org.apache.catalina.core.StandardHostValve.custom Exception Processing [ErrorPage[errorCode=404, location=/error]]
	java.lang.IllegalStateException: java.io.FileNotFoundException: C:\apache-tomcat\webapps\onlinebookstore\WEB-INF\lib\checker-qual-3.5.0.jar (The system cannot find the path specified)
		at org.apache.catalina.webresources.AbstractSingleArchiveResourceSet.getArchiveEntry(AbstractSingleArchiveResourceSet.java:100)
		at org.apache.catalina.webresources.AbstractArchiveResourceSet.getResource(AbstractArchiveResourceSet.java:255)
		at org.apache.catalina.webresources.StandardRoot.getResourceInternal(StandardRoot.java:273)
		at org.apache.catalina.webresources.Cache.getResource(Cache.java:64)
		at org.apache.catalina.webresources.StandardRoot.getResource(StandardRoot.java:212)
		at org.apache.catalina.webresources.StandardRoot.getClassLoaderResource(StandardRoot.java:221)
		at org.apache.catalina.loader.WebappClassLoaderBase.findClassInternal(WebappClassLoaderBase.java:2221)
		at org.apache.catalina.loader.WebappClassLoaderBase.findClassInternal(WebappClassLoaderBase.java:2212)
		at org.apache.catalina.loader.WebappClassLoaderBase.findClass(WebappClassLoaderBase.java:821)
		at org.apache.catalina.loader.WebappClassLoaderBase.loadClass(WebappClassLoaderBase.java:1312)
		at org.apache.catalina.loader.WebappClassLoaderBase.loadClass(WebappClassLoaderBase.java:1160)
		at servlets.ErrorHandlerServlet.service(ErrorHandlerServlet.java:29)
		at javax.servlet.http.HttpServlet.service(HttpServlet.java:623)
		at org.apache.catalina.core.ApplicationFilterChain.internalDoFilter(ApplicationFilterChain.java:197)
		at org.apache.catalina.core.ApplicationFilterChain.doFilter(ApplicationFilterChain.java:142)
		at org.apache.catalina.core.ApplicationDispatcher.invoke(ApplicationDispatcher.java:619)
		at org.apache.catalina.core.ApplicationDispatcher.processRequest(ApplicationDispatcher.java:401)
		at org.apache.catalina.core.ApplicationDispatcher.doForward(ApplicationDispatcher.java:338)
		at org.apache.catalina.core.ApplicationDispatcher.forward(ApplicationDispatcher.java:283)
		at org.apache.catalina.core.StandardHostValve.custom(StandardHostValve.java:392)
		at org.apache.catalina.core.StandardHostValve.status(StandardHostValve.java:220)
		at org.apache.catalina.core.StandardHostValve.invoke(StandardHostValve.java:163)
		at org.apache.catalina.valves.ErrorReportValve.invoke(ErrorReportValve.java:83)
		at org.apache.catalina.valves.AbstractAccessLogValve.invoke(AbstractAccessLogValve.java:643)
		at org.apache.catalina.core.StandardEngineValve.invoke(StandardEngineValve.java:72)
		at org.apache.catalina.connector.CoyoteAdapter.service(CoyoteAdapter.java:344)
		at org.apache.coyote.http11.Http11Processor.service(Http11Processor.java:398)
		at org.apache.coyote.AbstractProcessorLight.process(AbstractProcessorLight.java:63)
		at org.apache.coyote.AbstractProtocol$ConnectionHandler.process(AbstractProtocol.java:939)
		at org.apache.tomcat.util.net.NioEndpoint$SocketProcessor.doRun(NioEndpoint.java:1831)
		at org.apache.tomcat.util.net.SocketProcessorBase.run(SocketProcessorBase.java:52)
		at org.apache.tomcat.util.threads.ThreadPoolExecutor.runWorker(ThreadPoolExecutor.java:973)
		at org.apache.tomcat.util.threads.ThreadPoolExecutor$Worker.run(ThreadPoolExecutor.java:491)
		at org.apache.tomcat.util.threads.TaskThread$WrappingRunnable.run(TaskThread.java:63)
		at java.lang.Thread.run(Thread.java:748)
	Caused by: java.io.FileNotFoundException: C:\apache-tomcat\webapps\onlinebookstore\WEB-INF\lib\checker-qual-3.5.0.jar (The system cannot find the path specified)
		at java.util.zip.ZipFile.open(Native Method)
		at java.util.zip.ZipFile.<init>(ZipFile.java:225)
		at java.util.zip.ZipFile.<init>(ZipFile.java:155)
		at java.util.jar.JarFile.<init>(JarFile.java:166)
		at java.util.jar.JarFile.<init>(JarFile.java:130)
		at org.apache.tomcat.util.compat.JreCompat.jarFileNewInstance(JreCompat.java:338)
		at org.apache.tomcat.util.compat.JreCompat.jarFileNewInstance(JreCompat.java:324)
		at org.apache.catalina.webresources.AbstractArchiveResourceSet.openJarFile(AbstractArchiveResourceSet.java:324)
		at org.apache.catalina.webresources.AbstractSingleArchiveResourceSet.getArchiveEntry(AbstractSingleArchiveResourceSet.java:96)
		... 34 more
12-Jan-2026 22:37:28.333 SEVERE [http-nio-8080-exec-51] org.apache.catalina.core.ApplicationDispatcher.invoke Servlet.service() for servlet [ErrorHandlerServlet] threw exception
	java.lang.IllegalStateException: java.io.FileNotFoundException: C:\apache-tomcat\webapps\onlinebookstore\WEB-INF\lib\checker-qual-3.5.0.jar (The system cannot find the path specified)
		at org.apache.catalina.webresources.AbstractSingleArchiveResourceSet.getArchiveEntry(AbstractSingleArchiveResourceSet.java:100)
		at org.apache.catalina.webresources.AbstractArchiveResourceSet.getResource(AbstractArchiveResourceSet.java:255)
		at org.apache.catalina.webresources.StandardRoot.getResourceInternal(StandardRoot.java:273)
		at org.apache.catalina.webresources.Cache.getResource(Cache.java:64)
		at org.apache.catalina.webresources.StandardRoot.getResource(StandardRoot.java:212)
		at org.apache.catalina.webresources.StandardRoot.getClassLoaderResource(StandardRoot.java:221)
		at org.apache.catalina.loader.WebappClassLoaderBase.findClassInternal(WebappClassLoaderBase.java:2221)
		at org.apache.catalina.loader.WebappClassLoaderBase.findClassInternal(WebappClassLoaderBase.java:2212)
		at org.apache.catalina.loader.WebappClassLoaderBase.findClass(WebappClassLoaderBase.java:821)
		at org.apache.catalina.loader.WebappClassLoaderBase.loadClass(WebappClassLoaderBase.java:1312)
		at org.apache.catalina.loader.WebappClassLoaderBase.loadClass(WebappClassLoaderBase.java:1160)
		at servlets.ErrorHandlerServlet.service(ErrorHandlerServlet.java:29)
		at javax.servlet.http.HttpServlet.service(HttpServlet.java:623)
		at org.apache.catalina.core.ApplicationFilterChain.internalDoFilter(ApplicationFilterChain.java:197)
		at org.apache.catalina.core.ApplicationFilterChain.doFilter(ApplicationFilterChain.java:142)
		at org.apache.catalina.core.ApplicationDispatcher.invoke(ApplicationDispatcher.java:619)
		at org.apache.catalina.core.ApplicationDispatcher.processRequest(ApplicationDispatcher.java:401)
		at org.apache.catalina.core.ApplicationDispatcher.doForward(ApplicationDispatcher.java:338)
		at org.apache.catalina.core.ApplicationDispatcher.forward(ApplicationDispatcher.java:283)
		at org.apache.catalina.core.StandardHostValve.custom(StandardHostValve.java:392)
		at org.apache.catalina.core.StandardHostValve.status(StandardHostValve.java:220)
		at org.apache.catalina.core.StandardHostValve.invoke(StandardHostValve.java:163)
		at org.apache.catalina.valves.ErrorReportValve.invoke(ErrorReportValve.java:83)
		at org.apache.catalina.valves.AbstractAccessLogValve.invoke(AbstractAccessLogValve.java:643)
		at org.apache.catalina.core.StandardEngineValve.invoke(StandardEngineValve.java:72)
		at org.apache.catalina.connector.CoyoteAdapter.service(CoyoteAdapter.java:344)
		at org.apache.coyote.http11.Http11Processor.service(Http11Processor.java:398)
		at org.apache.coyote.AbstractProcessorLight.process(AbstractProcessorLight.java:63)
		at org.apache.coyote.AbstractProtocol$ConnectionHandler.process(AbstractProtocol.java:939)
		at org.apache.tomcat.util.net.NioEndpoint$SocketProcessor.doRun(NioEndpoint.java:1831)
		at org.apache.tomcat.util.net.SocketProcessorBase.run(SocketProcessorBase.java:52)
		at org.apache.tomcat.util.threads.ThreadPoolExecutor.runWorker(ThreadPoolExecutor.java:973)
		at org.apache.tomcat.util.threads.ThreadPoolExecutor$Worker.run(ThreadPoolExecutor.java:491)
		at org.apache.tomcat.util.threads.TaskThread$WrappingRunnable.run(TaskThread.java:63)
		at java.lang.Thread.run(Thread.java:748)
	Caused by: java.io.FileNotFoundException: C:\apache-tomcat\webapps\onlinebookstore\WEB-INF\lib\checker-qual-3.5.0.jar (The system cannot find the path specified)
		at java.util.zip.ZipFile.open(Native Method)
		at java.util.zip.ZipFile.<init>(ZipFile.java:225)
		at java.util.zip.ZipFile.<init>(ZipFile.java:155)
		at java.util.jar.JarFile.<init>(JarFile.java:166)
		at java.util.jar.JarFile.<init>(JarFile.java:130)
		at org.apache.tomcat.util.compat.JreCompat.jarFileNewInstance(JreCompat.java:338)
		at org.apache.tomcat.util.compat.JreCompat.jarFileNewInstance(JreCompat.java:324)
		at org.apache.catalina.webresources.AbstractArchiveResourceSet.openJarFile(AbstractArchiveResourceSet.java:324)
		at org.apache.catalina.webresources.AbstractSingleArchiveResourceSet.getArchiveEntry(AbstractSingleArchiveResourceSet.java:96)
		... 34 more
12-Jan-2026 22:37:28.333 SEVERE [http-nio-8080-exec-51] org.apache.catalina.core.StandardHostValve.custom Exception Processing [ErrorPage[errorCode=404, location=/error]]
	java.lang.IllegalStateException: java.io.FileNotFoundException: C:\apache-tomcat\webapps\onlinebookstore\WEB-INF\lib\checker-qual-3.5.0.jar (The system cannot find the path specified)
		at org.apache.catalina.webresources.AbstractSingleArchiveResourceSet.getArchiveEntry(AbstractSingleArchiveResourceSet.java:100)
		at org.apache.catalina.webresources.AbstractArchiveResourceSet.getResource(AbstractArchiveResourceSet.java:255)
		at org.apache.catalina.webresources.StandardRoot.getResourceInternal(StandardRoot.java:273)
		at org.apache.catalina.webresources.Cache.getResource(Cache.java:64)
		at org.apache.catalina.webresources.StandardRoot.getResource(StandardRoot.java:212)
		at org.apache.catalina.webresources.StandardRoot.getClassLoaderResource(StandardRoot.java:221)
		at org.apache.catalina.loader.WebappClassLoaderBase.findClassInternal(WebappClassLoaderBase.java:2221)
		at org.apache.catalina.loader.WebappClassLoaderBase.findClassInternal(WebappClassLoaderBase.java:2212)
		at org.apache.catalina.loader.WebappClassLoaderBase.findClass(WebappClassLoaderBase.java:821)
		at org.apache.catalina.loader.WebappClassLoaderBase.loadClass(WebappClassLoaderBase.java:1312)
		at org.apache.catalina.loader.WebappClassLoaderBase.loadClass(WebappClassLoaderBase.java:1160)
		at servlets.ErrorHandlerServlet.service(ErrorHandlerServlet.java:29)
		at javax.servlet.http.HttpServlet.service(HttpServlet.java:623)
		at org.apache.catalina.core.ApplicationFilterChain.internalDoFilter(ApplicationFilterChain.java:197)
		at org.apache.catalina.core.ApplicationFilterChain.doFilter(ApplicationFilterChain.java:142)
		at org.apache.catalina.core.ApplicationDispatcher.invoke(ApplicationDispatcher.java:619)
		at org.apache.catalina.core.ApplicationDispatcher.processRequest(ApplicationDispatcher.java:401)
		at org.apache.catalina.core.ApplicationDispatcher.doForward(ApplicationDispatcher.java:338)
		at org.apache.catalina.core.ApplicationDispatcher.forward(ApplicationDispatcher.java:283)
		at org.apache.catalina.core.StandardHostValve.custom(StandardHostValve.java:392)
		at org.apache.catalina.core.StandardHostValve.status(StandardHostValve.java:220)
		at org.apache.catalina.core.StandardHostValve.invoke(StandardHostValve.java:163)
		at org.apache.catalina.valves.ErrorReportValve.invoke(ErrorReportValve.java:83)
		at org.apache.catalina.valves.AbstractAccessLogValve.invoke(AbstractAccessLogValve.java:643)
		at org.apache.catalina.core.StandardEngineValve.invoke(StandardEngineValve.java:72)
		at org.apache.catalina.connector.CoyoteAdapter.service(CoyoteAdapter.java:344)
		at org.apache.coyote.http11.Http11Processor.service(Http11Processor.java:398)
		at org.apache.coyote.AbstractProcessorLight.process(AbstractProcessorLight.java:63)
		at org.apache.coyote.AbstractProtocol$ConnectionHandler.process(AbstractProtocol.java:939)
		at org.apache.tomcat.util.net.NioEndpoint$SocketProcessor.doRun(NioEndpoint.java:1831)
		at org.apache.tomcat.util.net.SocketProcessorBase.run(SocketProcessorBase.java:52)
		at org.apache.tomcat.util.threads.ThreadPoolExecutor.runWorker(ThreadPoolExecutor.java:973)
		at org.apache.tomcat.util.threads.ThreadPoolExecutor$Worker.run(ThreadPoolExecutor.java:491)
		at org.apache.tomcat.util.threads.TaskThread$WrappingRunnable.run(TaskThread.java:63)
		at java.lang.Thread.run(Thread.java:748)
	Caused by: java.io.FileNotFoundException: C:\apache-tomcat\webapps\onlinebookstore\WEB-INF\lib\checker-qual-3.5.0.jar (The system cannot find the path specified)
		at java.util.zip.ZipFile.open(Native Method)
		at java.util.zip.ZipFile.<init>(ZipFile.java:225)
		at java.util.zip.ZipFile.<init>(ZipFile.java:155)
		at java.util.jar.JarFile.<init>(JarFile.java:166)
		at java.util.jar.JarFile.<init>(JarFile.java:130)
		at org.apache.tomcat.util.compat.JreCompat.jarFileNewInstance(JreCompat.java:338)
		at org.apache.tomcat.util.compat.JreCompat.jarFileNewInstance(JreCompat.java:324)
		at org.apache.catalina.webresources.AbstractArchiveResourceSet.openJarFile(AbstractArchiveResourceSet.java:324)
		at org.apache.catalina.webresources.AbstractSingleArchiveResourceSet.getArchiveEntry(AbstractSingleArchiveResourceSet.java:96)
		... 34 more
12-Jan-2026 22:37:28.483 SEVERE [http-nio-8080-exec-54] org.apache.catalina.core.ApplicationDispatcher.invoke Servlet.service() for servlet [ErrorHandlerServlet] threw exception
	java.lang.IllegalStateException: java.io.FileNotFoundException: C:\apache-tomcat\webapps\onlinebookstore\WEB-INF\lib\checker-qual-3.5.0.jar (The system cannot find the path specified)
		at org.apache.catalina.webresources.AbstractSingleArchiveResourceSet.getArchiveEntry(AbstractSingleArchiveResourceSet.java:100)
		at org.apache.catalina.webresources.AbstractArchiveResourceSet.getResource(AbstractArchiveResourceSet.java:255)
		at org.apache.catalina.webresources.StandardRoot.getResourceInternal(StandardRoot.java:273)
		at org.apache.catalina.webresources.Cache.getResource(Cache.java:64)
		at org.apache.catalina.webresources.StandardRoot.getResource(StandardRoot.java:212)
		at org.apache.catalina.webresources.StandardRoot.getClassLoaderResource(StandardRoot.java:221)
		at org.apache.catalina.loader.WebappClassLoaderBase.findClassInternal(WebappClassLoaderBase.java:2221)
		at org.apache.catalina.loader.WebappClassLoaderBase.findClassInternal(WebappClassLoaderBase.java:2212)
		at org.apache.catalina.loader.WebappClassLoaderBase.findClass(WebappClassLoaderBase.java:821)
		at org.apache.catalina.loader.WebappClassLoaderBase.loadClass(WebappClassLoaderBase.java:1312)
		at org.apache.catalina.loader.WebappClassLoaderBase.loadClass(WebappClassLoaderBase.java:1160)
		at servlets.ErrorHandlerServlet.service(ErrorHandlerServlet.java:29)
		at javax.servlet.http.HttpServlet.service(HttpServlet.java:623)
		at org.apache.catalina.core.ApplicationFilterChain.internalDoFilter(ApplicationFilterChain.java:197)
		at org.apache.catalina.core.ApplicationFilterChain.doFilter(ApplicationFilterChain.java:142)
		at org.apache.catalina.core.ApplicationDispatcher.invoke(ApplicationDispatcher.java:619)
		at org.apache.catalina.core.ApplicationDispatcher.processRequest(ApplicationDispatcher.java:401)
		at org.apache.catalina.core.ApplicationDispatcher.doForward(ApplicationDispatcher.java:338)
		at org.apache.catalina.core.ApplicationDispatcher.forward(ApplicationDispatcher.java:283)
		at org.apache.catalina.core.StandardHostValve.custom(StandardHostValve.java:392)
		at org.apache.catalina.core.StandardHostValve.status(StandardHostValve.java:220)
		at org.apache.catalina.core.StandardHostValve.invoke(StandardHostValve.java:163)
		at org.apache.catalina.valves.ErrorReportValve.invoke(ErrorReportValve.java:83)
		at org.apache.catalina.valves.AbstractAccessLogValve.invoke(AbstractAccessLogValve.java:643)
		at org.apache.catalina.core.StandardEngineValve.invoke(StandardEngineValve.java:72)
		at org.apache.catalina.connector.CoyoteAdapter.service(CoyoteAdapter.java:344)
		at org.apache.coyote.http11.Http11Processor.service(Http11Processor.java:398)
		at org.apache.coyote.AbstractProcessorLight.process(AbstractProcessorLight.java:63)
		at org.apache.coyote.AbstractProtocol$ConnectionHandler.process(AbstractProtocol.java:939)
		at org.apache.tomcat.util.net.NioEndpoint$SocketProcessor.doRun(NioEndpoint.java:1831)
		at org.apache.tomcat.util.net.SocketProcessorBase.run(SocketProcessorBase.java:52)
		at org.apache.tomcat.util.threads.ThreadPoolExecutor.runWorker(ThreadPoolExecutor.java:973)
		at org.apache.tomcat.util.threads.ThreadPoolExecutor$Worker.run(ThreadPoolExecutor.java:491)
		at org.apache.tomcat.util.threads.TaskThread$WrappingRunnable.run(TaskThread.java:63)
		at java.lang.Thread.run(Thread.java:748)
	Caused by: java.io.FileNotFoundException: C:\apache-tomcat\webapps\onlinebookstore\WEB-INF\lib\checker-qual-3.5.0.jar (The system cannot find the path specified)
		at java.util.zip.ZipFile.open(Native Method)
		at java.util.zip.ZipFile.<init>(ZipFile.java:225)
		at java.util.zip.ZipFile.<init>(ZipFile.java:155)
		at java.util.jar.JarFile.<init>(JarFile.java:166)
		at java.util.jar.JarFile.<init>(JarFile.java:130)
		at org.apache.tomcat.util.compat.JreCompat.jarFileNewInstance(JreCompat.java:338)
		at org.apache.tomcat.util.compat.JreCompat.jarFileNewInstance(JreCompat.java:324)
		at org.apache.catalina.webresources.AbstractArchiveResourceSet.openJarFile(AbstractArchiveResourceSet.java:324)
		at org.apache.catalina.webresources.AbstractSingleArchiveResourceSet.getArchiveEntry(AbstractSingleArchiveResourceSet.java:96)
		... 34 more
12-Jan-2026 22:37:28.483 SEVERE [http-nio-8080-exec-54] org.apache.catalina.core.StandardHostValve.custom Exception Processing [ErrorPage[errorCode=404, location=/error]]
	java.lang.IllegalStateException: java.io.FileNotFoundException: C:\apache-tomcat\webapps\onlinebookstore\WEB-INF\lib\checker-qual-3.5.0.jar (The system cannot find the path specified)
		at org.apache.catalina.webresources.AbstractSingleArchiveResourceSet.getArchiveEntry(AbstractSingleArchiveResourceSet.java:100)
		at org.apache.catalina.webresources.AbstractArchiveResourceSet.getResource(AbstractArchiveResourceSet.java:255)
		at org.apache.catalina.webresources.StandardRoot.getResourceInternal(StandardRoot.java:273)
		at org.apache.catalina.webresources.Cache.getResource(Cache.java:64)
		at org.apache.catalina.webresources.StandardRoot.getResource(StandardRoot.java:212)
		at org.apache.catalina.webresources.StandardRoot.getClassLoaderResource(StandardRoot.java:221)
		at org.apache.catalina.loader.WebappClassLoaderBase.findClassInternal(WebappClassLoaderBase.java:2221)
		at org.apache.catalina.loader.WebappClassLoaderBase.findClassInternal(WebappClassLoaderBase.java:2212)
		at org.apache.catalina.loader.WebappClassLoaderBase.findClass(WebappClassLoaderBase.java:821)
		at org.apache.catalina.loader.WebappClassLoaderBase.loadClass(WebappClassLoaderBase.java:1312)
		at org.apache.catalina.loader.WebappClassLoaderBase.loadClass(WebappClassLoaderBase.java:1160)
		at servlets.ErrorHandlerServlet.service(ErrorHandlerServlet.java:29)
		at javax.servlet.http.HttpServlet.service(HttpServlet.java:623)
		at org.apache.catalina.core.ApplicationFilterChain.internalDoFilter(ApplicationFilterChain.java:197)
		at org.apache.catalina.core.ApplicationFilterChain.doFilter(ApplicationFilterChain.java:142)
		at org.apache.catalina.core.ApplicationDispatcher.invoke(ApplicationDispatcher.java:619)
		at org.apache.catalina.core.ApplicationDispatcher.processRequest(ApplicationDispatcher.java:401)
		at org.apache.catalina.core.ApplicationDispatcher.doForward(ApplicationDispatcher.java:338)
		at org.apache.catalina.core.ApplicationDispatcher.forward(ApplicationDispatcher.java:283)
		at org.apache.catalina.core.StandardHostValve.custom(StandardHostValve.java:392)
		at org.apache.catalina.core.StandardHostValve.status(StandardHostValve.java:220)
		at org.apache.catalina.core.StandardHostValve.invoke(StandardHostValve.java:163)
		at org.apache.catalina.valves.ErrorReportValve.invoke(ErrorReportValve.java:83)
		at org.apache.catalina.valves.AbstractAccessLogValve.invoke(AbstractAccessLogValve.java:643)
		at org.apache.catalina.core.StandardEngineValve.invoke(StandardEngineValve.java:72)
		at org.apache.catalina.connector.CoyoteAdapter.service(CoyoteAdapter.java:344)
		at org.apache.coyote.http11.Http11Processor.service(Http11Processor.java:398)
		at org.apache.coyote.AbstractProcessorLight.process(AbstractProcessorLight.java:63)
		at org.apache.coyote.AbstractProtocol$ConnectionHandler.process(AbstractProtocol.java:939)
		at org.apache.tomcat.util.net.NioEndpoint$SocketProcessor.doRun(NioEndpoint.java:1831)
		at org.apache.tomcat.util.net.SocketProcessorBase.run(SocketProcessorBase.java:52)
		at org.apache.tomcat.util.threads.ThreadPoolExecutor.runWorker(ThreadPoolExecutor.java:973)
		at org.apache.tomcat.util.threads.ThreadPoolExecutor$Worker.run(ThreadPoolExecutor.java:491)
		at org.apache.tomcat.util.threads.TaskThread$WrappingRunnable.run(TaskThread.java:63)
		at java.lang.Thread.run(Thread.java:748)
	Caused by: java.io.FileNotFoundException: C:\apache-tomcat\webapps\onlinebookstore\WEB-INF\lib\checker-qual-3.5.0.jar (The system cannot find the path specified)
		at java.util.zip.ZipFile.open(Native Method)
		at java.util.zip.ZipFile.<init>(ZipFile.java:225)
		at java.util.zip.ZipFile.<init>(ZipFile.java:155)
		at java.util.jar.JarFile.<init>(JarFile.java:166)
		at java.util.jar.JarFile.<init>(JarFile.java:130)
		at org.apache.tomcat.util.compat.JreCompat.jarFileNewInstance(JreCompat.java:338)
		at org.apache.tomcat.util.compat.JreCompat.jarFileNewInstance(JreCompat.java:324)
		at org.apache.catalina.webresources.AbstractArchiveResourceSet.openJarFile(AbstractArchiveResourceSet.java:324)
		at org.apache.catalina.webresources.AbstractSingleArchiveResourceSet.getArchiveEntry(AbstractSingleArchiveResourceSet.java:96)
		... 34 more
12-Jan-2026 22:37:28.652 SEVERE [http-nio-8080-exec-55] org.apache.catalina.core.ApplicationDispatcher.invoke Servlet.service() for servlet [ErrorHandlerServlet] threw exception
	java.lang.IllegalStateException: java.io.FileNotFoundException: C:\apache-tomcat\webapps\onlinebookstore\WEB-INF\lib\checker-qual-3.5.0.jar (The system cannot find the path specified)
		at org.apache.catalina.webresources.AbstractSingleArchiveResourceSet.getArchiveEntry(AbstractSingleArchiveResourceSet.java:100)
		at org.apache.catalina.webresources.AbstractArchiveResourceSet.getResource(AbstractArchiveResourceSet.java:255)
		at org.apache.catalina.webresources.StandardRoot.getResourceInternal(StandardRoot.java:273)
		at org.apache.catalina.webresources.Cache.getResource(Cache.java:64)
		at org.apache.catalina.webresources.StandardRoot.getResource(StandardRoot.java:212)
		at org.apache.catalina.webresources.StandardRoot.getClassLoaderResource(StandardRoot.java:221)
		at org.apache.catalina.loader.WebappClassLoaderBase.findClassInternal(WebappClassLoaderBase.java:2221)
		at org.apache.catalina.loader.WebappClassLoaderBase.findClassInternal(WebappClassLoaderBase.java:2212)
		at org.apache.catalina.loader.WebappClassLoaderBase.findClass(WebappClassLoaderBase.java:821)
		at org.apache.catalina.loader.WebappClassLoaderBase.loadClass(WebappClassLoaderBase.java:1312)
		at org.apache.catalina.loader.WebappClassLoaderBase.loadClass(WebappClassLoaderBase.java:1160)
		at servlets.ErrorHandlerServlet.service(ErrorHandlerServlet.java:29)
		at javax.servlet.http.HttpServlet.service(HttpServlet.java:623)
		at org.apache.catalina.core.ApplicationFilterChain.internalDoFilter(ApplicationFilterChain.java:197)
		at org.apache.catalina.core.ApplicationFilterChain.doFilter(ApplicationFilterChain.java:142)
		at org.apache.catalina.core.ApplicationDispatcher.invoke(ApplicationDispatcher.java:619)
		at org.apache.catalina.core.ApplicationDispatcher.processRequest(ApplicationDispatcher.java:401)
		at org.apache.catalina.core.ApplicationDispatcher.doForward(ApplicationDispatcher.java:338)
		at org.apache.catalina.core.ApplicationDispatcher.forward(ApplicationDispatcher.java:283)
		at org.apache.catalina.core.StandardHostValve.custom(StandardHostValve.java:392)
		at org.apache.catalina.core.StandardHostValve.status(StandardHostValve.java:220)
		at org.apache.catalina.core.StandardHostValve.invoke(StandardHostValve.java:163)
		at org.apache.catalina.valves.ErrorReportValve.invoke(ErrorReportValve.java:83)
		at org.apache.catalina.valves.AbstractAccessLogValve.invoke(AbstractAccessLogValve.java:643)
		at org.apache.catalina.core.StandardEngineValve.invoke(StandardEngineValve.java:72)
		at org.apache.catalina.connector.CoyoteAdapter.service(CoyoteAdapter.java:344)
		at org.apache.coyote.http11.Http11Processor.service(Http11Processor.java:398)
		at org.apache.coyote.AbstractProcessorLight.process(AbstractProcessorLight.java:63)
		at org.apache.coyote.AbstractProtocol$ConnectionHandler.process(AbstractProtocol.java:939)
		at org.apache.tomcat.util.net.NioEndpoint$SocketProcessor.doRun(NioEndpoint.java:1831)
		at org.apache.tomcat.util.net.SocketProcessorBase.run(SocketProcessorBase.java:52)
		at org.apache.tomcat.util.threads.ThreadPoolExecutor.runWorker(ThreadPoolExecutor.java:973)
		at org.apache.tomcat.util.threads.ThreadPoolExecutor$Worker.run(ThreadPoolExecutor.java:491)
		at org.apache.tomcat.util.threads.TaskThread$WrappingRunnable.run(TaskThread.java:63)
		at java.lang.Thread.run(Thread.java:748)
	Caused by: java.io.FileNotFoundException: C:\apache-tomcat\webapps\onlinebookstore\WEB-INF\lib\checker-qual-3.5.0.jar (The system cannot find the path specified)
		at java.util.zip.ZipFile.open(Native Method)
		at java.util.zip.ZipFile.<init>(ZipFile.java:225)
		at java.util.zip.ZipFile.<init>(ZipFile.java:155)
		at java.util.jar.JarFile.<init>(JarFile.java:166)
		at java.util.jar.JarFile.<init>(JarFile.java:130)
		at org.apache.tomcat.util.compat.JreCompat.jarFileNewInstance(JreCompat.java:338)
		at org.apache.tomcat.util.compat.JreCompat.jarFileNewInstance(JreCompat.java:324)
		at org.apache.catalina.webresources.AbstractArchiveResourceSet.openJarFile(AbstractArchiveResourceSet.java:324)
		at org.apache.catalina.webresources.AbstractSingleArchiveResourceSet.getArchiveEntry(AbstractSingleArchiveResourceSet.java:96)
		... 34 more
12-Jan-2026 22:37:28.652 SEVERE [http-nio-8080-exec-55] org.apache.catalina.core.StandardHostValve.custom Exception Processing [ErrorPage[errorCode=404, location=/error]]
	java.lang.IllegalStateException: java.io.FileNotFoundException: C:\apache-tomcat\webapps\onlinebookstore\WEB-INF\lib\checker-qual-3.5.0.jar (The system cannot find the path specified)
		at org.apache.catalina.webresources.AbstractSingleArchiveResourceSet.getArchiveEntry(AbstractSingleArchiveResourceSet.java:100)
		at org.apache.catalina.webresources.AbstractArchiveResourceSet.getResource(AbstractArchiveResourceSet.java:255)
		at org.apache.catalina.webresources.StandardRoot.getResourceInternal(StandardRoot.java:273)
		at org.apache.catalina.webresources.Cache.getResource(Cache.java:64)
		at org.apache.catalina.webresources.StandardRoot.getResource(StandardRoot.java:212)
		at org.apache.catalina.webresources.StandardRoot.getClassLoaderResource(StandardRoot.java:221)
		at org.apache.catalina.loader.WebappClassLoaderBase.findClassInternal(WebappClassLoaderBase.java:2221)
		at org.apache.catalina.loader.WebappClassLoaderBase.findClassInternal(WebappClassLoaderBase.java:2212)
		at org.apache.catalina.loader.WebappClassLoaderBase.findClass(WebappClassLoaderBase.java:821)
		at org.apache.catalina.loader.WebappClassLoaderBase.loadClass(WebappClassLoaderBase.java:1312)
		at org.apache.catalina.loader.WebappClassLoaderBase.loadClass(WebappClassLoaderBase.java:1160)
		at servlets.ErrorHandlerServlet.service(ErrorHandlerServlet.java:29)
		at javax.servlet.http.HttpServlet.service(HttpServlet.java:623)
		at org.apache.catalina.core.ApplicationFilterChain.internalDoFilter(ApplicationFilterChain.java:197)
		at org.apache.catalina.core.ApplicationFilterChain.doFilter(ApplicationFilterChain.java:142)
		at org.apache.catalina.core.ApplicationDispatcher.invoke(ApplicationDispatcher.java:619)
		at org.apache.catalina.core.ApplicationDispatcher.processRequest(ApplicationDispatcher.java:401)
		at org.apache.catalina.core.ApplicationDispatcher.doForward(ApplicationDispatcher.java:338)
		at org.apache.catalina.core.ApplicationDispatcher.forward(ApplicationDispatcher.java:283)
		at org.apache.catalina.core.StandardHostValve.custom(StandardHostValve.java:392)
		at org.apache.catalina.core.StandardHostValve.status(StandardHostValve.java:220)
		at org.apache.catalina.core.StandardHostValve.invoke(StandardHostValve.java:163)
		at org.apache.catalina.valves.ErrorReportValve.invoke(ErrorReportValve.java:83)
		at org.apache.catalina.valves.AbstractAccessLogValve.invoke(AbstractAccessLogValve.java:643)
		at org.apache.catalina.core.StandardEngineValve.invoke(StandardEngineValve.java:72)
		at org.apache.catalina.connector.CoyoteAdapter.service(CoyoteAdapter.java:344)
		at org.apache.coyote.http11.Http11Processor.service(Http11Processor.java:398)
		at org.apache.coyote.AbstractProcessorLight.process(AbstractProcessorLight.java:63)
		at org.apache.coyote.AbstractProtocol$ConnectionHandler.process(AbstractProtocol.java:939)
		at org.apache.tomcat.util.net.NioEndpoint$SocketProcessor.doRun(NioEndpoint.java:1831)
		at org.apache.tomcat.util.net.SocketProcessorBase.run(SocketProcessorBase.java:52)
		at org.apache.tomcat.util.threads.ThreadPoolExecutor.runWorker(ThreadPoolExecutor.java:973)
		at org.apache.tomcat.util.threads.ThreadPoolExecutor$Worker.run(ThreadPoolExecutor.java:491)
		at org.apache.tomcat.util.threads.TaskThread$WrappingRunnable.run(TaskThread.java:63)
		at java.lang.Thread.run(Thread.java:748)
	Caused by: java.io.FileNotFoundException: C:\apache-tomcat\webapps\onlinebookstore\WEB-INF\lib\checker-qual-3.5.0.jar (The system cannot find the path specified)
		at java.util.zip.ZipFile.open(Native Method)
		at java.util.zip.ZipFile.<init>(ZipFile.java:225)
		at java.util.zip.ZipFile.<init>(ZipFile.java:155)
		at java.util.jar.JarFile.<init>(JarFile.java:166)
		at java.util.jar.JarFile.<init>(JarFile.java:130)
		at org.apache.tomcat.util.compat.JreCompat.jarFileNewInstance(JreCompat.java:338)
		at org.apache.tomcat.util.compat.JreCompat.jarFileNewInstance(JreCompat.java:324)
		at org.apache.catalina.webresources.AbstractArchiveResourceSet.openJarFile(AbstractArchiveResourceSet.java:324)
		at org.apache.catalina.webresources.AbstractSingleArchiveResourceSet.getArchiveEntry(AbstractSingleArchiveResourceSet.java:96)
		... 34 more
12-Jan-2026 22:50:18.613 SEVERE [http-nio-8080-exec-66] org.apache.catalina.core.ApplicationDispatcher.invoke Servlet.service() for servlet [ErrorHandlerServlet] threw exception
	java.lang.IllegalStateException: java.io.FileNotFoundException: C:\apache-tomcat\webapps\onlinebookstore\WEB-INF\lib\checker-qual-3.5.0.jar (The system cannot find the path specified)
		at org.apache.catalina.webresources.AbstractSingleArchiveResourceSet.getArchiveEntry(AbstractSingleArchiveResourceSet.java:100)
		at org.apache.catalina.webresources.AbstractArchiveResourceSet.getResource(AbstractArchiveResourceSet.java:255)
		at org.apache.catalina.webresources.StandardRoot.getResourceInternal(StandardRoot.java:273)
		at org.apache.catalina.webresources.Cache.getResource(Cache.java:64)
		at org.apache.catalina.webresources.StandardRoot.getResource(StandardRoot.java:212)
		at org.apache.catalina.webresources.StandardRoot.getClassLoaderResource(StandardRoot.java:221)
		at org.apache.catalina.loader.WebappClassLoaderBase.findClassInternal(WebappClassLoaderBase.java:2221)
		at org.apache.catalina.loader.WebappClassLoaderBase.findClassInternal(WebappClassLoaderBase.java:2212)
		at org.apache.catalina.loader.WebappClassLoaderBase.findClass(WebappClassLoaderBase.java:821)
		at org.apache.catalina.loader.WebappClassLoaderBase.loadClass(WebappClassLoaderBase.java:1312)
		at org.apache.catalina.loader.WebappClassLoaderBase.loadClass(WebappClassLoaderBase.java:1160)
		at servlets.ErrorHandlerServlet.service(ErrorHandlerServlet.java:29)
		at javax.servlet.http.HttpServlet.service(HttpServlet.java:623)
		at org.apache.catalina.core.ApplicationFilterChain.internalDoFilter(ApplicationFilterChain.java:197)
		at org.apache.catalina.core.ApplicationFilterChain.doFilter(ApplicationFilterChain.java:142)
		at org.apache.catalina.core.ApplicationDispatcher.invoke(ApplicationDispatcher.java:619)
		at org.apache.catalina.core.ApplicationDispatcher.processRequest(ApplicationDispatcher.java:401)
		at org.apache.catalina.core.ApplicationDispatcher.doForward(ApplicationDispatcher.java:338)
		at org.apache.catalina.core.ApplicationDispatcher.forward(ApplicationDispatcher.java:283)
		at org.apache.catalina.core.StandardHostValve.custom(StandardHostValve.java:392)
		at org.apache.catalina.core.StandardHostValve.status(StandardHostValve.java:220)
		at org.apache.catalina.core.StandardHostValve.invoke(StandardHostValve.java:163)
		at org.apache.catalina.valves.ErrorReportValve.invoke(ErrorReportValve.java:83)
		at org.apache.catalina.valves.AbstractAccessLogValve.invoke(AbstractAccessLogValve.java:643)
		at org.apache.catalina.core.StandardEngineValve.invoke(StandardEngineValve.java:72)
		at org.apache.catalina.connector.CoyoteAdapter.service(CoyoteAdapter.java:344)
		at org.apache.coyote.http11.Http11Processor.service(Http11Processor.java:398)
		at org.apache.coyote.AbstractProcessorLight.process(AbstractProcessorLight.java:63)
		at org.apache.coyote.AbstractProtocol$ConnectionHandler.process(AbstractProtocol.java:939)
		at org.apache.tomcat.util.net.NioEndpoint$SocketProcessor.doRun(NioEndpoint.java:1831)
		at org.apache.tomcat.util.net.SocketProcessorBase.run(SocketProcessorBase.java:52)
		at org.apache.tomcat.util.threads.ThreadPoolExecutor.runWorker(ThreadPoolExecutor.java:973)
		at org.apache.tomcat.util.threads.ThreadPoolExecutor$Worker.run(ThreadPoolExecutor.java:491)
		at org.apache.tomcat.util.threads.TaskThread$WrappingRunnable.run(TaskThread.java:63)
		at java.lang.Thread.run(Thread.java:748)
	Caused by: java.io.FileNotFoundException: C:\apache-tomcat\webapps\onlinebookstore\WEB-INF\lib\checker-qual-3.5.0.jar (The system cannot find the path specified)
		at java.util.zip.ZipFile.open(Native Method)
		at java.util.zip.ZipFile.<init>(ZipFile.java:225)
		at java.util.zip.ZipFile.<init>(ZipFile.java:155)
		at java.util.jar.JarFile.<init>(JarFile.java:166)
		at java.util.jar.JarFile.<init>(JarFile.java:130)
		at org.apache.tomcat.util.compat.JreCompat.jarFileNewInstance(JreCompat.java:338)
		at org.apache.tomcat.util.compat.JreCompat.jarFileNewInstance(JreCompat.java:324)
		at org.apache.catalina.webresources.AbstractArchiveResourceSet.openJarFile(AbstractArchiveResourceSet.java:324)
		at org.apache.catalina.webresources.AbstractSingleArchiveResourceSet.getArchiveEntry(AbstractSingleArchiveResourceSet.java:96)
		... 34 more
12-Jan-2026 22:50:18.613 SEVERE [http-nio-8080-exec-66] org.apache.catalina.core.StandardHostValve.custom Exception Processing [ErrorPage[errorCode=404, location=/error]]
	java.lang.IllegalStateException: java.io.FileNotFoundException: C:\apache-tomcat\webapps\onlinebookstore\WEB-INF\lib\checker-qual-3.5.0.jar (The system cannot find the path specified)
		at org.apache.catalina.webresources.AbstractSingleArchiveResourceSet.getArchiveEntry(AbstractSingleArchiveResourceSet.java:100)
		at org.apache.catalina.webresources.AbstractArchiveResourceSet.getResource(AbstractArchiveResourceSet.java:255)
		at org.apache.catalina.webresources.StandardRoot.getResourceInternal(StandardRoot.java:273)
		at org.apache.catalina.webresources.Cache.getResource(Cache.java:64)
		at org.apache.catalina.webresources.StandardRoot.getResource(StandardRoot.java:212)
		at org.apache.catalina.webresources.StandardRoot.getClassLoaderResource(StandardRoot.java:221)
		at org.apache.catalina.loader.WebappClassLoaderBase.findClassInternal(WebappClassLoaderBase.java:2221)
		at org.apache.catalina.loader.WebappClassLoaderBase.findClassInternal(WebappClassLoaderBase.java:2212)
		at org.apache.catalina.loader.WebappClassLoaderBase.findClass(WebappClassLoaderBase.java:821)
		at org.apache.catalina.loader.WebappClassLoaderBase.loadClass(WebappClassLoaderBase.java:1312)
		at org.apache.catalina.loader.WebappClassLoaderBase.loadClass(WebappClassLoaderBase.java:1160)
		at servlets.ErrorHandlerServlet.service(ErrorHandlerServlet.java:29)
		at javax.servlet.http.HttpServlet.service(HttpServlet.java:623)
		at org.apache.catalina.core.ApplicationFilterChain.internalDoFilter(ApplicationFilterChain.java:197)
		at org.apache.catalina.core.ApplicationFilterChain.doFilter(ApplicationFilterChain.java:142)
		at org.apache.catalina.core.ApplicationDispatcher.invoke(ApplicationDispatcher.java:619)
		at org.apache.catalina.core.ApplicationDispatcher.processRequest(ApplicationDispatcher.java:401)
		at org.apache.catalina.core.ApplicationDispatcher.doForward(ApplicationDispatcher.java:338)
		at org.apache.catalina.core.ApplicationDispatcher.forward(ApplicationDispatcher.java:283)
		at org.apache.catalina.core.StandardHostValve.custom(StandardHostValve.java:392)
		at org.apache.catalina.core.StandardHostValve.status(StandardHostValve.java:220)
		at org.apache.catalina.core.StandardHostValve.invoke(StandardHostValve.java:163)
		at org.apache.catalina.valves.ErrorReportValve.invoke(ErrorReportValve.java:83)
		at org.apache.catalina.valves.AbstractAccessLogValve.invoke(AbstractAccessLogValve.java:643)
		at org.apache.catalina.core.StandardEngineValve.invoke(StandardEngineValve.java:72)
		at org.apache.catalina.connector.CoyoteAdapter.service(CoyoteAdapter.java:344)
		at org.apache.coyote.http11.Http11Processor.service(Http11Processor.java:398)
		at org.apache.coyote.AbstractProcessorLight.process(AbstractProcessorLight.java:63)
		at org.apache.coyote.AbstractProtocol$ConnectionHandler.process(AbstractProtocol.java:939)
		at org.apache.tomcat.util.net.NioEndpoint$SocketProcessor.doRun(NioEndpoint.java:1831)
		at org.apache.tomcat.util.net.SocketProcessorBase.run(SocketProcessorBase.java:52)
		at org.apache.tomcat.util.threads.ThreadPoolExecutor.runWorker(ThreadPoolExecutor.java:973)
		at org.apache.tomcat.util.threads.ThreadPoolExecutor$Worker.run(ThreadPoolExecutor.java:491)
		at org.apache.tomcat.util.threads.TaskThread$WrappingRunnable.run(TaskThread.java:63)
		at java.lang.Thread.run(Thread.java:748)
	Caused by: java.io.FileNotFoundException: C:\apache-tomcat\webapps\onlinebookstore\WEB-INF\lib\checker-qual-3.5.0.jar (The system cannot find the path specified)
		at java.util.zip.ZipFile.open(Native Method)
		at java.util.zip.ZipFile.<init>(ZipFile.java:225)
		at java.util.zip.ZipFile.<init>(ZipFile.java:155)
		at java.util.jar.JarFile.<init>(JarFile.java:166)
		at java.util.jar.JarFile.<init>(JarFile.java:130)
		at org.apache.tomcat.util.compat.JreCompat.jarFileNewInstance(JreCompat.java:338)
		at org.apache.tomcat.util.compat.JreCompat.jarFileNewInstance(JreCompat.java:324)
		at org.apache.catalina.webresources.AbstractArchiveResourceSet.openJarFile(AbstractArchiveResourceSet.java:324)
		at org.apache.catalina.webresources.AbstractSingleArchiveResourceSet.getArchiveEntry(AbstractSingleArchiveResourceSet.java:96)
		... 34 more
12-Jan-2026 22:50:18.727 SEVERE [http-nio-8080-exec-67] org.apache.catalina.core.ApplicationDispatcher.invoke Servlet.service() for servlet [ErrorHandlerServlet] threw exception
	java.lang.IllegalStateException: java.io.FileNotFoundException: C:\apache-tomcat\webapps\onlinebookstore\WEB-INF\lib\checker-qual-3.5.0.jar (The system cannot find the path specified)
		at org.apache.catalina.webresources.AbstractSingleArchiveResourceSet.getArchiveEntry(AbstractSingleArchiveResourceSet.java:100)
		at org.apache.catalina.webresources.AbstractArchiveResourceSet.getResource(AbstractArchiveResourceSet.java:255)
		at org.apache.catalina.webresources.StandardRoot.getResourceInternal(StandardRoot.java:273)
		at org.apache.catalina.webresources.Cache.getResource(Cache.java:64)
		at org.apache.catalina.webresources.StandardRoot.getResource(StandardRoot.java:212)
		at org.apache.catalina.webresources.StandardRoot.getClassLoaderResource(StandardRoot.java:221)
		at org.apache.catalina.loader.WebappClassLoaderBase.findClassInternal(WebappClassLoaderBase.java:2221)
		at org.apache.catalina.loader.WebappClassLoaderBase.findClassInternal(WebappClassLoaderBase.java:2212)
		at org.apache.catalina.loader.WebappClassLoaderBase.findClass(WebappClassLoaderBase.java:821)
		at org.apache.catalina.loader.WebappClassLoaderBase.loadClass(WebappClassLoaderBase.java:1312)
		at org.apache.catalina.loader.WebappClassLoaderBase.loadClass(WebappClassLoaderBase.java:1160)
		at servlets.ErrorHandlerServlet.service(ErrorHandlerServlet.java:29)
		at javax.servlet.http.HttpServlet.service(HttpServlet.java:623)
		at org.apache.catalina.core.ApplicationFilterChain.internalDoFilter(ApplicationFilterChain.java:197)
		at org.apache.catalina.core.ApplicationFilterChain.doFilter(ApplicationFilterChain.java:142)
		at org.apache.catalina.core.ApplicationDispatcher.invoke(ApplicationDispatcher.java:619)
		at org.apache.catalina.core.ApplicationDispatcher.processRequest(ApplicationDispatcher.java:401)
		at org.apache.catalina.core.ApplicationDispatcher.doForward(ApplicationDispatcher.java:338)
		at org.apache.catalina.core.ApplicationDispatcher.forward(ApplicationDispatcher.java:283)
		at org.apache.catalina.core.StandardHostValve.custom(StandardHostValve.java:392)
		at org.apache.catalina.core.StandardHostValve.status(StandardHostValve.java:220)
		at org.apache.catalina.core.StandardHostValve.invoke(StandardHostValve.java:163)
		at org.apache.catalina.valves.ErrorReportValve.invoke(ErrorReportValve.java:83)
		at org.apache.catalina.valves.AbstractAccessLogValve.invoke(AbstractAccessLogValve.java:643)
		at org.apache.catalina.core.StandardEngineValve.invoke(StandardEngineValve.java:72)
		at org.apache.catalina.connector.CoyoteAdapter.service(CoyoteAdapter.java:344)
		at org.apache.coyote.http11.Http11Processor.service(Http11Processor.java:398)
		at org.apache.coyote.AbstractProcessorLight.process(AbstractProcessorLight.java:63)
		at org.apache.coyote.AbstractProtocol$ConnectionHandler.process(AbstractProtocol.java:939)
		at org.apache.tomcat.util.net.NioEndpoint$SocketProcessor.doRun(NioEndpoint.java:1831)
		at org.apache.tomcat.util.net.SocketProcessorBase.run(SocketProcessorBase.java:52)
		at org.apache.tomcat.util.threads.ThreadPoolExecutor.runWorker(ThreadPoolExecutor.java:973)
		at org.apache.tomcat.util.threads.ThreadPoolExecutor$Worker.run(ThreadPoolExecutor.java:491)
		at org.apache.tomcat.util.threads.TaskThread$WrappingRunnable.run(TaskThread.java:63)
		at java.lang.Thread.run(Thread.java:748)
	Caused by: java.io.FileNotFoundException: C:\apache-tomcat\webapps\onlinebookstore\WEB-INF\lib\checker-qual-3.5.0.jar (The system cannot find the path specified)
		at java.util.zip.ZipFile.open(Native Method)
		at java.util.zip.ZipFile.<init>(ZipFile.java:225)
		at java.util.zip.ZipFile.<init>(ZipFile.java:155)
		at java.util.jar.JarFile.<init>(JarFile.java:166)
		at java.util.jar.JarFile.<init>(JarFile.java:130)
		at org.apache.tomcat.util.compat.JreCompat.jarFileNewInstance(JreCompat.java:338)
		at org.apache.tomcat.util.compat.JreCompat.jarFileNewInstance(JreCompat.java:324)
		at org.apache.catalina.webresources.AbstractArchiveResourceSet.openJarFile(AbstractArchiveResourceSet.java:324)
		at org.apache.catalina.webresources.AbstractSingleArchiveResourceSet.getArchiveEntry(AbstractSingleArchiveResourceSet.java:96)
		... 34 more
12-Jan-2026 22:50:18.727 SEVERE [http-nio-8080-exec-67] org.apache.catalina.core.StandardHostValve.custom Exception Processing [ErrorPage[errorCode=404, location=/error]]
	java.lang.IllegalStateException: java.io.FileNotFoundException: C:\apache-tomcat\webapps\onlinebookstore\WEB-INF\lib\checker-qual-3.5.0.jar (The system cannot find the path specified)
		at org.apache.catalina.webresources.AbstractSingleArchiveResourceSet.getArchiveEntry(AbstractSingleArchiveResourceSet.java:100)
		at org.apache.catalina.webresources.AbstractArchiveResourceSet.getResource(AbstractArchiveResourceSet.java:255)
		at org.apache.catalina.webresources.StandardRoot.getResourceInternal(StandardRoot.java:273)
		at org.apache.catalina.webresources.Cache.getResource(Cache.java:64)
		at org.apache.catalina.webresources.StandardRoot.getResource(StandardRoot.java:212)
		at org.apache.catalina.webresources.StandardRoot.getClassLoaderResource(StandardRoot.java:221)
		at org.apache.catalina.loader.WebappClassLoaderBase.findClassInternal(WebappClassLoaderBase.java:2221)
		at org.apache.catalina.loader.WebappClassLoaderBase.findClassInternal(WebappClassLoaderBase.java:2212)
		at org.apache.catalina.loader.WebappClassLoaderBase.findClass(WebappClassLoaderBase.java:821)
		at org.apache.catalina.loader.WebappClassLoaderBase.loadClass(WebappClassLoaderBase.java:1312)
		at org.apache.catalina.loader.WebappClassLoaderBase.loadClass(WebappClassLoaderBase.java:1160)
		at servlets.ErrorHandlerServlet.service(ErrorHandlerServlet.java:29)
		at javax.servlet.http.HttpServlet.service(HttpServlet.java:623)
		at org.apache.catalina.core.ApplicationFilterChain.internalDoFilter(ApplicationFilterChain.java:197)
		at org.apache.catalina.core.ApplicationFilterChain.doFilter(ApplicationFilterChain.java:142)
		at org.apache.catalina.core.ApplicationDispatcher.invoke(ApplicationDispatcher.java:619)
		at org.apache.catalina.core.ApplicationDispatcher.processRequest(ApplicationDispatcher.java:401)
		at org.apache.catalina.core.ApplicationDispatcher.doForward(ApplicationDispatcher.java:338)
		at org.apache.catalina.core.ApplicationDispatcher.forward(ApplicationDispatcher.java:283)
		at org.apache.catalina.core.StandardHostValve.custom(StandardHostValve.java:392)
		at org.apache.catalina.core.StandardHostValve.status(StandardHostValve.java:220)
		at org.apache.catalina.core.StandardHostValve.invoke(StandardHostValve.java:163)
		at org.apache.catalina.valves.ErrorReportValve.invoke(ErrorReportValve.java:83)
		at org.apache.catalina.valves.AbstractAccessLogValve.invoke(AbstractAccessLogValve.java:643)
		at org.apache.catalina.core.StandardEngineValve.invoke(StandardEngineValve.java:72)
		at org.apache.catalina.connector.CoyoteAdapter.service(CoyoteAdapter.java:344)
		at org.apache.coyote.http11.Http11Processor.service(Http11Processor.java:398)
		at org.apache.coyote.AbstractProcessorLight.process(AbstractProcessorLight.java:63)
		at org.apache.coyote.AbstractProtocol$ConnectionHandler.process(AbstractProtocol.java:939)
		at org.apache.tomcat.util.net.NioEndpoint$SocketProcessor.doRun(NioEndpoint.java:1831)
		at org.apache.tomcat.util.net.SocketProcessorBase.run(SocketProcessorBase.java:52)
		at org.apache.tomcat.util.threads.ThreadPoolExecutor.runWorker(ThreadPoolExecutor.java:973)
		at org.apache.tomcat.util.threads.ThreadPoolExecutor$Worker.run(ThreadPoolExecutor.java:491)
		at org.apache.tomcat.util.threads.TaskThread$WrappingRunnable.run(TaskThread.java:63)
		at java.lang.Thread.run(Thread.java:748)
	Caused by: java.io.FileNotFoundException: C:\apache-tomcat\webapps\onlinebookstore\WEB-INF\lib\checker-qual-3.5.0.jar (The system cannot find the path specified)
		at java.util.zip.ZipFile.open(Native Method)
		at java.util.zip.ZipFile.<init>(ZipFile.java:225)
		at java.util.zip.ZipFile.<init>(ZipFile.java:155)
		at java.util.jar.JarFile.<init>(JarFile.java:166)
		at java.util.jar.JarFile.<init>(JarFile.java:130)
		at org.apache.tomcat.util.compat.JreCompat.jarFileNewInstance(JreCompat.java:338)
		at org.apache.tomcat.util.compat.JreCompat.jarFileNewInstance(JreCompat.java:324)
		at org.apache.catalina.webresources.AbstractArchiveResourceSet.openJarFile(AbstractArchiveResourceSet.java:324)
		at org.apache.catalina.webresources.AbstractSingleArchiveResourceSet.getArchiveEntry(AbstractSingleArchiveResourceSet.java:96)
		... 34 more
12-Jan-2026 22:50:18.894 SEVERE [http-nio-8080-exec-62] org.apache.catalina.core.ApplicationDispatcher.invoke Servlet.service() for servlet [ErrorHandlerServlet] threw exception
	java.lang.IllegalStateException: java.io.FileNotFoundException: C:\apache-tomcat\webapps\onlinebookstore\WEB-INF\lib\checker-qual-3.5.0.jar (The system cannot find the path specified)
		at org.apache.catalina.webresources.AbstractSingleArchiveResourceSet.getArchiveEntry(AbstractSingleArchiveResourceSet.java:100)
		at org.apache.catalina.webresources.AbstractArchiveResourceSet.getResource(AbstractArchiveResourceSet.java:255)
		at org.apache.catalina.webresources.StandardRoot.getResourceInternal(StandardRoot.java:273)
		at org.apache.catalina.webresources.Cache.getResource(Cache.java:64)
		at org.apache.catalina.webresources.StandardRoot.getResource(StandardRoot.java:212)
		at org.apache.catalina.webresources.StandardRoot.getClassLoaderResource(StandardRoot.java:221)
		at org.apache.catalina.loader.WebappClassLoaderBase.findClassInternal(WebappClassLoaderBase.java:2221)
		at org.apache.catalina.loader.WebappClassLoaderBase.findClassInternal(WebappClassLoaderBase.java:2212)
		at org.apache.catalina.loader.WebappClassLoaderBase.findClass(WebappClassLoaderBase.java:821)
		at org.apache.catalina.loader.WebappClassLoaderBase.loadClass(WebappClassLoaderBase.java:1312)
		at org.apache.catalina.loader.WebappClassLoaderBase.loadClass(WebappClassLoaderBase.java:1160)
		at servlets.ErrorHandlerServlet.service(ErrorHandlerServlet.java:29)
		at javax.servlet.http.HttpServlet.service(HttpServlet.java:623)
		at org.apache.catalina.core.ApplicationFilterChain.internalDoFilter(ApplicationFilterChain.java:197)
		at org.apache.catalina.core.ApplicationFilterChain.doFilter(ApplicationFilterChain.java:142)
		at org.apache.catalina.core.ApplicationDispatcher.invoke(ApplicationDispatcher.java:619)
		at org.apache.catalina.core.ApplicationDispatcher.processRequest(ApplicationDispatcher.java:401)
		at org.apache.catalina.core.ApplicationDispatcher.doForward(ApplicationDispatcher.java:338)
		at org.apache.catalina.core.ApplicationDispatcher.forward(ApplicationDispatcher.java:283)
		at org.apache.catalina.core.StandardHostValve.custom(StandardHostValve.java:392)
		at org.apache.catalina.core.StandardHostValve.status(StandardHostValve.java:220)
		at org.apache.catalina.core.StandardHostValve.invoke(StandardHostValve.java:163)
		at org.apache.catalina.valves.ErrorReportValve.invoke(ErrorReportValve.java:83)
		at org.apache.catalina.valves.AbstractAccessLogValve.invoke(AbstractAccessLogValve.java:643)
		at org.apache.catalina.core.StandardEngineValve.invoke(StandardEngineValve.java:72)
		at org.apache.catalina.connector.CoyoteAdapter.service(CoyoteAdapter.java:344)
		at org.apache.coyote.http11.Http11Processor.service(Http11Processor.java:398)
		at org.apache.coyote.AbstractProcessorLight.process(AbstractProcessorLight.java:63)
		at org.apache.coyote.AbstractProtocol$ConnectionHandler.process(AbstractProtocol.java:939)
		at org.apache.tomcat.util.net.NioEndpoint$SocketProcessor.doRun(NioEndpoint.java:1831)
		at org.apache.tomcat.util.net.SocketProcessorBase.run(SocketProcessorBase.java:52)
		at org.apache.tomcat.util.threads.ThreadPoolExecutor.runWorker(ThreadPoolExecutor.java:973)
		at org.apache.tomcat.util.threads.ThreadPoolExecutor$Worker.run(ThreadPoolExecutor.java:491)
		at org.apache.tomcat.util.threads.TaskThread$WrappingRunnable.run(TaskThread.java:63)
		at java.lang.Thread.run(Thread.java:748)
	Caused by: java.io.FileNotFoundException: C:\apache-tomcat\webapps\onlinebookstore\WEB-INF\lib\checker-qual-3.5.0.jar (The system cannot find the path specified)
		at java.util.zip.ZipFile.open(Native Method)
		at java.util.zip.ZipFile.<init>(ZipFile.java:225)
		at java.util.zip.ZipFile.<init>(ZipFile.java:155)
		at java.util.jar.JarFile.<init>(JarFile.java:166)
		at java.util.jar.JarFile.<init>(JarFile.java:130)
		at org.apache.tomcat.util.compat.JreCompat.jarFileNewInstance(JreCompat.java:338)
		at org.apache.tomcat.util.compat.JreCompat.jarFileNewInstance(JreCompat.java:324)
		at org.apache.catalina.webresources.AbstractArchiveResourceSet.openJarFile(AbstractArchiveResourceSet.java:324)
		at org.apache.catalina.webresources.AbstractSingleArchiveResourceSet.getArchiveEntry(AbstractSingleArchiveResourceSet.java:96)
		... 34 more
12-Jan-2026 22:50:18.894 SEVERE [http-nio-8080-exec-62] org.apache.catalina.core.StandardHostValve.custom Exception Processing [ErrorPage[errorCode=404, location=/error]]
	java.lang.IllegalStateException: java.io.FileNotFoundException: C:\apache-tomcat\webapps\onlinebookstore\WEB-INF\lib\checker-qual-3.5.0.jar (The system cannot find the path specified)
		at org.apache.catalina.webresources.AbstractSingleArchiveResourceSet.getArchiveEntry(AbstractSingleArchiveResourceSet.java:100)
		at org.apache.catalina.webresources.AbstractArchiveResourceSet.getResource(AbstractArchiveResourceSet.java:255)
		at org.apache.catalina.webresources.StandardRoot.getResourceInternal(StandardRoot.java:273)
		at org.apache.catalina.webresources.Cache.getResource(Cache.java:64)
		at org.apache.catalina.webresources.StandardRoot.getResource(StandardRoot.java:212)
		at org.apache.catalina.webresources.StandardRoot.getClassLoaderResource(StandardRoot.java:221)
		at org.apache.catalina.loader.WebappClassLoaderBase.findClassInternal(WebappClassLoaderBase.java:2221)
		at org.apache.catalina.loader.WebappClassLoaderBase.findClassInternal(WebappClassLoaderBase.java:2212)
		at org.apache.catalina.loader.WebappClassLoaderBase.findClass(WebappClassLoaderBase.java:821)
		at org.apache.catalina.loader.WebappClassLoaderBase.loadClass(WebappClassLoaderBase.java:1312)
		at org.apache.catalina.loader.WebappClassLoaderBase.loadClass(WebappClassLoaderBase.java:1160)
		at servlets.ErrorHandlerServlet.service(ErrorHandlerServlet.java:29)
		at javax.servlet.http.HttpServlet.service(HttpServlet.java:623)
		at org.apache.catalina.core.ApplicationFilterChain.internalDoFilter(ApplicationFilterChain.java:197)
		at org.apache.catalina.core.ApplicationFilterChain.doFilter(ApplicationFilterChain.java:142)
		at org.apache.catalina.core.ApplicationDispatcher.invoke(ApplicationDispatcher.java:619)
		at org.apache.catalina.core.ApplicationDispatcher.processRequest(ApplicationDispatcher.java:401)
		at org.apache.catalina.core.ApplicationDispatcher.doForward(ApplicationDispatcher.java:338)
		at org.apache.catalina.core.ApplicationDispatcher.forward(ApplicationDispatcher.java:283)
		at org.apache.catalina.core.StandardHostValve.custom(StandardHostValve.java:392)
		at org.apache.catalina.core.StandardHostValve.status(StandardHostValve.java:220)
		at org.apache.catalina.core.StandardHostValve.invoke(StandardHostValve.java:163)
		at org.apache.catalina.valves.ErrorReportValve.invoke(ErrorReportValve.java:83)
		at org.apache.catalina.valves.AbstractAccessLogValve.invoke(AbstractAccessLogValve.java:643)
		at org.apache.catalina.core.StandardEngineValve.invoke(StandardEngineValve.java:72)
		at org.apache.catalina.connector.CoyoteAdapter.service(CoyoteAdapter.java:344)
		at org.apache.coyote.http11.Http11Processor.service(Http11Processor.java:398)
		at org.apache.coyote.AbstractProcessorLight.process(AbstractProcessorLight.java:63)
		at org.apache.coyote.AbstractProtocol$ConnectionHandler.process(AbstractProtocol.java:939)
		at org.apache.tomcat.util.net.NioEndpoint$SocketProcessor.doRun(NioEndpoint.java:1831)
		at org.apache.tomcat.util.net.SocketProcessorBase.run(SocketProcessorBase.java:52)
		at org.apache.tomcat.util.threads.ThreadPoolExecutor.runWorker(ThreadPoolExecutor.java:973)
		at org.apache.tomcat.util.threads.ThreadPoolExecutor$Worker.run(ThreadPoolExecutor.java:491)
		at org.apache.tomcat.util.threads.TaskThread$WrappingRunnable.run(TaskThread.java:63)
		at java.lang.Thread.run(Thread.java:748)
	Caused by: java.io.FileNotFoundException: C:\apache-tomcat\webapps\onlinebookstore\WEB-INF\lib\checker-qual-3.5.0.jar (The system cannot find the path specified)
		at java.util.zip.ZipFile.open(Native Method)
		at java.util.zip.ZipFile.<init>(ZipFile.java:225)
		at java.util.zip.ZipFile.<init>(ZipFile.java:155)
		at java.util.jar.JarFile.<init>(JarFile.java:166)
		at java.util.jar.JarFile.<init>(JarFile.java:130)
		at org.apache.tomcat.util.compat.JreCompat.jarFileNewInstance(JreCompat.java:338)
		at org.apache.tomcat.util.compat.JreCompat.jarFileNewInstance(JreCompat.java:324)
		at org.apache.catalina.webresources.AbstractArchiveResourceSet.openJarFile(AbstractArchiveResourceSet.java:324)
		at org.apache.catalina.webresources.AbstractSingleArchiveResourceSet.getArchiveEntry(AbstractSingleArchiveResourceSet.java:96)
		... 34 more
12-Jan-2026 22:50:19.057 SEVERE [http-nio-8080-exec-68] org.apache.catalina.core.ApplicationDispatcher.invoke Servlet.service() for servlet [ErrorHandlerServlet] threw exception
	java.lang.IllegalStateException: java.io.FileNotFoundException: C:\apache-tomcat\webapps\onlinebookstore\WEB-INF\lib\checker-qual-3.5.0.jar (The system cannot find the path specified)
		at org.apache.catalina.webresources.AbstractSingleArchiveResourceSet.getArchiveEntry(AbstractSingleArchiveResourceSet.java:100)
		at org.apache.catalina.webresources.AbstractArchiveResourceSet.getResource(AbstractArchiveResourceSet.java:255)
		at org.apache.catalina.webresources.StandardRoot.getResourceInternal(StandardRoot.java:273)
		at org.apache.catalina.webresources.Cache.getResource(Cache.java:64)
		at org.apache.catalina.webresources.StandardRoot.getResource(StandardRoot.java:212)
		at org.apache.catalina.webresources.StandardRoot.getClassLoaderResource(StandardRoot.java:221)
		at org.apache.catalina.loader.WebappClassLoaderBase.findClassInternal(WebappClassLoaderBase.java:2221)
		at org.apache.catalina.loader.WebappClassLoaderBase.findClassInternal(WebappClassLoaderBase.java:2212)
		at org.apache.catalina.loader.WebappClassLoaderBase.findClass(WebappClassLoaderBase.java:821)
		at org.apache.catalina.loader.WebappClassLoaderBase.loadClass(WebappClassLoaderBase.java:1312)
		at org.apache.catalina.loader.WebappClassLoaderBase.loadClass(WebappClassLoaderBase.java:1160)
		at servlets.ErrorHandlerServlet.service(ErrorHandlerServlet.java:29)
		at javax.servlet.http.HttpServlet.service(HttpServlet.java:623)
		at org.apache.catalina.core.ApplicationFilterChain.internalDoFilter(ApplicationFilterChain.java:197)
		at org.apache.catalina.core.ApplicationFilterChain.doFilter(ApplicationFilterChain.java:142)
		at org.apache.catalina.core.ApplicationDispatcher.invoke(ApplicationDispatcher.java:619)
		at org.apache.catalina.core.ApplicationDispatcher.processRequest(ApplicationDispatcher.java:401)
		at org.apache.catalina.core.ApplicationDispatcher.doForward(ApplicationDispatcher.java:338)
		at org.apache.catalina.core.ApplicationDispatcher.forward(ApplicationDispatcher.java:283)
		at org.apache.catalina.core.StandardHostValve.custom(StandardHostValve.java:392)
		at org.apache.catalina.core.StandardHostValve.status(StandardHostValve.java:220)
		at org.apache.catalina.core.StandardHostValve.invoke(StandardHostValve.java:163)
		at org.apache.catalina.valves.ErrorReportValve.invoke(ErrorReportValve.java:83)
		at org.apache.catalina.valves.AbstractAccessLogValve.invoke(AbstractAccessLogValve.java:643)
		at org.apache.catalina.core.StandardEngineValve.invoke(StandardEngineValve.java:72)
		at org.apache.catalina.connector.CoyoteAdapter.service(CoyoteAdapter.java:344)
		at org.apache.coyote.http11.Http11Processor.service(Http11Processor.java:398)
		at org.apache.coyote.AbstractProcessorLight.process(AbstractProcessorLight.java:63)
		at org.apache.coyote.AbstractProtocol$ConnectionHandler.process(AbstractProtocol.java:939)
		at org.apache.tomcat.util.net.NioEndpoint$SocketProcessor.doRun(NioEndpoint.java:1831)
		at org.apache.tomcat.util.net.SocketProcessorBase.run(SocketProcessorBase.java:52)
		at org.apache.tomcat.util.threads.ThreadPoolExecutor.runWorker(ThreadPoolExecutor.java:973)
		at org.apache.tomcat.util.threads.ThreadPoolExecutor$Worker.run(ThreadPoolExecutor.java:491)
		at org.apache.tomcat.util.threads.TaskThread$WrappingRunnable.run(TaskThread.java:63)
		at java.lang.Thread.run(Thread.java:748)
	Caused by: java.io.FileNotFoundException: C:\apache-tomcat\webapps\onlinebookstore\WEB-INF\lib\checker-qual-3.5.0.jar (The system cannot find the path specified)
		at java.util.zip.ZipFile.open(Native Method)
		at java.util.zip.ZipFile.<init>(ZipFile.java:225)
		at java.util.zip.ZipFile.<init>(ZipFile.java:155)
		at java.util.jar.JarFile.<init>(JarFile.java:166)
		at java.util.jar.JarFile.<init>(JarFile.java:130)
		at org.apache.tomcat.util.compat.JreCompat.jarFileNewInstance(JreCompat.java:338)
		at org.apache.tomcat.util.compat.JreCompat.jarFileNewInstance(JreCompat.java:324)
		at org.apache.catalina.webresources.AbstractArchiveResourceSet.openJarFile(AbstractArchiveResourceSet.java:324)
		at org.apache.catalina.webresources.AbstractSingleArchiveResourceSet.getArchiveEntry(AbstractSingleArchiveResourceSet.java:96)
		... 34 more
12-Jan-2026 22:50:19.058 SEVERE [http-nio-8080-exec-68] org.apache.catalina.core.StandardHostValve.custom Exception Processing [ErrorPage[errorCode=404, location=/error]]
	java.lang.IllegalStateException: java.io.FileNotFoundException: C:\apache-tomcat\webapps\onlinebookstore\WEB-INF\lib\checker-qual-3.5.0.jar (The system cannot find the path specified)
		at org.apache.catalina.webresources.AbstractSingleArchiveResourceSet.getArchiveEntry(AbstractSingleArchiveResourceSet.java:100)
		at org.apache.catalina.webresources.AbstractArchiveResourceSet.getResource(AbstractArchiveResourceSet.java:255)
		at org.apache.catalina.webresources.StandardRoot.getResourceInternal(StandardRoot.java:273)
		at org.apache.catalina.webresources.Cache.getResource(Cache.java:64)
		at org.apache.catalina.webresources.StandardRoot.getResource(StandardRoot.java:212)
		at org.apache.catalina.webresources.StandardRoot.getClassLoaderResource(StandardRoot.java:221)
		at org.apache.catalina.loader.WebappClassLoaderBase.findClassInternal(WebappClassLoaderBase.java:2221)
		at org.apache.catalina.loader.WebappClassLoaderBase.findClassInternal(WebappClassLoaderBase.java:2212)
		at org.apache.catalina.loader.WebappClassLoaderBase.findClass(WebappClassLoaderBase.java:821)
		at org.apache.catalina.loader.WebappClassLoaderBase.loadClass(WebappClassLoaderBase.java:1312)
		at org.apache.catalina.loader.WebappClassLoaderBase.loadClass(WebappClassLoaderBase.java:1160)
		at servlets.ErrorHandlerServlet.service(ErrorHandlerServlet.java:29)
		at javax.servlet.http.HttpServlet.service(HttpServlet.java:623)
		at org.apache.catalina.core.ApplicationFilterChain.internalDoFilter(ApplicationFilterChain.java:197)
		at org.apache.catalina.core.ApplicationFilterChain.doFilter(ApplicationFilterChain.java:142)
		at org.apache.catalina.core.ApplicationDispatcher.invoke(ApplicationDispatcher.java:619)
		at org.apache.catalina.core.ApplicationDispatcher.processRequest(ApplicationDispatcher.java:401)
		at org.apache.catalina.core.ApplicationDispatcher.doForward(ApplicationDispatcher.java:338)
		at org.apache.catalina.core.ApplicationDispatcher.forward(ApplicationDispatcher.java:283)
		at org.apache.catalina.core.StandardHostValve.custom(StandardHostValve.java:392)
		at org.apache.catalina.core.StandardHostValve.status(StandardHostValve.java:220)
		at org.apache.catalina.core.StandardHostValve.invoke(StandardHostValve.java:163)
		at org.apache.catalina.valves.ErrorReportValve.invoke(ErrorReportValve.java:83)
		at org.apache.catalina.valves.AbstractAccessLogValve.invoke(AbstractAccessLogValve.java:643)
		at org.apache.catalina.core.StandardEngineValve.invoke(StandardEngineValve.java:72)
		at org.apache.catalina.connector.CoyoteAdapter.service(CoyoteAdapter.java:344)
		at org.apache.coyote.http11.Http11Processor.service(Http11Processor.java:398)
		at org.apache.coyote.AbstractProcessorLight.process(AbstractProcessorLight.java:63)
		at org.apache.coyote.AbstractProtocol$ConnectionHandler.process(AbstractProtocol.java:939)
		at org.apache.tomcat.util.net.NioEndpoint$SocketProcessor.doRun(NioEndpoint.java:1831)
		at org.apache.tomcat.util.net.SocketProcessorBase.run(SocketProcessorBase.java:52)
		at org.apache.tomcat.util.threads.ThreadPoolExecutor.runWorker(ThreadPoolExecutor.java:973)
		at org.apache.tomcat.util.threads.ThreadPoolExecutor$Worker.run(ThreadPoolExecutor.java:491)
		at org.apache.tomcat.util.threads.TaskThread$WrappingRunnable.run(TaskThread.java:63)
		at java.lang.Thread.run(Thread.java:748)
	Caused by: java.io.FileNotFoundException: C:\apache-tomcat\webapps\onlinebookstore\WEB-INF\lib\checker-qual-3.5.0.jar (The system cannot find the path specified)
		at java.util.zip.ZipFile.open(Native Method)
		at java.util.zip.ZipFile.<init>(ZipFile.java:225)
		at java.util.zip.ZipFile.<init>(ZipFile.java:155)
		at java.util.jar.JarFile.<init>(JarFile.java:166)
		at java.util.jar.JarFile.<init>(JarFile.java:130)
		at org.apache.tomcat.util.compat.JreCompat.jarFileNewInstance(JreCompat.java:338)
		at org.apache.tomcat.util.compat.JreCompat.jarFileNewInstance(JreCompat.java:324)
		at org.apache.catalina.webresources.AbstractArchiveResourceSet.openJarFile(AbstractArchiveResourceSet.java:324)
		at org.apache.catalina.webresources.AbstractSingleArchiveResourceSet.getArchiveEntry(AbstractSingleArchiveResourceSet.java:96)
		... 34 more
12-Jan-2026 22:50:19.232 SEVERE [http-nio-8080-exec-69] org.apache.catalina.core.ApplicationDispatcher.invoke Servlet.service() for servlet [ErrorHandlerServlet] threw exception
	java.lang.IllegalStateException: java.io.FileNotFoundException: C:\apache-tomcat\webapps\onlinebookstore\WEB-INF\lib\checker-qual-3.5.0.jar (The system cannot find the path specified)
		at org.apache.catalina.webresources.AbstractSingleArchiveResourceSet.getArchiveEntry(AbstractSingleArchiveResourceSet.java:100)
		at org.apache.catalina.webresources.AbstractArchiveResourceSet.getResource(AbstractArchiveResourceSet.java:255)
		at org.apache.catalina.webresources.StandardRoot.getResourceInternal(StandardRoot.java:273)
		at org.apache.catalina.webresources.Cache.getResource(Cache.java:64)
		at org.apache.catalina.webresources.StandardRoot.getResource(StandardRoot.java:212)
		at org.apache.catalina.webresources.StandardRoot.getClassLoaderResource(StandardRoot.java:221)
		at org.apache.catalina.loader.WebappClassLoaderBase.findClassInternal(WebappClassLoaderBase.java:2221)
		at org.apache.catalina.loader.WebappClassLoaderBase.findClassInternal(WebappClassLoaderBase.java:2212)
		at org.apache.catalina.loader.WebappClassLoaderBase.findClass(WebappClassLoaderBase.java:821)
		at org.apache.catalina.loader.WebappClassLoaderBase.loadClass(WebappClassLoaderBase.java:1312)
		at org.apache.catalina.loader.WebappClassLoaderBase.loadClass(WebappClassLoaderBase.java:1160)
		at servlets.ErrorHandlerServlet.service(ErrorHandlerServlet.java:29)
		at javax.servlet.http.HttpServlet.service(HttpServlet.java:623)
		at org.apache.catalina.core.ApplicationFilterChain.internalDoFilter(ApplicationFilterChain.java:197)
		at org.apache.catalina.core.ApplicationFilterChain.doFilter(ApplicationFilterChain.java:142)
		at org.apache.catalina.core.ApplicationDispatcher.invoke(ApplicationDispatcher.java:619)
		at org.apache.catalina.core.ApplicationDispatcher.processRequest(ApplicationDispatcher.java:401)
		at org.apache.catalina.core.ApplicationDispatcher.doForward(ApplicationDispatcher.java:338)
		at org.apache.catalina.core.ApplicationDispatcher.forward(ApplicationDispatcher.java:283)
		at org.apache.catalina.core.StandardHostValve.custom(StandardHostValve.java:392)
		at org.apache.catalina.core.StandardHostValve.status(StandardHostValve.java:220)
		at org.apache.catalina.core.StandardHostValve.invoke(StandardHostValve.java:163)
		at org.apache.catalina.valves.ErrorReportValve.invoke(ErrorReportValve.java:83)
		at org.apache.catalina.valves.AbstractAccessLogValve.invoke(AbstractAccessLogValve.java:643)
		at org.apache.catalina.core.StandardEngineValve.invoke(StandardEngineValve.java:72)
		at org.apache.catalina.connector.CoyoteAdapter.service(CoyoteAdapter.java:344)
		at org.apache.coyote.http11.Http11Processor.service(Http11Processor.java:398)
		at org.apache.coyote.AbstractProcessorLight.process(AbstractProcessorLight.java:63)
		at org.apache.coyote.AbstractProtocol$ConnectionHandler.process(AbstractProtocol.java:939)
		at org.apache.tomcat.util.net.NioEndpoint$SocketProcessor.doRun(NioEndpoint.java:1831)
		at org.apache.tomcat.util.net.SocketProcessorBase.run(SocketProcessorBase.java:52)
		at org.apache.tomcat.util.threads.ThreadPoolExecutor.runWorker(ThreadPoolExecutor.java:973)
		at org.apache.tomcat.util.threads.ThreadPoolExecutor$Worker.run(ThreadPoolExecutor.java:491)
		at org.apache.tomcat.util.threads.TaskThread$WrappingRunnable.run(TaskThread.java:63)
		at java.lang.Thread.run(Thread.java:748)
	Caused by: java.io.FileNotFoundException: C:\apache-tomcat\webapps\onlinebookstore\WEB-INF\lib\checker-qual-3.5.0.jar (The system cannot find the path specified)
		at java.util.zip.ZipFile.open(Native Method)
		at java.util.zip.ZipFile.<init>(ZipFile.java:225)
		at java.util.zip.ZipFile.<init>(ZipFile.java:155)
		at java.util.jar.JarFile.<init>(JarFile.java:166)
		at java.util.jar.JarFile.<init>(JarFile.java:130)
		at org.apache.tomcat.util.compat.JreCompat.jarFileNewInstance(JreCompat.java:338)
		at org.apache.tomcat.util.compat.JreCompat.jarFileNewInstance(JreCompat.java:324)
		at org.apache.catalina.webresources.AbstractArchiveResourceSet.openJarFile(AbstractArchiveResourceSet.java:324)
		at org.apache.catalina.webresources.AbstractSingleArchiveResourceSet.getArchiveEntry(AbstractSingleArchiveResourceSet.java:96)
		... 34 more
12-Jan-2026 22:50:19.232 SEVERE [http-nio-8080-exec-69] org.apache.catalina.core.StandardHostValve.custom Exception Processing [ErrorPage[errorCode=404, location=/error]]
	java.lang.IllegalStateException: java.io.FileNotFoundException: C:\apache-tomcat\webapps\onlinebookstore\WEB-INF\lib\checker-qual-3.5.0.jar (The system cannot find the path specified)
		at org.apache.catalina.webresources.AbstractSingleArchiveResourceSet.getArchiveEntry(AbstractSingleArchiveResourceSet.java:100)
		at org.apache.catalina.webresources.AbstractArchiveResourceSet.getResource(AbstractArchiveResourceSet.java:255)
		at org.apache.catalina.webresources.StandardRoot.getResourceInternal(StandardRoot.java:273)
		at org.apache.catalina.webresources.Cache.getResource(Cache.java:64)
		at org.apache.catalina.webresources.StandardRoot.getResource(StandardRoot.java:212)
		at org.apache.catalina.webresources.StandardRoot.getClassLoaderResource(StandardRoot.java:221)
		at org.apache.catalina.loader.WebappClassLoaderBase.findClassInternal(WebappClassLoaderBase.java:2221)
		at org.apache.catalina.loader.WebappClassLoaderBase.findClassInternal(WebappClassLoaderBase.java:2212)
		at org.apache.catalina.loader.WebappClassLoaderBase.findClass(WebappClassLoaderBase.java:821)
		at org.apache.catalina.loader.WebappClassLoaderBase.loadClass(WebappClassLoaderBase.java:1312)
		at org.apache.catalina.loader.WebappClassLoaderBase.loadClass(WebappClassLoaderBase.java:1160)
		at servlets.ErrorHandlerServlet.service(ErrorHandlerServlet.java:29)
		at javax.servlet.http.HttpServlet.service(HttpServlet.java:623)
		at org.apache.catalina.core.ApplicationFilterChain.internalDoFilter(ApplicationFilterChain.java:197)
		at org.apache.catalina.core.ApplicationFilterChain.doFilter(ApplicationFilterChain.java:142)
		at org.apache.catalina.core.ApplicationDispatcher.invoke(ApplicationDispatcher.java:619)
		at org.apache.catalina.core.ApplicationDispatcher.processRequest(ApplicationDispatcher.java:401)
		at org.apache.catalina.core.ApplicationDispatcher.doForward(ApplicationDispatcher.java:338)
		at org.apache.catalina.core.ApplicationDispatcher.forward(ApplicationDispatcher.java:283)
		at org.apache.catalina.core.StandardHostValve.custom(StandardHostValve.java:392)
		at org.apache.catalina.core.StandardHostValve.status(StandardHostValve.java:220)
		at org.apache.catalina.core.StandardHostValve.invoke(StandardHostValve.java:163)
		at org.apache.catalina.valves.ErrorReportValve.invoke(ErrorReportValve.java:83)
		at org.apache.catalina.valves.AbstractAccessLogValve.invoke(AbstractAccessLogValve.java:643)
		at org.apache.catalina.core.StandardEngineValve.invoke(StandardEngineValve.java:72)
		at org.apache.catalina.connector.CoyoteAdapter.service(CoyoteAdapter.java:344)
		at org.apache.coyote.http11.Http11Processor.service(Http11Processor.java:398)
		at org.apache.coyote.AbstractProcessorLight.process(AbstractProcessorLight.java:63)
		at org.apache.coyote.AbstractProtocol$ConnectionHandler.process(AbstractProtocol.java:939)
		at org.apache.tomcat.util.net.NioEndpoint$SocketProcessor.doRun(NioEndpoint.java:1831)
		at org.apache.tomcat.util.net.SocketProcessorBase.run(SocketProcessorBase.java:52)
		at org.apache.tomcat.util.threads.ThreadPoolExecutor.runWorker(ThreadPoolExecutor.java:973)
		at org.apache.tomcat.util.threads.ThreadPoolExecutor$Worker.run(ThreadPoolExecutor.java:491)
		at org.apache.tomcat.util.threads.TaskThread$WrappingRunnable.run(TaskThread.java:63)
		at java.lang.Thread.run(Thread.java:748)
	Caused by: java.io.FileNotFoundException: C:\apache-tomcat\webapps\onlinebookstore\WEB-INF\lib\checker-qual-3.5.0.jar (The system cannot find the path specified)
		at java.util.zip.ZipFile.open(Native Method)
		at java.util.zip.ZipFile.<init>(ZipFile.java:225)
		at java.util.zip.ZipFile.<init>(ZipFile.java:155)
		at java.util.jar.JarFile.<init>(JarFile.java:166)
		at java.util.jar.JarFile.<init>(JarFile.java:130)
		at org.apache.tomcat.util.compat.JreCompat.jarFileNewInstance(JreCompat.java:338)
		at org.apache.tomcat.util.compat.JreCompat.jarFileNewInstance(JreCompat.java:324)
		at org.apache.catalina.webresources.AbstractArchiveResourceSet.openJarFile(AbstractArchiveResourceSet.java:324)
		at org.apache.catalina.webresources.AbstractSingleArchiveResourceSet.getArchiveEntry(AbstractSingleArchiveResourceSet.java:96)
		... 34 more
12-Jan-2026 22:50:19.401 SEVERE [http-nio-8080-exec-61] org.apache.catalina.core.ApplicationDispatcher.invoke Servlet.service() for servlet [ErrorHandlerServlet] threw exception
	java.lang.IllegalStateException: java.io.FileNotFoundException: C:\apache-tomcat\webapps\onlinebookstore\WEB-INF\lib\checker-qual-3.5.0.jar (The system cannot find the path specified)
		at org.apache.catalina.webresources.AbstractSingleArchiveResourceSet.getArchiveEntry(AbstractSingleArchiveResourceSet.java:100)
		at org.apache.catalina.webresources.AbstractArchiveResourceSet.getResource(AbstractArchiveResourceSet.java:255)
		at org.apache.catalina.webresources.StandardRoot.getResourceInternal(StandardRoot.java:273)
		at org.apache.catalina.webresources.Cache.getResource(Cache.java:64)
		at org.apache.catalina.webresources.StandardRoot.getResource(StandardRoot.java:212)
		at org.apache.catalina.webresources.StandardRoot.getClassLoaderResource(StandardRoot.java:221)
		at org.apache.catalina.loader.WebappClassLoaderBase.findClassInternal(WebappClassLoaderBase.java:2221)
		at org.apache.catalina.loader.WebappClassLoaderBase.findClassInternal(WebappClassLoaderBase.java:2212)
		at org.apache.catalina.loader.WebappClassLoaderBase.findClass(WebappClassLoaderBase.java:821)
		at org.apache.catalina.loader.WebappClassLoaderBase.loadClass(WebappClassLoaderBase.java:1312)
		at org.apache.catalina.loader.WebappClassLoaderBase.loadClass(WebappClassLoaderBase.java:1160)
		at servlets.ErrorHandlerServlet.service(ErrorHandlerServlet.java:29)
		at javax.servlet.http.HttpServlet.service(HttpServlet.java:623)
		at org.apache.catalina.core.ApplicationFilterChain.internalDoFilter(ApplicationFilterChain.java:197)
		at org.apache.catalina.core.ApplicationFilterChain.doFilter(ApplicationFilterChain.java:142)
		at org.apache.catalina.core.ApplicationDispatcher.invoke(ApplicationDispatcher.java:619)
		at org.apache.catalina.core.ApplicationDispatcher.processRequest(ApplicationDispatcher.java:401)
		at org.apache.catalina.core.ApplicationDispatcher.doForward(ApplicationDispatcher.java:338)
		at org.apache.catalina.core.ApplicationDispatcher.forward(ApplicationDispatcher.java:283)
		at org.apache.catalina.core.StandardHostValve.custom(StandardHostValve.java:392)
		at org.apache.catalina.core.StandardHostValve.status(StandardHostValve.java:220)
		at org.apache.catalina.core.StandardHostValve.invoke(StandardHostValve.java:163)
		at org.apache.catalina.valves.ErrorReportValve.invoke(ErrorReportValve.java:83)
		at org.apache.catalina.valves.AbstractAccessLogValve.invoke(AbstractAccessLogValve.java:643)
		at org.apache.catalina.core.StandardEngineValve.invoke(StandardEngineValve.java:72)
		at org.apache.catalina.connector.CoyoteAdapter.service(CoyoteAdapter.java:344)
		at org.apache.coyote.http11.Http11Processor.service(Http11Processor.java:398)
		at org.apache.coyote.AbstractProcessorLight.process(AbstractProcessorLight.java:63)
		at org.apache.coyote.AbstractProtocol$ConnectionHandler.process(AbstractProtocol.java:939)
		at org.apache.tomcat.util.net.NioEndpoint$SocketProcessor.doRun(NioEndpoint.java:1831)
		at org.apache.tomcat.util.net.SocketProcessorBase.run(SocketProcessorBase.java:52)
		at org.apache.tomcat.util.threads.ThreadPoolExecutor.runWorker(ThreadPoolExecutor.java:973)
		at org.apache.tomcat.util.threads.ThreadPoolExecutor$Worker.run(ThreadPoolExecutor.java:491)
		at org.apache.tomcat.util.threads.TaskThread$WrappingRunnable.run(TaskThread.java:63)
		at java.lang.Thread.run(Thread.java:748)
	Caused by: java.io.FileNotFoundException: C:\apache-tomcat\webapps\onlinebookstore\WEB-INF\lib\checker-qual-3.5.0.jar (The system cannot find the path specified)
		at java.util.zip.ZipFile.open(Native Method)
		at java.util.zip.ZipFile.<init>(ZipFile.java:225)
		at java.util.zip.ZipFile.<init>(ZipFile.java:155)
		at java.util.jar.JarFile.<init>(JarFile.java:166)
		at java.util.jar.JarFile.<init>(JarFile.java:130)
		at org.apache.tomcat.util.compat.JreCompat.jarFileNewInstance(JreCompat.java:338)
		at org.apache.tomcat.util.compat.JreCompat.jarFileNewInstance(JreCompat.java:324)
		at org.apache.catalina.webresources.AbstractArchiveResourceSet.openJarFile(AbstractArchiveResourceSet.java:324)
		at org.apache.catalina.webresources.AbstractSingleArchiveResourceSet.getArchiveEntry(AbstractSingleArchiveResourceSet.java:96)
		... 34 more
12-Jan-2026 22:50:19.401 SEVERE [http-nio-8080-exec-61] org.apache.catalina.core.StandardHostValve.custom Exception Processing [ErrorPage[errorCode=404, location=/error]]
	java.lang.IllegalStateException: java.io.FileNotFoundException: C:\apache-tomcat\webapps\onlinebookstore\WEB-INF\lib\checker-qual-3.5.0.jar (The system cannot find the path specified)
		at org.apache.catalina.webresources.AbstractSingleArchiveResourceSet.getArchiveEntry(AbstractSingleArchiveResourceSet.java:100)
		at org.apache.catalina.webresources.AbstractArchiveResourceSet.getResource(AbstractArchiveResourceSet.java:255)
		at org.apache.catalina.webresources.StandardRoot.getResourceInternal(StandardRoot.java:273)
		at org.apache.catalina.webresources.Cache.getResource(Cache.java:64)
		at org.apache.catalina.webresources.StandardRoot.getResource(StandardRoot.java:212)
		at org.apache.catalina.webresources.StandardRoot.getClassLoaderResource(StandardRoot.java:221)
		at org.apache.catalina.loader.WebappClassLoaderBase.findClassInternal(WebappClassLoaderBase.java:2221)
		at org.apache.catalina.loader.WebappClassLoaderBase.findClassInternal(WebappClassLoaderBase.java:2212)
		at org.apache.catalina.loader.WebappClassLoaderBase.findClass(WebappClassLoaderBase.java:821)
		at org.apache.catalina.loader.WebappClassLoaderBase.loadClass(WebappClassLoaderBase.java:1312)
		at org.apache.catalina.loader.WebappClassLoaderBase.loadClass(WebappClassLoaderBase.java:1160)
		at servlets.ErrorHandlerServlet.service(ErrorHandlerServlet.java:29)
		at javax.servlet.http.HttpServlet.service(HttpServlet.java:623)
		at org.apache.catalina.core.ApplicationFilterChain.internalDoFilter(ApplicationFilterChain.java:197)
		at org.apache.catalina.core.ApplicationFilterChain.doFilter(ApplicationFilterChain.java:142)
		at org.apache.catalina.core.ApplicationDispatcher.invoke(ApplicationDispatcher.java:619)
		at org.apache.catalina.core.ApplicationDispatcher.processRequest(ApplicationDispatcher.java:401)
		at org.apache.catalina.core.ApplicationDispatcher.doForward(ApplicationDispatcher.java:338)
		at org.apache.catalina.core.ApplicationDispatcher.forward(ApplicationDispatcher.java:283)
		at org.apache.catalina.core.StandardHostValve.custom(StandardHostValve.java:392)
		at org.apache.catalina.core.StandardHostValve.status(StandardHostValve.java:220)
		at org.apache.catalina.core.StandardHostValve.invoke(StandardHostValve.java:163)
		at org.apache.catalina.valves.ErrorReportValve.invoke(ErrorReportValve.java:83)
		at org.apache.catalina.valves.AbstractAccessLogValve.invoke(AbstractAccessLogValve.java:643)
		at org.apache.catalina.core.StandardEngineValve.invoke(StandardEngineValve.java:72)
		at org.apache.catalina.connector.CoyoteAdapter.service(CoyoteAdapter.java:344)
		at org.apache.coyote.http11.Http11Processor.service(Http11Processor.java:398)
		at org.apache.coyote.AbstractProcessorLight.process(AbstractProcessorLight.java:63)
		at org.apache.coyote.AbstractProtocol$ConnectionHandler.process(AbstractProtocol.java:939)
		at org.apache.tomcat.util.net.NioEndpoint$SocketProcessor.doRun(NioEndpoint.java:1831)
		at org.apache.tomcat.util.net.SocketProcessorBase.run(SocketProcessorBase.java:52)
		at org.apache.tomcat.util.threads.ThreadPoolExecutor.runWorker(ThreadPoolExecutor.java:973)
		at org.apache.tomcat.util.threads.ThreadPoolExecutor$Worker.run(ThreadPoolExecutor.java:491)
		at org.apache.tomcat.util.threads.TaskThread$WrappingRunnable.run(TaskThread.java:63)
		at java.lang.Thread.run(Thread.java:748)
	Caused by: java.io.FileNotFoundException: C:\apache-tomcat\webapps\onlinebookstore\WEB-INF\lib\checker-qual-3.5.0.jar (The system cannot find the path specified)
		at java.util.zip.ZipFile.open(Native Method)
		at java.util.zip.ZipFile.<init>(ZipFile.java:225)
		at java.util.zip.ZipFile.<init>(ZipFile.java:155)
		at java.util.jar.JarFile.<init>(JarFile.java:166)
		at java.util.jar.JarFile.<init>(JarFile.java:130)
		at org.apache.tomcat.util.compat.JreCompat.jarFileNewInstance(JreCompat.java:338)
		at org.apache.tomcat.util.compat.JreCompat.jarFileNewInstance(JreCompat.java:324)
		at org.apache.catalina.webresources.AbstractArchiveResourceSet.openJarFile(AbstractArchiveResourceSet.java:324)
		at org.apache.catalina.webresources.AbstractSingleArchiveResourceSet.getArchiveEntry(AbstractSingleArchiveResourceSet.java:96)
		... 34 more
12-Jan-2026 22:50:19.559 SEVERE [http-nio-8080-exec-63] org.apache.catalina.core.ApplicationDispatcher.invoke Servlet.service() for servlet [ErrorHandlerServlet] threw exception
	java.lang.IllegalStateException: java.io.FileNotFoundException: C:\apache-tomcat\webapps\onlinebookstore\WEB-INF\lib\checker-qual-3.5.0.jar (The system cannot find the path specified)
		at org.apache.catalina.webresources.AbstractSingleArchiveResourceSet.getArchiveEntry(AbstractSingleArchiveResourceSet.java:100)
		at org.apache.catalina.webresources.AbstractArchiveResourceSet.getResource(AbstractArchiveResourceSet.java:255)
		at org.apache.catalina.webresources.StandardRoot.getResourceInternal(StandardRoot.java:273)
		at org.apache.catalina.webresources.Cache.getResource(Cache.java:64)
		at org.apache.catalina.webresources.StandardRoot.getResource(StandardRoot.java:212)
		at org.apache.catalina.webresources.StandardRoot.getClassLoaderResource(StandardRoot.java:221)
		at org.apache.catalina.loader.WebappClassLoaderBase.findClassInternal(WebappClassLoaderBase.java:2221)
		at org.apache.catalina.loader.WebappClassLoaderBase.findClassInternal(WebappClassLoaderBase.java:2212)
		at org.apache.catalina.loader.WebappClassLoaderBase.findClass(WebappClassLoaderBase.java:821)
		at org.apache.catalina.loader.WebappClassLoaderBase.loadClass(WebappClassLoaderBase.java:1312)
		at org.apache.catalina.loader.WebappClassLoaderBase.loadClass(WebappClassLoaderBase.java:1160)
		at servlets.ErrorHandlerServlet.service(ErrorHandlerServlet.java:29)
		at javax.servlet.http.HttpServlet.service(HttpServlet.java:623)
		at org.apache.catalina.core.ApplicationFilterChain.internalDoFilter(ApplicationFilterChain.java:197)
		at org.apache.catalina.core.ApplicationFilterChain.doFilter(ApplicationFilterChain.java:142)
		at org.apache.catalina.core.ApplicationDispatcher.invoke(ApplicationDispatcher.java:619)
		at org.apache.catalina.core.ApplicationDispatcher.processRequest(ApplicationDispatcher.java:401)
		at org.apache.catalina.core.ApplicationDispatcher.doForward(ApplicationDispatcher.java:338)
		at org.apache.catalina.core.ApplicationDispatcher.forward(ApplicationDispatcher.java:283)
		at org.apache.catalina.core.StandardHostValve.custom(StandardHostValve.java:392)
		at org.apache.catalina.core.StandardHostValve.status(StandardHostValve.java:220)
		at org.apache.catalina.core.StandardHostValve.invoke(StandardHostValve.java:163)
		at org.apache.catalina.valves.ErrorReportValve.invoke(ErrorReportValve.java:83)
		at org.apache.catalina.valves.AbstractAccessLogValve.invoke(AbstractAccessLogValve.java:643)
		at org.apache.catalina.core.StandardEngineValve.invoke(StandardEngineValve.java:72)
		at org.apache.catalina.connector.CoyoteAdapter.service(CoyoteAdapter.java:344)
		at org.apache.coyote.http11.Http11Processor.service(Http11Processor.java:398)
		at org.apache.coyote.AbstractProcessorLight.process(AbstractProcessorLight.java:63)
		at org.apache.coyote.AbstractProtocol$ConnectionHandler.process(AbstractProtocol.java:939)
		at org.apache.tomcat.util.net.NioEndpoint$SocketProcessor.doRun(NioEndpoint.java:1831)
		at org.apache.tomcat.util.net.SocketProcessorBase.run(SocketProcessorBase.java:52)
		at org.apache.tomcat.util.threads.ThreadPoolExecutor.runWorker(ThreadPoolExecutor.java:973)
		at org.apache.tomcat.util.threads.ThreadPoolExecutor$Worker.run(ThreadPoolExecutor.java:491)
		at org.apache.tomcat.util.threads.TaskThread$WrappingRunnable.run(TaskThread.java:63)
		at java.lang.Thread.run(Thread.java:748)
	Caused by: java.io.FileNotFoundException: C:\apache-tomcat\webapps\onlinebookstore\WEB-INF\lib\checker-qual-3.5.0.jar (The system cannot find the path specified)
		at java.util.zip.ZipFile.open(Native Method)
		at java.util.zip.ZipFile.<init>(ZipFile.java:225)
		at java.util.zip.ZipFile.<init>(ZipFile.java:155)
		at java.util.jar.JarFile.<init>(JarFile.java:166)
		at java.util.jar.JarFile.<init>(JarFile.java:130)
		at org.apache.tomcat.util.compat.JreCompat.jarFileNewInstance(JreCompat.java:338)
		at org.apache.tomcat.util.compat.JreCompat.jarFileNewInstance(JreCompat.java:324)
		at org.apache.catalina.webresources.AbstractArchiveResourceSet.openJarFile(AbstractArchiveResourceSet.java:324)
		at org.apache.catalina.webresources.AbstractSingleArchiveResourceSet.getArchiveEntry(AbstractSingleArchiveResourceSet.java:96)
		... 34 more
12-Jan-2026 22:50:19.559 SEVERE [http-nio-8080-exec-63] org.apache.catalina.core.StandardHostValve.custom Exception Processing [ErrorPage[errorCode=404, location=/error]]
	java.lang.IllegalStateException: java.io.FileNotFoundException: C:\apache-tomcat\webapps\onlinebookstore\WEB-INF\lib\checker-qual-3.5.0.jar (The system cannot find the path specified)
		at org.apache.catalina.webresources.AbstractSingleArchiveResourceSet.getArchiveEntry(AbstractSingleArchiveResourceSet.java:100)
		at org.apache.catalina.webresources.AbstractArchiveResourceSet.getResource(AbstractArchiveResourceSet.java:255)
		at org.apache.catalina.webresources.StandardRoot.getResourceInternal(StandardRoot.java:273)
		at org.apache.catalina.webresources.Cache.getResource(Cache.java:64)
		at org.apache.catalina.webresources.StandardRoot.getResource(StandardRoot.java:212)
		at org.apache.catalina.webresources.StandardRoot.getClassLoaderResource(StandardRoot.java:221)
		at org.apache.catalina.loader.WebappClassLoaderBase.findClassInternal(WebappClassLoaderBase.java:2221)
		at org.apache.catalina.loader.WebappClassLoaderBase.findClassInternal(WebappClassLoaderBase.java:2212)
		at org.apache.catalina.loader.WebappClassLoaderBase.findClass(WebappClassLoaderBase.java:821)
		at org.apache.catalina.loader.WebappClassLoaderBase.loadClass(WebappClassLoaderBase.java:1312)
		at org.apache.catalina.loader.WebappClassLoaderBase.loadClass(WebappClassLoaderBase.java:1160)
		at servlets.ErrorHandlerServlet.service(ErrorHandlerServlet.java:29)
		at javax.servlet.http.HttpServlet.service(HttpServlet.java:623)
		at org.apache.catalina.core.ApplicationFilterChain.internalDoFilter(ApplicationFilterChain.java:197)
		at org.apache.catalina.core.ApplicationFilterChain.doFilter(ApplicationFilterChain.java:142)
		at org.apache.catalina.core.ApplicationDispatcher.invoke(ApplicationDispatcher.java:619)
		at org.apache.catalina.core.ApplicationDispatcher.processRequest(ApplicationDispatcher.java:401)
		at org.apache.catalina.core.ApplicationDispatcher.doForward(ApplicationDispatcher.java:338)
		at org.apache.catalina.core.ApplicationDispatcher.forward(ApplicationDispatcher.java:283)
		at org.apache.catalina.core.StandardHostValve.custom(StandardHostValve.java:392)
		at org.apache.catalina.core.StandardHostValve.status(StandardHostValve.java:220)
		at org.apache.catalina.core.StandardHostValve.invoke(StandardHostValve.java:163)
		at org.apache.catalina.valves.ErrorReportValve.invoke(ErrorReportValve.java:83)
		at org.apache.catalina.valves.AbstractAccessLogValve.invoke(AbstractAccessLogValve.java:643)
		at org.apache.catalina.core.StandardEngineValve.invoke(StandardEngineValve.java:72)
		at org.apache.catalina.connector.CoyoteAdapter.service(CoyoteAdapter.java:344)
		at org.apache.coyote.http11.Http11Processor.service(Http11Processor.java:398)
		at org.apache.coyote.AbstractProcessorLight.process(AbstractProcessorLight.java:63)
		at org.apache.coyote.AbstractProtocol$ConnectionHandler.process(AbstractProtocol.java:939)
		at org.apache.tomcat.util.net.NioEndpoint$SocketProcessor.doRun(NioEndpoint.java:1831)
		at org.apache.tomcat.util.net.SocketProcessorBase.run(SocketProcessorBase.java:52)
		at org.apache.tomcat.util.threads.ThreadPoolExecutor.runWorker(ThreadPoolExecutor.java:973)
		at org.apache.tomcat.util.threads.ThreadPoolExecutor$Worker.run(ThreadPoolExecutor.java:491)
		at org.apache.tomcat.util.threads.TaskThread$WrappingRunnable.run(TaskThread.java:63)
		at java.lang.Thread.run(Thread.java:748)
	Caused by: java.io.FileNotFoundException: C:\apache-tomcat\webapps\onlinebookstore\WEB-INF\lib\checker-qual-3.5.0.jar (The system cannot find the path specified)
		at java.util.zip.ZipFile.open(Native Method)
		at java.util.zip.ZipFile.<init>(ZipFile.java:225)
		at java.util.zip.ZipFile.<init>(ZipFile.java:155)
		at java.util.jar.JarFile.<init>(JarFile.java:166)
		at java.util.jar.JarFile.<init>(JarFile.java:130)
		at org.apache.tomcat.util.compat.JreCompat.jarFileNewInstance(JreCompat.java:338)
		at org.apache.tomcat.util.compat.JreCompat.jarFileNewInstance(JreCompat.java:324)
		at org.apache.catalina.webresources.AbstractArchiveResourceSet.openJarFile(AbstractArchiveResourceSet.java:324)
		at org.apache.catalina.webresources.AbstractSingleArchiveResourceSet.getArchiveEntry(AbstractSingleArchiveResourceSet.java:96)
		... 34 more
12-Jan-2026 22:50:19.717 SEVERE [http-nio-8080-exec-70] org.apache.catalina.core.ApplicationDispatcher.invoke Servlet.service() for servlet [ErrorHandlerServlet] threw exception
	java.lang.IllegalStateException: java.io.FileNotFoundException: C:\apache-tomcat\webapps\onlinebookstore\WEB-INF\lib\checker-qual-3.5.0.jar (The system cannot find the path specified)
		at org.apache.catalina.webresources.AbstractSingleArchiveResourceSet.getArchiveEntry(AbstractSingleArchiveResourceSet.java:100)
		at org.apache.catalina.webresources.AbstractArchiveResourceSet.getResource(AbstractArchiveResourceSet.java:255)
		at org.apache.catalina.webresources.StandardRoot.getResourceInternal(StandardRoot.java:273)
		at org.apache.catalina.webresources.Cache.getResource(Cache.java:64)
		at org.apache.catalina.webresources.StandardRoot.getResource(StandardRoot.java:212)
		at org.apache.catalina.webresources.StandardRoot.getClassLoaderResource(StandardRoot.java:221)
		at org.apache.catalina.loader.WebappClassLoaderBase.findClassInternal(WebappClassLoaderBase.java:2221)
		at org.apache.catalina.loader.WebappClassLoaderBase.findClassInternal(WebappClassLoaderBase.java:2212)
		at org.apache.catalina.loader.WebappClassLoaderBase.findClass(WebappClassLoaderBase.java:821)
		at org.apache.catalina.loader.WebappClassLoaderBase.loadClass(WebappClassLoaderBase.java:1312)
		at org.apache.catalina.loader.WebappClassLoaderBase.loadClass(WebappClassLoaderBase.java:1160)
		at servlets.ErrorHandlerServlet.service(ErrorHandlerServlet.java:29)
		at javax.servlet.http.HttpServlet.service(HttpServlet.java:623)
		at org.apache.catalina.core.ApplicationFilterChain.internalDoFilter(ApplicationFilterChain.java:197)
		at org.apache.catalina.core.ApplicationFilterChain.doFilter(ApplicationFilterChain.java:142)
		at org.apache.catalina.core.ApplicationDispatcher.invoke(ApplicationDispatcher.java:619)
		at org.apache.catalina.core.ApplicationDispatcher.processRequest(ApplicationDispatcher.java:401)
		at org.apache.catalina.core.ApplicationDispatcher.doForward(ApplicationDispatcher.java:338)
		at org.apache.catalina.core.ApplicationDispatcher.forward(ApplicationDispatcher.java:283)
		at org.apache.catalina.core.StandardHostValve.custom(StandardHostValve.java:392)
		at org.apache.catalina.core.StandardHostValve.status(StandardHostValve.java:220)
		at org.apache.catalina.core.StandardHostValve.invoke(StandardHostValve.java:163)
		at org.apache.catalina.valves.ErrorReportValve.invoke(ErrorReportValve.java:83)
		at org.apache.catalina.valves.AbstractAccessLogValve.invoke(AbstractAccessLogValve.java:643)
		at org.apache.catalina.core.StandardEngineValve.invoke(StandardEngineValve.java:72)
		at org.apache.catalina.connector.CoyoteAdapter.service(CoyoteAdapter.java:344)
		at org.apache.coyote.http11.Http11Processor.service(Http11Processor.java:398)
		at org.apache.coyote.AbstractProcessorLight.process(AbstractProcessorLight.java:63)
		at org.apache.coyote.AbstractProtocol$ConnectionHandler.process(AbstractProtocol.java:939)
		at org.apache.tomcat.util.net.NioEndpoint$SocketProcessor.doRun(NioEndpoint.java:1831)
		at org.apache.tomcat.util.net.SocketProcessorBase.run(SocketProcessorBase.java:52)
		at org.apache.tomcat.util.threads.ThreadPoolExecutor.runWorker(ThreadPoolExecutor.java:973)
		at org.apache.tomcat.util.threads.ThreadPoolExecutor$Worker.run(ThreadPoolExecutor.java:491)
		at org.apache.tomcat.util.threads.TaskThread$WrappingRunnable.run(TaskThread.java:63)
		at java.lang.Thread.run(Thread.java:748)
	Caused by: java.io.FileNotFoundException: C:\apache-tomcat\webapps\onlinebookstore\WEB-INF\lib\checker-qual-3.5.0.jar (The system cannot find the path specified)
		at java.util.zip.ZipFile.open(Native Method)
		at java.util.zip.ZipFile.<init>(ZipFile.java:225)
		at java.util.zip.ZipFile.<init>(ZipFile.java:155)
		at java.util.jar.JarFile.<init>(JarFile.java:166)
		at java.util.jar.JarFile.<init>(JarFile.java:130)
		at org.apache.tomcat.util.compat.JreCompat.jarFileNewInstance(JreCompat.java:338)
		at org.apache.tomcat.util.compat.JreCompat.jarFileNewInstance(JreCompat.java:324)
		at org.apache.catalina.webresources.AbstractArchiveResourceSet.openJarFile(AbstractArchiveResourceSet.java:324)
		at org.apache.catalina.webresources.AbstractSingleArchiveResourceSet.getArchiveEntry(AbstractSingleArchiveResourceSet.java:96)
		... 34 more
12-Jan-2026 22:50:19.717 SEVERE [http-nio-8080-exec-70] org.apache.catalina.core.StandardHostValve.custom Exception Processing [ErrorPage[errorCode=404, location=/error]]
	java.lang.IllegalStateException: java.io.FileNotFoundException: C:\apache-tomcat\webapps\onlinebookstore\WEB-INF\lib\checker-qual-3.5.0.jar (The system cannot find the path specified)
		at org.apache.catalina.webresources.AbstractSingleArchiveResourceSet.getArchiveEntry(AbstractSingleArchiveResourceSet.java:100)
		at org.apache.catalina.webresources.AbstractArchiveResourceSet.getResource(AbstractArchiveResourceSet.java:255)
		at org.apache.catalina.webresources.StandardRoot.getResourceInternal(StandardRoot.java:273)
		at org.apache.catalina.webresources.Cache.getResource(Cache.java:64)
		at org.apache.catalina.webresources.StandardRoot.getResource(StandardRoot.java:212)
		at org.apache.catalina.webresources.StandardRoot.getClassLoaderResource(StandardRoot.java:221)
		at org.apache.catalina.loader.WebappClassLoaderBase.findClassInternal(WebappClassLoaderBase.java:2221)
		at org.apache.catalina.loader.WebappClassLoaderBase.findClassInternal(WebappClassLoaderBase.java:2212)
		at org.apache.catalina.loader.WebappClassLoaderBase.findClass(WebappClassLoaderBase.java:821)
		at org.apache.catalina.loader.WebappClassLoaderBase.loadClass(WebappClassLoaderBase.java:1312)
		at org.apache.catalina.loader.WebappClassLoaderBase.loadClass(WebappClassLoaderBase.java:1160)
		at servlets.ErrorHandlerServlet.service(ErrorHandlerServlet.java:29)
		at javax.servlet.http.HttpServlet.service(HttpServlet.java:623)
		at org.apache.catalina.core.ApplicationFilterChain.internalDoFilter(ApplicationFilterChain.java:197)
		at org.apache.catalina.core.ApplicationFilterChain.doFilter(ApplicationFilterChain.java:142)
		at org.apache.catalina.core.ApplicationDispatcher.invoke(ApplicationDispatcher.java:619)
		at org.apache.catalina.core.ApplicationDispatcher.processRequest(ApplicationDispatcher.java:401)
		at org.apache.catalina.core.ApplicationDispatcher.doForward(ApplicationDispatcher.java:338)
		at org.apache.catalina.core.ApplicationDispatcher.forward(ApplicationDispatcher.java:283)
		at org.apache.catalina.core.StandardHostValve.custom(StandardHostValve.java:392)
		at org.apache.catalina.core.StandardHostValve.status(StandardHostValve.java:220)
		at org.apache.catalina.core.StandardHostValve.invoke(StandardHostValve.java:163)
		at org.apache.catalina.valves.ErrorReportValve.invoke(ErrorReportValve.java:83)
		at org.apache.catalina.valves.AbstractAccessLogValve.invoke(AbstractAccessLogValve.java:643)
		at org.apache.catalina.core.StandardEngineValve.invoke(StandardEngineValve.java:72)
		at org.apache.catalina.connector.CoyoteAdapter.service(CoyoteAdapter.java:344)
		at org.apache.coyote.http11.Http11Processor.service(Http11Processor.java:398)
		at org.apache.coyote.AbstractProcessorLight.process(AbstractProcessorLight.java:63)
		at org.apache.coyote.AbstractProtocol$ConnectionHandler.process(AbstractProtocol.java:939)
		at org.apache.tomcat.util.net.NioEndpoint$SocketProcessor.doRun(NioEndpoint.java:1831)
		at org.apache.tomcat.util.net.SocketProcessorBase.run(SocketProcessorBase.java:52)
		at org.apache.tomcat.util.threads.ThreadPoolExecutor.runWorker(ThreadPoolExecutor.java:973)
		at org.apache.tomcat.util.threads.ThreadPoolExecutor$Worker.run(ThreadPoolExecutor.java:491)
		at org.apache.tomcat.util.threads.TaskThread$WrappingRunnable.run(TaskThread.java:63)
		at java.lang.Thread.run(Thread.java:748)
	Caused by: java.io.FileNotFoundException: C:\apache-tomcat\webapps\onlinebookstore\WEB-INF\lib\checker-qual-3.5.0.jar (The system cannot find the path specified)
		at java.util.zip.ZipFile.open(Native Method)
		at java.util.zip.ZipFile.<init>(ZipFile.java:225)
		at java.util.zip.ZipFile.<init>(ZipFile.java:155)
		at java.util.jar.JarFile.<init>(JarFile.java:166)
		at java.util.jar.JarFile.<init>(JarFile.java:130)
		at org.apache.tomcat.util.compat.JreCompat.jarFileNewInstance(JreCompat.java:338)
		at org.apache.tomcat.util.compat.JreCompat.jarFileNewInstance(JreCompat.java:324)
		at org.apache.catalina.webresources.AbstractArchiveResourceSet.openJarFile(AbstractArchiveResourceSet.java:324)
		at org.apache.catalina.webresources.AbstractSingleArchiveResourceSet.getArchiveEntry(AbstractSingleArchiveResourceSet.java:96)
		... 34 more
12-Jan-2026 22:50:19.886 SEVERE [http-nio-8080-exec-64] org.apache.catalina.core.ApplicationDispatcher.invoke Servlet.service() for servlet [ErrorHandlerServlet] threw exception
	java.lang.IllegalStateException: java.io.FileNotFoundException: C:\apache-tomcat\webapps\onlinebookstore\WEB-INF\lib\checker-qual-3.5.0.jar (The system cannot find the path specified)
		at org.apache.catalina.webresources.AbstractSingleArchiveResourceSet.getArchiveEntry(AbstractSingleArchiveResourceSet.java:100)
		at org.apache.catalina.webresources.AbstractArchiveResourceSet.getResource(AbstractArchiveResourceSet.java:255)
		at org.apache.catalina.webresources.StandardRoot.getResourceInternal(StandardRoot.java:273)
		at org.apache.catalina.webresources.Cache.getResource(Cache.java:64)
		at org.apache.catalina.webresources.StandardRoot.getResource(StandardRoot.java:212)
		at org.apache.catalina.webresources.StandardRoot.getClassLoaderResource(StandardRoot.java:221)
		at org.apache.catalina.loader.WebappClassLoaderBase.findClassInternal(WebappClassLoaderBase.java:2221)
		at org.apache.catalina.loader.WebappClassLoaderBase.findClassInternal(WebappClassLoaderBase.java:2212)
		at org.apache.catalina.loader.WebappClassLoaderBase.findClass(WebappClassLoaderBase.java:821)
		at org.apache.catalina.loader.WebappClassLoaderBase.loadClass(WebappClassLoaderBase.java:1312)
		at org.apache.catalina.loader.WebappClassLoaderBase.loadClass(WebappClassLoaderBase.java:1160)
		at servlets.ErrorHandlerServlet.service(ErrorHandlerServlet.java:29)
		at javax.servlet.http.HttpServlet.service(HttpServlet.java:623)
		at org.apache.catalina.core.ApplicationFilterChain.internalDoFilter(ApplicationFilterChain.java:197)
		at org.apache.catalina.core.ApplicationFilterChain.doFilter(ApplicationFilterChain.java:142)
		at org.apache.catalina.core.ApplicationDispatcher.invoke(ApplicationDispatcher.java:619)
		at org.apache.catalina.core.ApplicationDispatcher.processRequest(ApplicationDispatcher.java:401)
		at org.apache.catalina.core.ApplicationDispatcher.doForward(ApplicationDispatcher.java:338)
		at org.apache.catalina.core.ApplicationDispatcher.forward(ApplicationDispatcher.java:283)
		at org.apache.catalina.core.StandardHostValve.custom(StandardHostValve.java:392)
		at org.apache.catalina.core.StandardHostValve.status(StandardHostValve.java:220)
		at org.apache.catalina.core.StandardHostValve.invoke(StandardHostValve.java:163)
		at org.apache.catalina.valves.ErrorReportValve.invoke(ErrorReportValve.java:83)
		at org.apache.catalina.valves.AbstractAccessLogValve.invoke(AbstractAccessLogValve.java:643)
		at org.apache.catalina.core.StandardEngineValve.invoke(StandardEngineValve.java:72)
		at org.apache.catalina.connector.CoyoteAdapter.service(CoyoteAdapter.java:344)
		at org.apache.coyote.http11.Http11Processor.service(Http11Processor.java:398)
		at org.apache.coyote.AbstractProcessorLight.process(AbstractProcessorLight.java:63)
		at org.apache.coyote.AbstractProtocol$ConnectionHandler.process(AbstractProtocol.java:939)
		at org.apache.tomcat.util.net.NioEndpoint$SocketProcessor.doRun(NioEndpoint.java:1831)
		at org.apache.tomcat.util.net.SocketProcessorBase.run(SocketProcessorBase.java:52)
		at org.apache.tomcat.util.threads.ThreadPoolExecutor.runWorker(ThreadPoolExecutor.java:973)
		at org.apache.tomcat.util.threads.ThreadPoolExecutor$Worker.run(ThreadPoolExecutor.java:491)
		at org.apache.tomcat.util.threads.TaskThread$WrappingRunnable.run(TaskThread.java:63)
		at java.lang.Thread.run(Thread.java:748)
	Caused by: java.io.FileNotFoundException: C:\apache-tomcat\webapps\onlinebookstore\WEB-INF\lib\checker-qual-3.5.0.jar (The system cannot find the path specified)
		at java.util.zip.ZipFile.open(Native Method)
		at java.util.zip.ZipFile.<init>(ZipFile.java:225)
		at java.util.zip.ZipFile.<init>(ZipFile.java:155)
		at java.util.jar.JarFile.<init>(JarFile.java:166)
		at java.util.jar.JarFile.<init>(JarFile.java:130)
		at org.apache.tomcat.util.compat.JreCompat.jarFileNewInstance(JreCompat.java:338)
		at org.apache.tomcat.util.compat.JreCompat.jarFileNewInstance(JreCompat.java:324)
		at org.apache.catalina.webresources.AbstractArchiveResourceSet.openJarFile(AbstractArchiveResourceSet.java:324)
		at org.apache.catalina.webresources.AbstractSingleArchiveResourceSet.getArchiveEntry(AbstractSingleArchiveResourceSet.java:96)
		... 34 more
12-Jan-2026 22:50:19.890 SEVERE [http-nio-8080-exec-64] org.apache.catalina.core.StandardHostValve.custom Exception Processing [ErrorPage[errorCode=404, location=/error]]
	java.lang.IllegalStateException: java.io.FileNotFoundException: C:\apache-tomcat\webapps\onlinebookstore\WEB-INF\lib\checker-qual-3.5.0.jar (The system cannot find the path specified)
		at org.apache.catalina.webresources.AbstractSingleArchiveResourceSet.getArchiveEntry(AbstractSingleArchiveResourceSet.java:100)
		at org.apache.catalina.webresources.AbstractArchiveResourceSet.getResource(AbstractArchiveResourceSet.java:255)
		at org.apache.catalina.webresources.StandardRoot.getResourceInternal(StandardRoot.java:273)
		at org.apache.catalina.webresources.Cache.getResource(Cache.java:64)
		at org.apache.catalina.webresources.StandardRoot.getResource(StandardRoot.java:212)
		at org.apache.catalina.webresources.StandardRoot.getClassLoaderResource(StandardRoot.java:221)
		at org.apache.catalina.loader.WebappClassLoaderBase.findClassInternal(WebappClassLoaderBase.java:2221)
		at org.apache.catalina.loader.WebappClassLoaderBase.findClassInternal(WebappClassLoaderBase.java:2212)
		at org.apache.catalina.loader.WebappClassLoaderBase.findClass(WebappClassLoaderBase.java:821)
		at org.apache.catalina.loader.WebappClassLoaderBase.loadClass(WebappClassLoaderBase.java:1312)
		at org.apache.catalina.loader.WebappClassLoaderBase.loadClass(WebappClassLoaderBase.java:1160)
		at servlets.ErrorHandlerServlet.service(ErrorHandlerServlet.java:29)
		at javax.servlet.http.HttpServlet.service(HttpServlet.java:623)
		at org.apache.catalina.core.ApplicationFilterChain.internalDoFilter(ApplicationFilterChain.java:197)
		at org.apache.catalina.core.ApplicationFilterChain.doFilter(ApplicationFilterChain.java:142)
		at org.apache.catalina.core.ApplicationDispatcher.invoke(ApplicationDispatcher.java:619)
		at org.apache.catalina.core.ApplicationDispatcher.processRequest(ApplicationDispatcher.java:401)
		at org.apache.catalina.core.ApplicationDispatcher.doForward(ApplicationDispatcher.java:338)
		at org.apache.catalina.core.ApplicationDispatcher.forward(ApplicationDispatcher.java:283)
		at org.apache.catalina.core.StandardHostValve.custom(StandardHostValve.java:392)
		at org.apache.catalina.core.StandardHostValve.status(StandardHostValve.java:220)
		at org.apache.catalina.core.StandardHostValve.invoke(StandardHostValve.java:163)
		at org.apache.catalina.valves.ErrorReportValve.invoke(ErrorReportValve.java:83)
		at org.apache.catalina.valves.AbstractAccessLogValve.invoke(AbstractAccessLogValve.java:643)
		at org.apache.catalina.core.StandardEngineValve.invoke(StandardEngineValve.java:72)
		at org.apache.catalina.connector.CoyoteAdapter.service(CoyoteAdapter.java:344)
		at org.apache.coyote.http11.Http11Processor.service(Http11Processor.java:398)
		at org.apache.coyote.AbstractProcessorLight.process(AbstractProcessorLight.java:63)
		at org.apache.coyote.AbstractProtocol$ConnectionHandler.process(AbstractProtocol.java:939)
		at org.apache.tomcat.util.net.NioEndpoint$SocketProcessor.doRun(NioEndpoint.java:1831)
		at org.apache.tomcat.util.net.SocketProcessorBase.run(SocketProcessorBase.java:52)
		at org.apache.tomcat.util.threads.ThreadPoolExecutor.runWorker(ThreadPoolExecutor.java:973)
		at org.apache.tomcat.util.threads.ThreadPoolExecutor$Worker.run(ThreadPoolExecutor.java:491)
		at org.apache.tomcat.util.threads.TaskThread$WrappingRunnable.run(TaskThread.java:63)
		at java.lang.Thread.run(Thread.java:748)
	Caused by: java.io.FileNotFoundException: C:\apache-tomcat\webapps\onlinebookstore\WEB-INF\lib\checker-qual-3.5.0.jar (The system cannot find the path specified)
		at java.util.zip.ZipFile.open(Native Method)
		at java.util.zip.ZipFile.<init>(ZipFile.java:225)
		at java.util.zip.ZipFile.<init>(ZipFile.java:155)
		at java.util.jar.JarFile.<init>(JarFile.java:166)
		at java.util.jar.JarFile.<init>(JarFile.java:130)
		at org.apache.tomcat.util.compat.JreCompat.jarFileNewInstance(JreCompat.java:338)
		at org.apache.tomcat.util.compat.JreCompat.jarFileNewInstance(JreCompat.java:324)
		at org.apache.catalina.webresources.AbstractArchiveResourceSet.openJarFile(AbstractArchiveResourceSet.java:324)
		at org.apache.catalina.webresources.AbstractSingleArchiveResourceSet.getArchiveEntry(AbstractSingleArchiveResourceSet.java:96)
		... 34 more
12-Jan-2026 22:50:20.060 SEVERE [http-nio-8080-exec-65] org.apache.catalina.core.ApplicationDispatcher.invoke Servlet.service() for servlet [ErrorHandlerServlet] threw exception
	java.lang.IllegalStateException: java.io.FileNotFoundException: C:\apache-tomcat\webapps\onlinebookstore\WEB-INF\lib\checker-qual-3.5.0.jar (The system cannot find the path specified)
		at org.apache.catalina.webresources.AbstractSingleArchiveResourceSet.getArchiveEntry(AbstractSingleArchiveResourceSet.java:100)
		at org.apache.catalina.webresources.AbstractArchiveResourceSet.getResource(AbstractArchiveResourceSet.java:255)
		at org.apache.catalina.webresources.StandardRoot.getResourceInternal(StandardRoot.java:273)
		at org.apache.catalina.webresources.Cache.getResource(Cache.java:64)
		at org.apache.catalina.webresources.StandardRoot.getResource(StandardRoot.java:212)
		at org.apache.catalina.webresources.StandardRoot.getClassLoaderResource(StandardRoot.java:221)
		at org.apache.catalina.loader.WebappClassLoaderBase.findClassInternal(WebappClassLoaderBase.java:2221)
		at org.apache.catalina.loader.WebappClassLoaderBase.findClassInternal(WebappClassLoaderBase.java:2212)
		at org.apache.catalina.loader.WebappClassLoaderBase.findClass(WebappClassLoaderBase.java:821)
		at org.apache.catalina.loader.WebappClassLoaderBase.loadClass(WebappClassLoaderBase.java:1312)
		at org.apache.catalina.loader.WebappClassLoaderBase.loadClass(WebappClassLoaderBase.java:1160)
		at servlets.ErrorHandlerServlet.service(ErrorHandlerServlet.java:29)
		at javax.servlet.http.HttpServlet.service(HttpServlet.java:623)
		at org.apache.catalina.core.ApplicationFilterChain.internalDoFilter(ApplicationFilterChain.java:197)
		at org.apache.catalina.core.ApplicationFilterChain.doFilter(ApplicationFilterChain.java:142)
		at org.apache.catalina.core.ApplicationDispatcher.invoke(ApplicationDispatcher.java:619)
		at org.apache.catalina.core.ApplicationDispatcher.processRequest(ApplicationDispatcher.java:401)
		at org.apache.catalina.core.ApplicationDispatcher.doForward(ApplicationDispatcher.java:338)
		at org.apache.catalina.core.ApplicationDispatcher.forward(ApplicationDispatcher.java:283)
		at org.apache.catalina.core.StandardHostValve.custom(StandardHostValve.java:392)
		at org.apache.catalina.core.StandardHostValve.status(StandardHostValve.java:220)
		at org.apache.catalina.core.StandardHostValve.invoke(StandardHostValve.java:163)
		at org.apache.catalina.valves.ErrorReportValve.invoke(ErrorReportValve.java:83)
		at org.apache.catalina.valves.AbstractAccessLogValve.invoke(AbstractAccessLogValve.java:643)
		at org.apache.catalina.core.StandardEngineValve.invoke(StandardEngineValve.java:72)
		at org.apache.catalina.connector.CoyoteAdapter.service(CoyoteAdapter.java:344)
		at org.apache.coyote.http11.Http11Processor.service(Http11Processor.java:398)
		at org.apache.coyote.AbstractProcessorLight.process(AbstractProcessorLight.java:63)
		at org.apache.coyote.AbstractProtocol$ConnectionHandler.process(AbstractProtocol.java:939)
		at org.apache.tomcat.util.net.NioEndpoint$SocketProcessor.doRun(NioEndpoint.java:1831)
		at org.apache.tomcat.util.net.SocketProcessorBase.run(SocketProcessorBase.java:52)
		at org.apache.tomcat.util.threads.ThreadPoolExecutor.runWorker(ThreadPoolExecutor.java:973)
		at org.apache.tomcat.util.threads.ThreadPoolExecutor$Worker.run(ThreadPoolExecutor.java:491)
		at org.apache.tomcat.util.threads.TaskThread$WrappingRunnable.run(TaskThread.java:63)
		at java.lang.Thread.run(Thread.java:748)
	Caused by: java.io.FileNotFoundException: C:\apache-tomcat\webapps\onlinebookstore\WEB-INF\lib\checker-qual-3.5.0.jar (The system cannot find the path specified)
		at java.util.zip.ZipFile.open(Native Method)
		at java.util.zip.ZipFile.<init>(ZipFile.java:225)
		at java.util.zip.ZipFile.<init>(ZipFile.java:155)
		at java.util.jar.JarFile.<init>(JarFile.java:166)
		at java.util.jar.JarFile.<init>(JarFile.java:130)
		at org.apache.tomcat.util.compat.JreCompat.jarFileNewInstance(JreCompat.java:338)
		at org.apache.tomcat.util.compat.JreCompat.jarFileNewInstance(JreCompat.java:324)
		at org.apache.catalina.webresources.AbstractArchiveResourceSet.openJarFile(AbstractArchiveResourceSet.java:324)
		at org.apache.catalina.webresources.AbstractSingleArchiveResourceSet.getArchiveEntry(AbstractSingleArchiveResourceSet.java:96)
		... 34 more
12-Jan-2026 22:50:20.060 SEVERE [http-nio-8080-exec-65] org.apache.catalina.core.StandardHostValve.custom Exception Processing [ErrorPage[errorCode=404, location=/error]]
	java.lang.IllegalStateException: java.io.FileNotFoundException: C:\apache-tomcat\webapps\onlinebookstore\WEB-INF\lib\checker-qual-3.5.0.jar (The system cannot find the path specified)
		at org.apache.catalina.webresources.AbstractSingleArchiveResourceSet.getArchiveEntry(AbstractSingleArchiveResourceSet.java:100)
		at org.apache.catalina.webresources.AbstractArchiveResourceSet.getResource(AbstractArchiveResourceSet.java:255)
		at org.apache.catalina.webresources.StandardRoot.getResourceInternal(StandardRoot.java:273)
		at org.apache.catalina.webresources.Cache.getResource(Cache.java:64)
		at org.apache.catalina.webresources.StandardRoot.getResource(StandardRoot.java:212)
		at org.apache.catalina.webresources.StandardRoot.getClassLoaderResource(StandardRoot.java:221)
		at org.apache.catalina.loader.WebappClassLoaderBase.findClassInternal(WebappClassLoaderBase.java:2221)
		at org.apache.catalina.loader.WebappClassLoaderBase.findClassInternal(WebappClassLoaderBase.java:2212)
		at org.apache.catalina.loader.WebappClassLoaderBase.findClass(WebappClassLoaderBase.java:821)
		at org.apache.catalina.loader.WebappClassLoaderBase.loadClass(WebappClassLoaderBase.java:1312)
		at org.apache.catalina.loader.WebappClassLoaderBase.loadClass(WebappClassLoaderBase.java:1160)
		at servlets.ErrorHandlerServlet.service(ErrorHandlerServlet.java:29)
		at javax.servlet.http.HttpServlet.service(HttpServlet.java:623)
		at org.apache.catalina.core.ApplicationFilterChain.internalDoFilter(ApplicationFilterChain.java:197)
		at org.apache.catalina.core.ApplicationFilterChain.doFilter(ApplicationFilterChain.java:142)
		at org.apache.catalina.core.ApplicationDispatcher.invoke(ApplicationDispatcher.java:619)
		at org.apache.catalina.core.ApplicationDispatcher.processRequest(ApplicationDispatcher.java:401)
		at org.apache.catalina.core.ApplicationDispatcher.doForward(ApplicationDispatcher.java:338)
		at org.apache.catalina.core.ApplicationDispatcher.forward(ApplicationDispatcher.java:283)
		at org.apache.catalina.core.StandardHostValve.custom(StandardHostValve.java:392)
		at org.apache.catalina.core.StandardHostValve.status(StandardHostValve.java:220)
		at org.apache.catalina.core.StandardHostValve.invoke(StandardHostValve.java:163)
		at org.apache.catalina.valves.ErrorReportValve.invoke(ErrorReportValve.java:83)
		at org.apache.catalina.valves.AbstractAccessLogValve.invoke(AbstractAccessLogValve.java:643)
		at org.apache.catalina.core.StandardEngineValve.invoke(StandardEngineValve.java:72)
		at org.apache.catalina.connector.CoyoteAdapter.service(CoyoteAdapter.java:344)
		at org.apache.coyote.http11.Http11Processor.service(Http11Processor.java:398)
		at org.apache.coyote.AbstractProcessorLight.process(AbstractProcessorLight.java:63)
		at org.apache.coyote.AbstractProtocol$ConnectionHandler.process(AbstractProtocol.java:939)
		at org.apache.tomcat.util.net.NioEndpoint$SocketProcessor.doRun(NioEndpoint.java:1831)
		at org.apache.tomcat.util.net.SocketProcessorBase.run(SocketProcessorBase.java:52)
		at org.apache.tomcat.util.threads.ThreadPoolExecutor.runWorker(ThreadPoolExecutor.java:973)
		at org.apache.tomcat.util.threads.ThreadPoolExecutor$Worker.run(ThreadPoolExecutor.java:491)
		at org.apache.tomcat.util.threads.TaskThread$WrappingRunnable.run(TaskThread.java:63)
		at java.lang.Thread.run(Thread.java:748)
	Caused by: java.io.FileNotFoundException: C:\apache-tomcat\webapps\onlinebookstore\WEB-INF\lib\checker-qual-3.5.0.jar (The system cannot find the path specified)
		at java.util.zip.ZipFile.open(Native Method)
		at java.util.zip.ZipFile.<init>(ZipFile.java:225)
		at java.util.zip.ZipFile.<init>(ZipFile.java:155)
		at java.util.jar.JarFile.<init>(JarFile.java:166)
		at java.util.jar.JarFile.<init>(JarFile.java:130)
		at org.apache.tomcat.util.compat.JreCompat.jarFileNewInstance(JreCompat.java:338)
		at org.apache.tomcat.util.compat.JreCompat.jarFileNewInstance(JreCompat.java:324)
		at org.apache.catalina.webresources.AbstractArchiveResourceSet.openJarFile(AbstractArchiveResourceSet.java:324)
		at org.apache.catalina.webresources.AbstractSingleArchiveResourceSet.getArchiveEntry(AbstractSingleArchiveResourceSet.java:96)
		... 34 more
12-Jan-2026 22:50:20.200 SEVERE [http-nio-8080-exec-66] org.apache.catalina.core.ApplicationDispatcher.invoke Servlet.service() for servlet [ErrorHandlerServlet] threw exception
	java.lang.IllegalStateException: java.io.FileNotFoundException: C:\apache-tomcat\webapps\onlinebookstore\WEB-INF\lib\checker-qual-3.5.0.jar (The system cannot find the path specified)
		at org.apache.catalina.webresources.AbstractSingleArchiveResourceSet.getArchiveEntry(AbstractSingleArchiveResourceSet.java:100)
		at org.apache.catalina.webresources.AbstractArchiveResourceSet.getResource(AbstractArchiveResourceSet.java:255)
		at org.apache.catalina.webresources.StandardRoot.getResourceInternal(StandardRoot.java:273)
		at org.apache.catalina.webresources.Cache.getResource(Cache.java:64)
		at org.apache.catalina.webresources.StandardRoot.getResource(StandardRoot.java:212)
		at org.apache.catalina.webresources.StandardRoot.getClassLoaderResource(StandardRoot.java:221)
		at org.apache.catalina.loader.WebappClassLoaderBase.findClassInternal(WebappClassLoaderBase.java:2221)
		at org.apache.catalina.loader.WebappClassLoaderBase.findClassInternal(WebappClassLoaderBase.java:2212)
		at org.apache.catalina.loader.WebappClassLoaderBase.findClass(WebappClassLoaderBase.java:821)
		at org.apache.catalina.loader.WebappClassLoaderBase.loadClass(WebappClassLoaderBase.java:1312)
		at org.apache.catalina.loader.WebappClassLoaderBase.loadClass(WebappClassLoaderBase.java:1160)
		at servlets.ErrorHandlerServlet.service(ErrorHandlerServlet.java:29)
		at javax.servlet.http.HttpServlet.service(HttpServlet.java:623)
		at org.apache.catalina.core.ApplicationFilterChain.internalDoFilter(ApplicationFilterChain.java:197)
		at org.apache.catalina.core.ApplicationFilterChain.doFilter(ApplicationFilterChain.java:142)
		at org.apache.catalina.core.ApplicationDispatcher.invoke(ApplicationDispatcher.java:619)
		at org.apache.catalina.core.ApplicationDispatcher.processRequest(ApplicationDispatcher.java:401)
		at org.apache.catalina.core.ApplicationDispatcher.doForward(ApplicationDispatcher.java:338)
		at org.apache.catalina.core.ApplicationDispatcher.forward(ApplicationDispatcher.java:283)
		at org.apache.catalina.core.StandardHostValve.custom(StandardHostValve.java:392)
		at org.apache.catalina.core.StandardHostValve.status(StandardHostValve.java:220)
		at org.apache.catalina.core.StandardHostValve.invoke(StandardHostValve.java:163)
		at org.apache.catalina.valves.ErrorReportValve.invoke(ErrorReportValve.java:83)
		at org.apache.catalina.valves.AbstractAccessLogValve.invoke(AbstractAccessLogValve.java:643)
		at org.apache.catalina.core.StandardEngineValve.invoke(StandardEngineValve.java:72)
		at org.apache.catalina.connector.CoyoteAdapter.service(CoyoteAdapter.java:344)
		at org.apache.coyote.http11.Http11Processor.service(Http11Processor.java:398)
		at org.apache.coyote.AbstractProcessorLight.process(AbstractProcessorLight.java:63)
		at org.apache.coyote.AbstractProtocol$ConnectionHandler.process(AbstractProtocol.java:939)
		at org.apache.tomcat.util.net.NioEndpoint$SocketProcessor.doRun(NioEndpoint.java:1831)
		at org.apache.tomcat.util.net.SocketProcessorBase.run(SocketProcessorBase.java:52)
		at org.apache.tomcat.util.threads.ThreadPoolExecutor.runWorker(ThreadPoolExecutor.java:973)
		at org.apache.tomcat.util.threads.ThreadPoolExecutor$Worker.run(ThreadPoolExecutor.java:491)
		at org.apache.tomcat.util.threads.TaskThread$WrappingRunnable.run(TaskThread.java:63)
		at java.lang.Thread.run(Thread.java:748)
	Caused by: java.io.FileNotFoundException: C:\apache-tomcat\webapps\onlinebookstore\WEB-INF\lib\checker-qual-3.5.0.jar (The system cannot find the path specified)
		at java.util.zip.ZipFile.open(Native Method)
		at java.util.zip.ZipFile.<init>(ZipFile.java:225)
		at java.util.zip.ZipFile.<init>(ZipFile.java:155)
		at java.util.jar.JarFile.<init>(JarFile.java:166)
		at java.util.jar.JarFile.<init>(JarFile.java:130)
		at org.apache.tomcat.util.compat.JreCompat.jarFileNewInstance(JreCompat.java:338)
		at org.apache.tomcat.util.compat.JreCompat.jarFileNewInstance(JreCompat.java:324)
		at org.apache.catalina.webresources.AbstractArchiveResourceSet.openJarFile(AbstractArchiveResourceSet.java:324)
		at org.apache.catalina.webresources.AbstractSingleArchiveResourceSet.getArchiveEntry(AbstractSingleArchiveResourceSet.java:96)
		... 34 more
12-Jan-2026 22:50:20.200 SEVERE [http-nio-8080-exec-66] org.apache.catalina.core.StandardHostValve.custom Exception Processing [ErrorPage[errorCode=404, location=/error]]
	java.lang.IllegalStateException: java.io.FileNotFoundException: C:\apache-tomcat\webapps\onlinebookstore\WEB-INF\lib\checker-qual-3.5.0.jar (The system cannot find the path specified)
		at org.apache.catalina.webresources.AbstractSingleArchiveResourceSet.getArchiveEntry(AbstractSingleArchiveResourceSet.java:100)
		at org.apache.catalina.webresources.AbstractArchiveResourceSet.getResource(AbstractArchiveResourceSet.java:255)
		at org.apache.catalina.webresources.StandardRoot.getResourceInternal(StandardRoot.java:273)
		at org.apache.catalina.webresources.Cache.getResource(Cache.java:64)
		at org.apache.catalina.webresources.StandardRoot.getResource(StandardRoot.java:212)
		at org.apache.catalina.webresources.StandardRoot.getClassLoaderResource(StandardRoot.java:221)
		at org.apache.catalina.loader.WebappClassLoaderBase.findClassInternal(WebappClassLoaderBase.java:2221)
		at org.apache.catalina.loader.WebappClassLoaderBase.findClassInternal(WebappClassLoaderBase.java:2212)
		at org.apache.catalina.loader.WebappClassLoaderBase.findClass(WebappClassLoaderBase.java:821)
		at org.apache.catalina.loader.WebappClassLoaderBase.loadClass(WebappClassLoaderBase.java:1312)
		at org.apache.catalina.loader.WebappClassLoaderBase.loadClass(WebappClassLoaderBase.java:1160)
		at servlets.ErrorHandlerServlet.service(ErrorHandlerServlet.java:29)
		at javax.servlet.http.HttpServlet.service(HttpServlet.java:623)
		at org.apache.catalina.core.ApplicationFilterChain.internalDoFilter(ApplicationFilterChain.java:197)
		at org.apache.catalina.core.ApplicationFilterChain.doFilter(ApplicationFilterChain.java:142)
		at org.apache.catalina.core.ApplicationDispatcher.invoke(ApplicationDispatcher.java:619)
		at org.apache.catalina.core.ApplicationDispatcher.processRequest(ApplicationDispatcher.java:401)
		at org.apache.catalina.core.ApplicationDispatcher.doForward(ApplicationDispatcher.java:338)
		at org.apache.catalina.core.ApplicationDispatcher.forward(ApplicationDispatcher.java:283)
		at org.apache.catalina.core.StandardHostValve.custom(StandardHostValve.java:392)
		at org.apache.catalina.core.StandardHostValve.status(StandardHostValve.java:220)
		at org.apache.catalina.core.StandardHostValve.invoke(StandardHostValve.java:163)
		at org.apache.catalina.valves.ErrorReportValve.invoke(ErrorReportValve.java:83)
		at org.apache.catalina.valves.AbstractAccessLogValve.invoke(AbstractAccessLogValve.java:643)
		at org.apache.catalina.core.StandardEngineValve.invoke(StandardEngineValve.java:72)
		at org.apache.catalina.connector.CoyoteAdapter.service(CoyoteAdapter.java:344)
		at org.apache.coyote.http11.Http11Processor.service(Http11Processor.java:398)
		at org.apache.coyote.AbstractProcessorLight.process(AbstractProcessorLight.java:63)
		at org.apache.coyote.AbstractProtocol$ConnectionHandler.process(AbstractProtocol.java:939)
		at org.apache.tomcat.util.net.NioEndpoint$SocketProcessor.doRun(NioEndpoint.java:1831)
		at org.apache.tomcat.util.net.SocketProcessorBase.run(SocketProcessorBase.java:52)
		at org.apache.tomcat.util.threads.ThreadPoolExecutor.runWorker(ThreadPoolExecutor.java:973)
		at org.apache.tomcat.util.threads.ThreadPoolExecutor$Worker.run(ThreadPoolExecutor.java:491)
		at org.apache.tomcat.util.threads.TaskThread$WrappingRunnable.run(TaskThread.java:63)
		at java.lang.Thread.run(Thread.java:748)
	Caused by: java.io.FileNotFoundException: C:\apache-tomcat\webapps\onlinebookstore\WEB-INF\lib\checker-qual-3.5.0.jar (The system cannot find the path specified)
		at java.util.zip.ZipFile.open(Native Method)
		at java.util.zip.ZipFile.<init>(ZipFile.java:225)
		at java.util.zip.ZipFile.<init>(ZipFile.java:155)
		at java.util.jar.JarFile.<init>(JarFile.java:166)
		at java.util.jar.JarFile.<init>(JarFile.java:130)
		at org.apache.tomcat.util.compat.JreCompat.jarFileNewInstance(JreCompat.java:338)
		at org.apache.tomcat.util.compat.JreCompat.jarFileNewInstance(JreCompat.java:324)
		at org.apache.catalina.webresources.AbstractArchiveResourceSet.openJarFile(AbstractArchiveResourceSet.java:324)
		at org.apache.catalina.webresources.AbstractSingleArchiveResourceSet.getArchiveEntry(AbstractSingleArchiveResourceSet.java:96)
		... 34 more
12-Jan-2026 22:50:20.374 SEVERE [http-nio-8080-exec-67] org.apache.catalina.core.ApplicationDispatcher.invoke Servlet.service() for servlet [ErrorHandlerServlet] threw exception
	java.lang.IllegalStateException: java.io.FileNotFoundException: C:\apache-tomcat\webapps\onlinebookstore\WEB-INF\lib\checker-qual-3.5.0.jar (The system cannot find the path specified)
		at org.apache.catalina.webresources.AbstractSingleArchiveResourceSet.getArchiveEntry(AbstractSingleArchiveResourceSet.java:100)
		at org.apache.catalina.webresources.AbstractArchiveResourceSet.getResource(AbstractArchiveResourceSet.java:255)
		at org.apache.catalina.webresources.StandardRoot.getResourceInternal(StandardRoot.java:273)
		at org.apache.catalina.webresources.Cache.getResource(Cache.java:64)
		at org.apache.catalina.webresources.StandardRoot.getResource(StandardRoot.java:212)
		at org.apache.catalina.webresources.StandardRoot.getClassLoaderResource(StandardRoot.java:221)
		at org.apache.catalina.loader.WebappClassLoaderBase.findClassInternal(WebappClassLoaderBase.java:2221)
		at org.apache.catalina.loader.WebappClassLoaderBase.findClassInternal(WebappClassLoaderBase.java:2212)
		at org.apache.catalina.loader.WebappClassLoaderBase.findClass(WebappClassLoaderBase.java:821)
		at org.apache.catalina.loader.WebappClassLoaderBase.loadClass(WebappClassLoaderBase.java:1312)
		at org.apache.catalina.loader.WebappClassLoaderBase.loadClass(WebappClassLoaderBase.java:1160)
		at servlets.ErrorHandlerServlet.service(ErrorHandlerServlet.java:29)
		at javax.servlet.http.HttpServlet.service(HttpServlet.java:623)
		at org.apache.catalina.core.ApplicationFilterChain.internalDoFilter(ApplicationFilterChain.java:197)
		at org.apache.catalina.core.ApplicationFilterChain.doFilter(ApplicationFilterChain.java:142)
		at org.apache.catalina.core.ApplicationDispatcher.invoke(ApplicationDispatcher.java:619)
		at org.apache.catalina.core.ApplicationDispatcher.processRequest(ApplicationDispatcher.java:401)
		at org.apache.catalina.core.ApplicationDispatcher.doForward(ApplicationDispatcher.java:338)
		at org.apache.catalina.core.ApplicationDispatcher.forward(ApplicationDispatcher.java:283)
		at org.apache.catalina.core.StandardHostValve.custom(StandardHostValve.java:392)
		at org.apache.catalina.core.StandardHostValve.status(StandardHostValve.java:220)
		at org.apache.catalina.core.StandardHostValve.invoke(StandardHostValve.java:163)
		at org.apache.catalina.valves.ErrorReportValve.invoke(ErrorReportValve.java:83)
		at org.apache.catalina.valves.AbstractAccessLogValve.invoke(AbstractAccessLogValve.java:643)
		at org.apache.catalina.core.StandardEngineValve.invoke(StandardEngineValve.java:72)
		at org.apache.catalina.connector.CoyoteAdapter.service(CoyoteAdapter.java:344)
		at org.apache.coyote.http11.Http11Processor.service(Http11Processor.java:398)
		at org.apache.coyote.AbstractProcessorLight.process(AbstractProcessorLight.java:63)
		at org.apache.coyote.AbstractProtocol$ConnectionHandler.process(AbstractProtocol.java:939)
		at org.apache.tomcat.util.net.NioEndpoint$SocketProcessor.doRun(NioEndpoint.java:1831)
		at org.apache.tomcat.util.net.SocketProcessorBase.run(SocketProcessorBase.java:52)
		at org.apache.tomcat.util.threads.ThreadPoolExecutor.runWorker(ThreadPoolExecutor.java:973)
		at org.apache.tomcat.util.threads.ThreadPoolExecutor$Worker.run(ThreadPoolExecutor.java:491)
		at org.apache.tomcat.util.threads.TaskThread$WrappingRunnable.run(TaskThread.java:63)
		at java.lang.Thread.run(Thread.java:748)
	Caused by: java.io.FileNotFoundException: C:\apache-tomcat\webapps\onlinebookstore\WEB-INF\lib\checker-qual-3.5.0.jar (The system cannot find the path specified)
		at java.util.zip.ZipFile.open(Native Method)
		at java.util.zip.ZipFile.<init>(ZipFile.java:225)
		at java.util.zip.ZipFile.<init>(ZipFile.java:155)
		at java.util.jar.JarFile.<init>(JarFile.java:166)
		at java.util.jar.JarFile.<init>(JarFile.java:130)
		at org.apache.tomcat.util.compat.JreCompat.jarFileNewInstance(JreCompat.java:338)
		at org.apache.tomcat.util.compat.JreCompat.jarFileNewInstance(JreCompat.java:324)
		at org.apache.catalina.webresources.AbstractArchiveResourceSet.openJarFile(AbstractArchiveResourceSet.java:324)
		at org.apache.catalina.webresources.AbstractSingleArchiveResourceSet.getArchiveEntry(AbstractSingleArchiveResourceSet.java:96)
		... 34 more
12-Jan-2026 22:50:20.374 SEVERE [http-nio-8080-exec-67] org.apache.catalina.core.StandardHostValve.custom Exception Processing [ErrorPage[errorCode=404, location=/error]]
	java.lang.IllegalStateException: java.io.FileNotFoundException: C:\apache-tomcat\webapps\onlinebookstore\WEB-INF\lib\checker-qual-3.5.0.jar (The system cannot find the path specified)
		at org.apache.catalina.webresources.AbstractSingleArchiveResourceSet.getArchiveEntry(AbstractSingleArchiveResourceSet.java:100)
		at org.apache.catalina.webresources.AbstractArchiveResourceSet.getResource(AbstractArchiveResourceSet.java:255)
		at org.apache.catalina.webresources.StandardRoot.getResourceInternal(StandardRoot.java:273)
		at org.apache.catalina.webresources.Cache.getResource(Cache.java:64)
		at org.apache.catalina.webresources.StandardRoot.getResource(StandardRoot.java:212)
		at org.apache.catalina.webresources.StandardRoot.getClassLoaderResource(StandardRoot.java:221)
		at org.apache.catalina.loader.WebappClassLoaderBase.findClassInternal(WebappClassLoaderBase.java:2221)
		at org.apache.catalina.loader.WebappClassLoaderBase.findClassInternal(WebappClassLoaderBase.java:2212)
		at org.apache.catalina.loader.WebappClassLoaderBase.findClass(WebappClassLoaderBase.java:821)
		at org.apache.catalina.loader.WebappClassLoaderBase.loadClass(WebappClassLoaderBase.java:1312)
		at org.apache.catalina.loader.WebappClassLoaderBase.loadClass(WebappClassLoaderBase.java:1160)
		at servlets.ErrorHandlerServlet.service(ErrorHandlerServlet.java:29)
		at javax.servlet.http.HttpServlet.service(HttpServlet.java:623)
		at org.apache.catalina.core.ApplicationFilterChain.internalDoFilter(ApplicationFilterChain.java:197)
		at org.apache.catalina.core.ApplicationFilterChain.doFilter(ApplicationFilterChain.java:142)
		at org.apache.catalina.core.ApplicationDispatcher.invoke(ApplicationDispatcher.java:619)
		at org.apache.catalina.core.ApplicationDispatcher.processRequest(ApplicationDispatcher.java:401)
		at org.apache.catalina.core.ApplicationDispatcher.doForward(ApplicationDispatcher.java:338)
		at org.apache.catalina.core.ApplicationDispatcher.forward(ApplicationDispatcher.java:283)
		at org.apache.catalina.core.StandardHostValve.custom(StandardHostValve.java:392)
		at org.apache.catalina.core.StandardHostValve.status(StandardHostValve.java:220)
		at org.apache.catalina.core.StandardHostValve.invoke(StandardHostValve.java:163)
		at org.apache.catalina.valves.ErrorReportValve.invoke(ErrorReportValve.java:83)
		at org.apache.catalina.valves.AbstractAccessLogValve.invoke(AbstractAccessLogValve.java:643)
		at org.apache.catalina.core.StandardEngineValve.invoke(StandardEngineValve.java:72)
		at org.apache.catalina.connector.CoyoteAdapter.service(CoyoteAdapter.java:344)
		at org.apache.coyote.http11.Http11Processor.service(Http11Processor.java:398)
		at org.apache.coyote.AbstractProcessorLight.process(AbstractProcessorLight.java:63)
		at org.apache.coyote.AbstractProtocol$ConnectionHandler.process(AbstractProtocol.java:939)
		at org.apache.tomcat.util.net.NioEndpoint$SocketProcessor.doRun(NioEndpoint.java:1831)
		at org.apache.tomcat.util.net.SocketProcessorBase.run(SocketProcessorBase.java:52)
		at org.apache.tomcat.util.threads.ThreadPoolExecutor.runWorker(ThreadPoolExecutor.java:973)
		at org.apache.tomcat.util.threads.ThreadPoolExecutor$Worker.run(ThreadPoolExecutor.java:491)
		at org.apache.tomcat.util.threads.TaskThread$WrappingRunnable.run(TaskThread.java:63)
		at java.lang.Thread.run(Thread.java:748)
	Caused by: java.io.FileNotFoundException: C:\apache-tomcat\webapps\onlinebookstore\WEB-INF\lib\checker-qual-3.5.0.jar (The system cannot find the path specified)
		at java.util.zip.ZipFile.open(Native Method)
		at java.util.zip.ZipFile.<init>(ZipFile.java:225)
		at java.util.zip.ZipFile.<init>(ZipFile.java:155)
		at java.util.jar.JarFile.<init>(JarFile.java:166)
		at java.util.jar.JarFile.<init>(JarFile.java:130)
		at org.apache.tomcat.util.compat.JreCompat.jarFileNewInstance(JreCompat.java:338)
		at org.apache.tomcat.util.compat.JreCompat.jarFileNewInstance(JreCompat.java:324)
		at org.apache.catalina.webresources.AbstractArchiveResourceSet.openJarFile(AbstractArchiveResourceSet.java:324)
		at org.apache.catalina.webresources.AbstractSingleArchiveResourceSet.getArchiveEntry(AbstractSingleArchiveResourceSet.java:96)
		... 34 more
12-Jan-2026 22:50:20.542 SEVERE [http-nio-8080-exec-62] org.apache.catalina.core.ApplicationDispatcher.invoke Servlet.service() for servlet [ErrorHandlerServlet] threw exception
	java.lang.IllegalStateException: java.io.FileNotFoundException: C:\apache-tomcat\webapps\onlinebookstore\WEB-INF\lib\checker-qual-3.5.0.jar (The system cannot find the path specified)
		at org.apache.catalina.webresources.AbstractSingleArchiveResourceSet.getArchiveEntry(AbstractSingleArchiveResourceSet.java:100)
		at org.apache.catalina.webresources.AbstractArchiveResourceSet.getResource(AbstractArchiveResourceSet.java:255)
		at org.apache.catalina.webresources.StandardRoot.getResourceInternal(StandardRoot.java:273)
		at org.apache.catalina.webresources.Cache.getResource(Cache.java:64)
		at org.apache.catalina.webresources.StandardRoot.getResource(StandardRoot.java:212)
		at org.apache.catalina.webresources.StandardRoot.getClassLoaderResource(StandardRoot.java:221)
		at org.apache.catalina.loader.WebappClassLoaderBase.findClassInternal(WebappClassLoaderBase.java:2221)
		at org.apache.catalina.loader.WebappClassLoaderBase.findClassInternal(WebappClassLoaderBase.java:2212)
		at org.apache.catalina.loader.WebappClassLoaderBase.findClass(WebappClassLoaderBase.java:821)
		at org.apache.catalina.loader.WebappClassLoaderBase.loadClass(WebappClassLoaderBase.java:1312)
		at org.apache.catalina.loader.WebappClassLoaderBase.loadClass(WebappClassLoaderBase.java:1160)
		at servlets.ErrorHandlerServlet.service(ErrorHandlerServlet.java:29)
		at javax.servlet.http.HttpServlet.service(HttpServlet.java:623)
		at org.apache.catalina.core.ApplicationFilterChain.internalDoFilter(ApplicationFilterChain.java:197)
		at org.apache.catalina.core.ApplicationFilterChain.doFilter(ApplicationFilterChain.java:142)
		at org.apache.catalina.core.ApplicationDispatcher.invoke(ApplicationDispatcher.java:619)
		at org.apache.catalina.core.ApplicationDispatcher.processRequest(ApplicationDispatcher.java:401)
		at org.apache.catalina.core.ApplicationDispatcher.doForward(ApplicationDispatcher.java:338)
		at org.apache.catalina.core.ApplicationDispatcher.forward(ApplicationDispatcher.java:283)
		at org.apache.catalina.core.StandardHostValve.custom(StandardHostValve.java:392)
		at org.apache.catalina.core.StandardHostValve.status(StandardHostValve.java:220)
		at org.apache.catalina.core.StandardHostValve.invoke(StandardHostValve.java:163)
		at org.apache.catalina.valves.ErrorReportValve.invoke(ErrorReportValve.java:83)
		at org.apache.catalina.valves.AbstractAccessLogValve.invoke(AbstractAccessLogValve.java:643)
		at org.apache.catalina.core.StandardEngineValve.invoke(StandardEngineValve.java:72)
		at org.apache.catalina.connector.CoyoteAdapter.service(CoyoteAdapter.java:344)
		at org.apache.coyote.http11.Http11Processor.service(Http11Processor.java:398)
		at org.apache.coyote.AbstractProcessorLight.process(AbstractProcessorLight.java:63)
		at org.apache.coyote.AbstractProtocol$ConnectionHandler.process(AbstractProtocol.java:939)
		at org.apache.tomcat.util.net.NioEndpoint$SocketProcessor.doRun(NioEndpoint.java:1831)
		at org.apache.tomcat.util.net.SocketProcessorBase.run(SocketProcessorBase.java:52)
		at org.apache.tomcat.util.threads.ThreadPoolExecutor.runWorker(ThreadPoolExecutor.java:973)
		at org.apache.tomcat.util.threads.ThreadPoolExecutor$Worker.run(ThreadPoolExecutor.java:491)
		at org.apache.tomcat.util.threads.TaskThread$WrappingRunnable.run(TaskThread.java:63)
		at java.lang.Thread.run(Thread.java:748)
	Caused by: java.io.FileNotFoundException: C:\apache-tomcat\webapps\onlinebookstore\WEB-INF\lib\checker-qual-3.5.0.jar (The system cannot find the path specified)
		at java.util.zip.ZipFile.open(Native Method)
		at java.util.zip.ZipFile.<init>(ZipFile.java:225)
		at java.util.zip.ZipFile.<init>(ZipFile.java:155)
		at java.util.jar.JarFile.<init>(JarFile.java:166)
		at java.util.jar.JarFile.<init>(JarFile.java:130)
		at org.apache.tomcat.util.compat.JreCompat.jarFileNewInstance(JreCompat.java:338)
		at org.apache.tomcat.util.compat.JreCompat.jarFileNewInstance(JreCompat.java:324)
		at org.apache.catalina.webresources.AbstractArchiveResourceSet.openJarFile(AbstractArchiveResourceSet.java:324)
		at org.apache.catalina.webresources.AbstractSingleArchiveResourceSet.getArchiveEntry(AbstractSingleArchiveResourceSet.java:96)
		... 34 more
12-Jan-2026 22:50:20.542 SEVERE [http-nio-8080-exec-62] org.apache.catalina.core.StandardHostValve.custom Exception Processing [ErrorPage[errorCode=404, location=/error]]
	java.lang.IllegalStateException: java.io.FileNotFoundException: C:\apache-tomcat\webapps\onlinebookstore\WEB-INF\lib\checker-qual-3.5.0.jar (The system cannot find the path specified)
		at org.apache.catalina.webresources.AbstractSingleArchiveResourceSet.getArchiveEntry(AbstractSingleArchiveResourceSet.java:100)
		at org.apache.catalina.webresources.AbstractArchiveResourceSet.getResource(AbstractArchiveResourceSet.java:255)
		at org.apache.catalina.webresources.StandardRoot.getResourceInternal(StandardRoot.java:273)
		at org.apache.catalina.webresources.Cache.getResource(Cache.java:64)
		at org.apache.catalina.webresources.StandardRoot.getResource(StandardRoot.java:212)
		at org.apache.catalina.webresources.StandardRoot.getClassLoaderResource(StandardRoot.java:221)
		at org.apache.catalina.loader.WebappClassLoaderBase.findClassInternal(WebappClassLoaderBase.java:2221)
		at org.apache.catalina.loader.WebappClassLoaderBase.findClassInternal(WebappClassLoaderBase.java:2212)
		at org.apache.catalina.loader.WebappClassLoaderBase.findClass(WebappClassLoaderBase.java:821)
		at org.apache.catalina.loader.WebappClassLoaderBase.loadClass(WebappClassLoaderBase.java:1312)
		at org.apache.catalina.loader.WebappClassLoaderBase.loadClass(WebappClassLoaderBase.java:1160)
		at servlets.ErrorHandlerServlet.service(ErrorHandlerServlet.java:29)
		at javax.servlet.http.HttpServlet.service(HttpServlet.java:623)
		at org.apache.catalina.core.ApplicationFilterChain.internalDoFilter(ApplicationFilterChain.java:197)
		at org.apache.catalina.core.ApplicationFilterChain.doFilter(ApplicationFilterChain.java:142)
		at org.apache.catalina.core.ApplicationDispatcher.invoke(ApplicationDispatcher.java:619)
		at org.apache.catalina.core.ApplicationDispatcher.processRequest(ApplicationDispatcher.java:401)
		at org.apache.catalina.core.ApplicationDispatcher.doForward(ApplicationDispatcher.java:338)
		at org.apache.catalina.core.ApplicationDispatcher.forward(ApplicationDispatcher.java:283)
		at org.apache.catalina.core.StandardHostValve.custom(StandardHostValve.java:392)
		at org.apache.catalina.core.StandardHostValve.status(StandardHostValve.java:220)
		at org.apache.catalina.core.StandardHostValve.invoke(StandardHostValve.java:163)
		at org.apache.catalina.valves.ErrorReportValve.invoke(ErrorReportValve.java:83)
		at org.apache.catalina.valves.AbstractAccessLogValve.invoke(AbstractAccessLogValve.java:643)
		at org.apache.catalina.core.StandardEngineValve.invoke(StandardEngineValve.java:72)
		at org.apache.catalina.connector.CoyoteAdapter.service(CoyoteAdapter.java:344)
		at org.apache.coyote.http11.Http11Processor.service(Http11Processor.java:398)
		at org.apache.coyote.AbstractProcessorLight.process(AbstractProcessorLight.java:63)
		at org.apache.coyote.AbstractProtocol$ConnectionHandler.process(AbstractProtocol.java:939)
		at org.apache.tomcat.util.net.NioEndpoint$SocketProcessor.doRun(NioEndpoint.java:1831)
		at org.apache.tomcat.util.net.SocketProcessorBase.run(SocketProcessorBase.java:52)
		at org.apache.tomcat.util.threads.ThreadPoolExecutor.runWorker(ThreadPoolExecutor.java:973)
		at org.apache.tomcat.util.threads.ThreadPoolExecutor$Worker.run(ThreadPoolExecutor.java:491)
		at org.apache.tomcat.util.threads.TaskThread$WrappingRunnable.run(TaskThread.java:63)
		at java.lang.Thread.run(Thread.java:748)
	Caused by: java.io.FileNotFoundException: C:\apache-tomcat\webapps\onlinebookstore\WEB-INF\lib\checker-qual-3.5.0.jar (The system cannot find the path specified)
		at java.util.zip.ZipFile.open(Native Method)
		at java.util.zip.ZipFile.<init>(ZipFile.java:225)
		at java.util.zip.ZipFile.<init>(ZipFile.java:155)
		at java.util.jar.JarFile.<init>(JarFile.java:166)
		at java.util.jar.JarFile.<init>(JarFile.java:130)
		at org.apache.tomcat.util.compat.JreCompat.jarFileNewInstance(JreCompat.java:338)
		at org.apache.tomcat.util.compat.JreCompat.jarFileNewInstance(JreCompat.java:324)
		at org.apache.catalina.webresources.AbstractArchiveResourceSet.openJarFile(AbstractArchiveResourceSet.java:324)
		at org.apache.catalina.webresources.AbstractSingleArchiveResourceSet.getArchiveEntry(AbstractSingleArchiveResourceSet.java:96)
		... 34 more
12-Jan-2026 23:12:29.154 SEVERE [http-nio-8080-exec-90] org.apache.catalina.core.ApplicationDispatcher.invoke Servlet.service() for servlet [ErrorHandlerServlet] threw exception
	java.lang.IllegalStateException: java.io.FileNotFoundException: C:\apache-tomcat\webapps\onlinebookstore\WEB-INF\lib\checker-qual-3.5.0.jar (The system cannot find the path specified)
		at org.apache.catalina.webresources.AbstractSingleArchiveResourceSet.getArchiveEntry(AbstractSingleArchiveResourceSet.java:100)
		at org.apache.catalina.webresources.AbstractArchiveResourceSet.getResource(AbstractArchiveResourceSet.java:255)
		at org.apache.catalina.webresources.StandardRoot.getResourceInternal(StandardRoot.java:273)
		at org.apache.catalina.webresources.Cache.getResource(Cache.java:64)
		at org.apache.catalina.webresources.StandardRoot.getResource(StandardRoot.java:212)
		at org.apache.catalina.webresources.StandardRoot.getClassLoaderResource(StandardRoot.java:221)
		at org.apache.catalina.loader.WebappClassLoaderBase.findClassInternal(WebappClassLoaderBase.java:2221)
		at org.apache.catalina.loader.WebappClassLoaderBase.findClassInternal(WebappClassLoaderBase.java:2212)
		at org.apache.catalina.loader.WebappClassLoaderBase.findClass(WebappClassLoaderBase.java:821)
		at org.apache.catalina.loader.WebappClassLoaderBase.loadClass(WebappClassLoaderBase.java:1312)
		at org.apache.catalina.loader.WebappClassLoaderBase.loadClass(WebappClassLoaderBase.java:1160)
		at servlets.ErrorHandlerServlet.service(ErrorHandlerServlet.java:29)
		at javax.servlet.http.HttpServlet.service(HttpServlet.java:623)
		at org.apache.catalina.core.ApplicationFilterChain.internalDoFilter(ApplicationFilterChain.java:197)
		at org.apache.catalina.core.ApplicationFilterChain.doFilter(ApplicationFilterChain.java:142)
		at org.apache.catalina.core.ApplicationDispatcher.invoke(ApplicationDispatcher.java:619)
		at org.apache.catalina.core.ApplicationDispatcher.processRequest(ApplicationDispatcher.java:401)
		at org.apache.catalina.core.ApplicationDispatcher.doForward(ApplicationDispatcher.java:338)
		at org.apache.catalina.core.ApplicationDispatcher.forward(ApplicationDispatcher.java:283)
		at org.apache.catalina.core.StandardHostValve.custom(StandardHostValve.java:392)
		at org.apache.catalina.core.StandardHostValve.status(StandardHostValve.java:220)
		at org.apache.catalina.core.StandardHostValve.invoke(StandardHostValve.java:163)
		at org.apache.catalina.valves.ErrorReportValve.invoke(ErrorReportValve.java:83)
		at org.apache.catalina.valves.AbstractAccessLogValve.invoke(AbstractAccessLogValve.java:643)
		at org.apache.catalina.core.StandardEngineValve.invoke(StandardEngineValve.java:72)
		at org.apache.catalina.connector.CoyoteAdapter.service(CoyoteAdapter.java:344)
		at org.apache.coyote.http11.Http11Processor.service(Http11Processor.java:398)
		at org.apache.coyote.AbstractProcessorLight.process(AbstractProcessorLight.java:63)
		at org.apache.coyote.AbstractProtocol$ConnectionHandler.process(AbstractProtocol.java:939)
		at org.apache.tomcat.util.net.NioEndpoint$SocketProcessor.doRun(NioEndpoint.java:1831)
		at org.apache.tomcat.util.net.SocketProcessorBase.run(SocketProcessorBase.java:52)
		at org.apache.tomcat.util.threads.ThreadPoolExecutor.runWorker(ThreadPoolExecutor.java:973)
		at org.apache.tomcat.util.threads.ThreadPoolExecutor$Worker.run(ThreadPoolExecutor.java:491)
		at org.apache.tomcat.util.threads.TaskThread$WrappingRunnable.run(TaskThread.java:63)
		at java.lang.Thread.run(Thread.java:748)
	Caused by: java.io.FileNotFoundException: C:\apache-tomcat\webapps\onlinebookstore\WEB-INF\lib\checker-qual-3.5.0.jar (The system cannot find the path specified)
		at java.util.zip.ZipFile.open(Native Method)
		at java.util.zip.ZipFile.<init>(ZipFile.java:225)
		at java.util.zip.ZipFile.<init>(ZipFile.java:155)
		at java.util.jar.JarFile.<init>(JarFile.java:166)
		at java.util.jar.JarFile.<init>(JarFile.java:130)
		at org.apache.tomcat.util.compat.JreCompat.jarFileNewInstance(JreCompat.java:338)
		at org.apache.tomcat.util.compat.JreCompat.jarFileNewInstance(JreCompat.java:324)
		at org.apache.catalina.webresources.AbstractArchiveResourceSet.openJarFile(AbstractArchiveResourceSet.java:324)
		at org.apache.catalina.webresources.AbstractSingleArchiveResourceSet.getArchiveEntry(AbstractSingleArchiveResourceSet.java:96)
		... 34 more
12-Jan-2026 23:12:29.154 SEVERE [http-nio-8080-exec-90] org.apache.catalina.core.StandardHostValve.custom Exception Processing [ErrorPage[errorCode=404, location=/error]]
	java.lang.IllegalStateException: java.io.FileNotFoundException: C:\apache-tomcat\webapps\onlinebookstore\WEB-INF\lib\checker-qual-3.5.0.jar (The system cannot find the path specified)
		at org.apache.catalina.webresources.AbstractSingleArchiveResourceSet.getArchiveEntry(AbstractSingleArchiveResourceSet.java:100)
		at org.apache.catalina.webresources.AbstractArchiveResourceSet.getResource(AbstractArchiveResourceSet.java:255)
		at org.apache.catalina.webresources.StandardRoot.getResourceInternal(StandardRoot.java:273)
		at org.apache.catalina.webresources.Cache.getResource(Cache.java:64)
		at org.apache.catalina.webresources.StandardRoot.getResource(StandardRoot.java:212)
		at org.apache.catalina.webresources.StandardRoot.getClassLoaderResource(StandardRoot.java:221)
		at org.apache.catalina.loader.WebappClassLoaderBase.findClassInternal(WebappClassLoaderBase.java:2221)
		at org.apache.catalina.loader.WebappClassLoaderBase.findClassInternal(WebappClassLoaderBase.java:2212)
		at org.apache.catalina.loader.WebappClassLoaderBase.findClass(WebappClassLoaderBase.java:821)
		at org.apache.catalina.loader.WebappClassLoaderBase.loadClass(WebappClassLoaderBase.java:1312)
		at org.apache.catalina.loader.WebappClassLoaderBase.loadClass(WebappClassLoaderBase.java:1160)
		at servlets.ErrorHandlerServlet.service(ErrorHandlerServlet.java:29)
		at javax.servlet.http.HttpServlet.service(HttpServlet.java:623)
		at org.apache.catalina.core.ApplicationFilterChain.internalDoFilter(ApplicationFilterChain.java:197)
		at org.apache.catalina.core.ApplicationFilterChain.doFilter(ApplicationFilterChain.java:142)
		at org.apache.catalina.core.ApplicationDispatcher.invoke(ApplicationDispatcher.java:619)
		at org.apache.catalina.core.ApplicationDispatcher.processRequest(ApplicationDispatcher.java:401)
		at org.apache.catalina.core.ApplicationDispatcher.doForward(ApplicationDispatcher.java:338)
		at org.apache.catalina.core.ApplicationDispatcher.forward(ApplicationDispatcher.java:283)
		at org.apache.catalina.core.StandardHostValve.custom(StandardHostValve.java:392)
		at org.apache.catalina.core.StandardHostValve.status(StandardHostValve.java:220)
		at org.apache.catalina.core.StandardHostValve.invoke(StandardHostValve.java:163)
		at org.apache.catalina.valves.ErrorReportValve.invoke(ErrorReportValve.java:83)
		at org.apache.catalina.valves.AbstractAccessLogValve.invoke(AbstractAccessLogValve.java:643)
		at org.apache.catalina.core.StandardEngineValve.invoke(StandardEngineValve.java:72)
		at org.apache.catalina.connector.CoyoteAdapter.service(CoyoteAdapter.java:344)
		at org.apache.coyote.http11.Http11Processor.service(Http11Processor.java:398)
		at org.apache.coyote.AbstractProcessorLight.process(AbstractProcessorLight.java:63)
		at org.apache.coyote.AbstractProtocol$ConnectionHandler.process(AbstractProtocol.java:939)
		at org.apache.tomcat.util.net.NioEndpoint$SocketProcessor.doRun(NioEndpoint.java:1831)
		at org.apache.tomcat.util.net.SocketProcessorBase.run(SocketProcessorBase.java:52)
		at org.apache.tomcat.util.threads.ThreadPoolExecutor.runWorker(ThreadPoolExecutor.java:973)
		at org.apache.tomcat.util.threads.ThreadPoolExecutor$Worker.run(ThreadPoolExecutor.java:491)
		at org.apache.tomcat.util.threads.TaskThread$WrappingRunnable.run(TaskThread.java:63)
		at java.lang.Thread.run(Thread.java:748)
	Caused by: java.io.FileNotFoundException: C:\apache-tomcat\webapps\onlinebookstore\WEB-INF\lib\checker-qual-3.5.0.jar (The system cannot find the path specified)
		at java.util.zip.ZipFile.open(Native Method)
		at java.util.zip.ZipFile.<init>(ZipFile.java:225)
		at java.util.zip.ZipFile.<init>(ZipFile.java:155)
		at java.util.jar.JarFile.<init>(JarFile.java:166)
		at java.util.jar.JarFile.<init>(JarFile.java:130)
		at org.apache.tomcat.util.compat.JreCompat.jarFileNewInstance(JreCompat.java:338)
		at org.apache.tomcat.util.compat.JreCompat.jarFileNewInstance(JreCompat.java:324)
		at org.apache.catalina.webresources.AbstractArchiveResourceSet.openJarFile(AbstractArchiveResourceSet.java:324)
		at org.apache.catalina.webresources.AbstractSingleArchiveResourceSet.getArchiveEntry(AbstractSingleArchiveResourceSet.java:96)
		... 34 more
12-Jan-2026 23:12:29.320 SEVERE [http-nio-8080-exec-82] org.apache.catalina.core.ApplicationDispatcher.invoke Servlet.service() for servlet [ErrorHandlerServlet] threw exception
	java.lang.IllegalStateException: java.io.FileNotFoundException: C:\apache-tomcat\webapps\onlinebookstore\WEB-INF\lib\checker-qual-3.5.0.jar (The system cannot find the path specified)
		at org.apache.catalina.webresources.AbstractSingleArchiveResourceSet.getArchiveEntry(AbstractSingleArchiveResourceSet.java:100)
		at org.apache.catalina.webresources.AbstractArchiveResourceSet.getResource(AbstractArchiveResourceSet.java:255)
		at org.apache.catalina.webresources.StandardRoot.getResourceInternal(StandardRoot.java:273)
		at org.apache.catalina.webresources.Cache.getResource(Cache.java:64)
		at org.apache.catalina.webresources.StandardRoot.getResource(StandardRoot.java:212)
		at org.apache.catalina.webresources.StandardRoot.getClassLoaderResource(StandardRoot.java:221)
		at org.apache.catalina.loader.WebappClassLoaderBase.findClassInternal(WebappClassLoaderBase.java:2221)
		at org.apache.catalina.loader.WebappClassLoaderBase.findClassInternal(WebappClassLoaderBase.java:2212)
		at org.apache.catalina.loader.WebappClassLoaderBase.findClass(WebappClassLoaderBase.java:821)
		at org.apache.catalina.loader.WebappClassLoaderBase.loadClass(WebappClassLoaderBase.java:1312)
		at org.apache.catalina.loader.WebappClassLoaderBase.loadClass(WebappClassLoaderBase.java:1160)
		at servlets.ErrorHandlerServlet.service(ErrorHandlerServlet.java:29)
		at javax.servlet.http.HttpServlet.service(HttpServlet.java:623)
		at org.apache.catalina.core.ApplicationFilterChain.internalDoFilter(ApplicationFilterChain.java:197)
		at org.apache.catalina.core.ApplicationFilterChain.doFilter(ApplicationFilterChain.java:142)
		at org.apache.catalina.core.ApplicationDispatcher.invoke(ApplicationDispatcher.java:619)
		at org.apache.catalina.core.ApplicationDispatcher.processRequest(ApplicationDispatcher.java:401)
		at org.apache.catalina.core.ApplicationDispatcher.doForward(ApplicationDispatcher.java:338)
		at org.apache.catalina.core.ApplicationDispatcher.forward(ApplicationDispatcher.java:283)
		at org.apache.catalina.core.StandardHostValve.custom(StandardHostValve.java:392)
		at org.apache.catalina.core.StandardHostValve.status(StandardHostValve.java:220)
		at org.apache.catalina.core.StandardHostValve.invoke(StandardHostValve.java:163)
		at org.apache.catalina.valves.ErrorReportValve.invoke(ErrorReportValve.java:83)
		at org.apache.catalina.valves.AbstractAccessLogValve.invoke(AbstractAccessLogValve.java:643)
		at org.apache.catalina.core.StandardEngineValve.invoke(StandardEngineValve.java:72)
		at org.apache.catalina.connector.CoyoteAdapter.service(CoyoteAdapter.java:344)
		at org.apache.coyote.http11.Http11Processor.service(Http11Processor.java:398)
		at org.apache.coyote.AbstractProcessorLight.process(AbstractProcessorLight.java:63)
		at org.apache.coyote.AbstractProtocol$ConnectionHandler.process(AbstractProtocol.java:939)
		at org.apache.tomcat.util.net.NioEndpoint$SocketProcessor.doRun(NioEndpoint.java:1831)
		at org.apache.tomcat.util.net.SocketProcessorBase.run(SocketProcessorBase.java:52)
		at org.apache.tomcat.util.threads.ThreadPoolExecutor.runWorker(ThreadPoolExecutor.java:973)
		at org.apache.tomcat.util.threads.ThreadPoolExecutor$Worker.run(ThreadPoolExecutor.java:491)
		at org.apache.tomcat.util.threads.TaskThread$WrappingRunnable.run(TaskThread.java:63)
		at java.lang.Thread.run(Thread.java:748)
	Caused by: java.io.FileNotFoundException: C:\apache-tomcat\webapps\onlinebookstore\WEB-INF\lib\checker-qual-3.5.0.jar (The system cannot find the path specified)
		at java.util.zip.ZipFile.open(Native Method)
		at java.util.zip.ZipFile.<init>(ZipFile.java:225)
		at java.util.zip.ZipFile.<init>(ZipFile.java:155)
		at java.util.jar.JarFile.<init>(JarFile.java:166)
		at java.util.jar.JarFile.<init>(JarFile.java:130)
		at org.apache.tomcat.util.compat.JreCompat.jarFileNewInstance(JreCompat.java:338)
		at org.apache.tomcat.util.compat.JreCompat.jarFileNewInstance(JreCompat.java:324)
		at org.apache.catalina.webresources.AbstractArchiveResourceSet.openJarFile(AbstractArchiveResourceSet.java:324)
		at org.apache.catalina.webresources.AbstractSingleArchiveResourceSet.getArchiveEntry(AbstractSingleArchiveResourceSet.java:96)
		... 34 more
12-Jan-2026 23:12:29.320 SEVERE [http-nio-8080-exec-82] org.apache.catalina.core.StandardHostValve.custom Exception Processing [ErrorPage[errorCode=404, location=/error]]
	java.lang.IllegalStateException: java.io.FileNotFoundException: C:\apache-tomcat\webapps\onlinebookstore\WEB-INF\lib\checker-qual-3.5.0.jar (The system cannot find the path specified)
		at org.apache.catalina.webresources.AbstractSingleArchiveResourceSet.getArchiveEntry(AbstractSingleArchiveResourceSet.java:100)
		at org.apache.catalina.webresources.AbstractArchiveResourceSet.getResource(AbstractArchiveResourceSet.java:255)
		at org.apache.catalina.webresources.StandardRoot.getResourceInternal(StandardRoot.java:273)
		at org.apache.catalina.webresources.Cache.getResource(Cache.java:64)
		at org.apache.catalina.webresources.StandardRoot.getResource(StandardRoot.java:212)
		at org.apache.catalina.webresources.StandardRoot.getClassLoaderResource(StandardRoot.java:221)
		at org.apache.catalina.loader.WebappClassLoaderBase.findClassInternal(WebappClassLoaderBase.java:2221)
		at org.apache.catalina.loader.WebappClassLoaderBase.findClassInternal(WebappClassLoaderBase.java:2212)
		at org.apache.catalina.loader.WebappClassLoaderBase.findClass(WebappClassLoaderBase.java:821)
		at org.apache.catalina.loader.WebappClassLoaderBase.loadClass(WebappClassLoaderBase.java:1312)
		at org.apache.catalina.loader.WebappClassLoaderBase.loadClass(WebappClassLoaderBase.java:1160)
		at servlets.ErrorHandlerServlet.service(ErrorHandlerServlet.java:29)
		at javax.servlet.http.HttpServlet.service(HttpServlet.java:623)
		at org.apache.catalina.core.ApplicationFilterChain.internalDoFilter(ApplicationFilterChain.java:197)
		at org.apache.catalina.core.ApplicationFilterChain.doFilter(ApplicationFilterChain.java:142)
		at org.apache.catalina.core.ApplicationDispatcher.invoke(ApplicationDispatcher.java:619)
		at org.apache.catalina.core.ApplicationDispatcher.processRequest(ApplicationDispatcher.java:401)
		at org.apache.catalina.core.ApplicationDispatcher.doForward(ApplicationDispatcher.java:338)
		at org.apache.catalina.core.ApplicationDispatcher.forward(ApplicationDispatcher.java:283)
		at org.apache.catalina.core.StandardHostValve.custom(StandardHostValve.java:392)
		at org.apache.catalina.core.StandardHostValve.status(StandardHostValve.java:220)
		at org.apache.catalina.core.StandardHostValve.invoke(StandardHostValve.java:163)
		at org.apache.catalina.valves.ErrorReportValve.invoke(ErrorReportValve.java:83)
		at org.apache.catalina.valves.AbstractAccessLogValve.invoke(AbstractAccessLogValve.java:643)
		at org.apache.catalina.core.StandardEngineValve.invoke(StandardEngineValve.java:72)
		at org.apache.catalina.connector.CoyoteAdapter.service(CoyoteAdapter.java:344)
		at org.apache.coyote.http11.Http11Processor.service(Http11Processor.java:398)
		at org.apache.coyote.AbstractProcessorLight.process(AbstractProcessorLight.java:63)
		at org.apache.coyote.AbstractProtocol$ConnectionHandler.process(AbstractProtocol.java:939)
		at org.apache.tomcat.util.net.NioEndpoint$SocketProcessor.doRun(NioEndpoint.java:1831)
		at org.apache.tomcat.util.net.SocketProcessorBase.run(SocketProcessorBase.java:52)
		at org.apache.tomcat.util.threads.ThreadPoolExecutor.runWorker(ThreadPoolExecutor.java:973)
		at org.apache.tomcat.util.threads.ThreadPoolExecutor$Worker.run(ThreadPoolExecutor.java:491)
		at org.apache.tomcat.util.threads.TaskThread$WrappingRunnable.run(TaskThread.java:63)
		at java.lang.Thread.run(Thread.java:748)
	Caused by: java.io.FileNotFoundException: C:\apache-tomcat\webapps\onlinebookstore\WEB-INF\lib\checker-qual-3.5.0.jar (The system cannot find the path specified)
		at java.util.zip.ZipFile.open(Native Method)
		at java.util.zip.ZipFile.<init>(ZipFile.java:225)
		at java.util.zip.ZipFile.<init>(ZipFile.java:155)
		at java.util.jar.JarFile.<init>(JarFile.java:166)
		at java.util.jar.JarFile.<init>(JarFile.java:130)
		at org.apache.tomcat.util.compat.JreCompat.jarFileNewInstance(JreCompat.java:338)
		at org.apache.tomcat.util.compat.JreCompat.jarFileNewInstance(JreCompat.java:324)
		at org.apache.catalina.webresources.AbstractArchiveResourceSet.openJarFile(AbstractArchiveResourceSet.java:324)
		at org.apache.catalina.webresources.AbstractSingleArchiveResourceSet.getArchiveEntry(AbstractSingleArchiveResourceSet.java:96)
		... 34 more
12-Jan-2026 23:12:29.476 SEVERE [http-nio-8080-exec-85] org.apache.catalina.core.ApplicationDispatcher.invoke Servlet.service() for servlet [ErrorHandlerServlet] threw exception
	java.lang.IllegalStateException: java.io.FileNotFoundException: C:\apache-tomcat\webapps\onlinebookstore\WEB-INF\lib\checker-qual-3.5.0.jar (The system cannot find the path specified)
		at org.apache.catalina.webresources.AbstractSingleArchiveResourceSet.getArchiveEntry(AbstractSingleArchiveResourceSet.java:100)
		at org.apache.catalina.webresources.AbstractArchiveResourceSet.getResource(AbstractArchiveResourceSet.java:255)
		at org.apache.catalina.webresources.StandardRoot.getResourceInternal(StandardRoot.java:273)
		at org.apache.catalina.webresources.Cache.getResource(Cache.java:64)
		at org.apache.catalina.webresources.StandardRoot.getResource(StandardRoot.java:212)
		at org.apache.catalina.webresources.StandardRoot.getClassLoaderResource(StandardRoot.java:221)
		at org.apache.catalina.loader.WebappClassLoaderBase.findClassInternal(WebappClassLoaderBase.java:2221)
		at org.apache.catalina.loader.WebappClassLoaderBase.findClassInternal(WebappClassLoaderBase.java:2212)
		at org.apache.catalina.loader.WebappClassLoaderBase.findClass(WebappClassLoaderBase.java:821)
		at org.apache.catalina.loader.WebappClassLoaderBase.loadClass(WebappClassLoaderBase.java:1312)
		at org.apache.catalina.loader.WebappClassLoaderBase.loadClass(WebappClassLoaderBase.java:1160)
		at servlets.ErrorHandlerServlet.service(ErrorHandlerServlet.java:29)
		at javax.servlet.http.HttpServlet.service(HttpServlet.java:623)
		at org.apache.catalina.core.ApplicationFilterChain.internalDoFilter(ApplicationFilterChain.java:197)
		at org.apache.catalina.core.ApplicationFilterChain.doFilter(ApplicationFilterChain.java:142)
		at org.apache.catalina.core.ApplicationDispatcher.invoke(ApplicationDispatcher.java:619)
		at org.apache.catalina.core.ApplicationDispatcher.processRequest(ApplicationDispatcher.java:401)
		at org.apache.catalina.core.ApplicationDispatcher.doForward(ApplicationDispatcher.java:338)
		at org.apache.catalina.core.ApplicationDispatcher.forward(ApplicationDispatcher.java:283)
		at org.apache.catalina.core.StandardHostValve.custom(StandardHostValve.java:392)
		at org.apache.catalina.core.StandardHostValve.status(StandardHostValve.java:220)
		at org.apache.catalina.core.StandardHostValve.invoke(StandardHostValve.java:163)
		at org.apache.catalina.valves.ErrorReportValve.invoke(ErrorReportValve.java:83)
		at org.apache.catalina.valves.AbstractAccessLogValve.invoke(AbstractAccessLogValve.java:643)
		at org.apache.catalina.core.StandardEngineValve.invoke(StandardEngineValve.java:72)
		at org.apache.catalina.connector.CoyoteAdapter.service(CoyoteAdapter.java:344)
		at org.apache.coyote.http11.Http11Processor.service(Http11Processor.java:398)
		at org.apache.coyote.AbstractProcessorLight.process(AbstractProcessorLight.java:63)
		at org.apache.coyote.AbstractProtocol$ConnectionHandler.process(AbstractProtocol.java:939)
		at org.apache.tomcat.util.net.NioEndpoint$SocketProcessor.doRun(NioEndpoint.java:1831)
		at org.apache.tomcat.util.net.SocketProcessorBase.run(SocketProcessorBase.java:52)
		at org.apache.tomcat.util.threads.ThreadPoolExecutor.runWorker(ThreadPoolExecutor.java:973)
		at org.apache.tomcat.util.threads.ThreadPoolExecutor$Worker.run(ThreadPoolExecutor.java:491)
		at org.apache.tomcat.util.threads.TaskThread$WrappingRunnable.run(TaskThread.java:63)
		at java.lang.Thread.run(Thread.java:748)
	Caused by: java.io.FileNotFoundException: C:\apache-tomcat\webapps\onlinebookstore\WEB-INF\lib\checker-qual-3.5.0.jar (The system cannot find the path specified)
		at java.util.zip.ZipFile.open(Native Method)
		at java.util.zip.ZipFile.<init>(ZipFile.java:225)
		at java.util.zip.ZipFile.<init>(ZipFile.java:155)
		at java.util.jar.JarFile.<init>(JarFile.java:166)
		at java.util.jar.JarFile.<init>(JarFile.java:130)
		at org.apache.tomcat.util.compat.JreCompat.jarFileNewInstance(JreCompat.java:338)
		at org.apache.tomcat.util.compat.JreCompat.jarFileNewInstance(JreCompat.java:324)
		at org.apache.catalina.webresources.AbstractArchiveResourceSet.openJarFile(AbstractArchiveResourceSet.java:324)
		at org.apache.catalina.webresources.AbstractSingleArchiveResourceSet.getArchiveEntry(AbstractSingleArchiveResourceSet.java:96)
		... 34 more
12-Jan-2026 23:12:29.476 SEVERE [http-nio-8080-exec-85] org.apache.catalina.core.StandardHostValve.custom Exception Processing [ErrorPage[errorCode=404, location=/error]]
	java.lang.IllegalStateException: java.io.FileNotFoundException: C:\apache-tomcat\webapps\onlinebookstore\WEB-INF\lib\checker-qual-3.5.0.jar (The system cannot find the path specified)
		at org.apache.catalina.webresources.AbstractSingleArchiveResourceSet.getArchiveEntry(AbstractSingleArchiveResourceSet.java:100)
		at org.apache.catalina.webresources.AbstractArchiveResourceSet.getResource(AbstractArchiveResourceSet.java:255)
		at org.apache.catalina.webresources.StandardRoot.getResourceInternal(StandardRoot.java:273)
		at org.apache.catalina.webresources.Cache.getResource(Cache.java:64)
		at org.apache.catalina.webresources.StandardRoot.getResource(StandardRoot.java:212)
		at org.apache.catalina.webresources.StandardRoot.getClassLoaderResource(StandardRoot.java:221)
		at org.apache.catalina.loader.WebappClassLoaderBase.findClassInternal(WebappClassLoaderBase.java:2221)
		at org.apache.catalina.loader.WebappClassLoaderBase.findClassInternal(WebappClassLoaderBase.java:2212)
		at org.apache.catalina.loader.WebappClassLoaderBase.findClass(WebappClassLoaderBase.java:821)
		at org.apache.catalina.loader.WebappClassLoaderBase.loadClass(WebappClassLoaderBase.java:1312)
		at org.apache.catalina.loader.WebappClassLoaderBase.loadClass(WebappClassLoaderBase.java:1160)
		at servlets.ErrorHandlerServlet.service(ErrorHandlerServlet.java:29)
		at javax.servlet.http.HttpServlet.service(HttpServlet.java:623)
		at org.apache.catalina.core.ApplicationFilterChain.internalDoFilter(ApplicationFilterChain.java:197)
		at org.apache.catalina.core.ApplicationFilterChain.doFilter(ApplicationFilterChain.java:142)
		at org.apache.catalina.core.ApplicationDispatcher.invoke(ApplicationDispatcher.java:619)
		at org.apache.catalina.core.ApplicationDispatcher.processRequest(ApplicationDispatcher.java:401)
		at org.apache.catalina.core.ApplicationDispatcher.doForward(ApplicationDispatcher.java:338)
		at org.apache.catalina.core.ApplicationDispatcher.forward(ApplicationDispatcher.java:283)
		at org.apache.catalina.core.StandardHostValve.custom(StandardHostValve.java:392)
		at org.apache.catalina.core.StandardHostValve.status(StandardHostValve.java:220)
		at org.apache.catalina.core.StandardHostValve.invoke(StandardHostValve.java:163)
		at org.apache.catalina.valves.ErrorReportValve.invoke(ErrorReportValve.java:83)
		at org.apache.catalina.valves.AbstractAccessLogValve.invoke(AbstractAccessLogValve.java:643)
		at org.apache.catalina.core.StandardEngineValve.invoke(StandardEngineValve.java:72)
		at org.apache.catalina.connector.CoyoteAdapter.service(CoyoteAdapter.java:344)
		at org.apache.coyote.http11.Http11Processor.service(Http11Processor.java:398)
		at org.apache.coyote.AbstractProcessorLight.process(AbstractProcessorLight.java:63)
		at org.apache.coyote.AbstractProtocol$ConnectionHandler.process(AbstractProtocol.java:939)
		at org.apache.tomcat.util.net.NioEndpoint$SocketProcessor.doRun(NioEndpoint.java:1831)
		at org.apache.tomcat.util.net.SocketProcessorBase.run(SocketProcessorBase.java:52)
		at org.apache.tomcat.util.threads.ThreadPoolExecutor.runWorker(ThreadPoolExecutor.java:973)
		at org.apache.tomcat.util.threads.ThreadPoolExecutor$Worker.run(ThreadPoolExecutor.java:491)
		at org.apache.tomcat.util.threads.TaskThread$WrappingRunnable.run(TaskThread.java:63)
		at java.lang.Thread.run(Thread.java:748)
	Caused by: java.io.FileNotFoundException: C:\apache-tomcat\webapps\onlinebookstore\WEB-INF\lib\checker-qual-3.5.0.jar (The system cannot find the path specified)
		at java.util.zip.ZipFile.open(Native Method)
		at java.util.zip.ZipFile.<init>(ZipFile.java:225)
		at java.util.zip.ZipFile.<init>(ZipFile.java:155)
		at java.util.jar.JarFile.<init>(JarFile.java:166)
		at java.util.jar.JarFile.<init>(JarFile.java:130)
		at org.apache.tomcat.util.compat.JreCompat.jarFileNewInstance(JreCompat.java:338)
		at org.apache.tomcat.util.compat.JreCompat.jarFileNewInstance(JreCompat.java:324)
		at org.apache.catalina.webresources.AbstractArchiveResourceSet.openJarFile(AbstractArchiveResourceSet.java:324)
		at org.apache.catalina.webresources.AbstractSingleArchiveResourceSet.getArchiveEntry(AbstractSingleArchiveResourceSet.java:96)
		... 34 more
12-Jan-2026 23:12:29.632 SEVERE [http-nio-8080-exec-88] org.apache.catalina.core.ApplicationDispatcher.invoke Servlet.service() for servlet [ErrorHandlerServlet] threw exception
	java.lang.IllegalStateException: java.io.FileNotFoundException: C:\apache-tomcat\webapps\onlinebookstore\WEB-INF\lib\checker-qual-3.5.0.jar (The system cannot find the path specified)
		at org.apache.catalina.webresources.AbstractSingleArchiveResourceSet.getArchiveEntry(AbstractSingleArchiveResourceSet.java:100)
		at org.apache.catalina.webresources.AbstractArchiveResourceSet.getResource(AbstractArchiveResourceSet.java:255)
		at org.apache.catalina.webresources.StandardRoot.getResourceInternal(StandardRoot.java:273)
		at org.apache.catalina.webresources.Cache.getResource(Cache.java:64)
		at org.apache.catalina.webresources.StandardRoot.getResource(StandardRoot.java:212)
		at org.apache.catalina.webresources.StandardRoot.getClassLoaderResource(StandardRoot.java:221)
		at org.apache.catalina.loader.WebappClassLoaderBase.findClassInternal(WebappClassLoaderBase.java:2221)
		at org.apache.catalina.loader.WebappClassLoaderBase.findClassInternal(WebappClassLoaderBase.java:2212)
		at org.apache.catalina.loader.WebappClassLoaderBase.findClass(WebappClassLoaderBase.java:821)
		at org.apache.catalina.loader.WebappClassLoaderBase.loadClass(WebappClassLoaderBase.java:1312)
		at org.apache.catalina.loader.WebappClassLoaderBase.loadClass(WebappClassLoaderBase.java:1160)
		at servlets.ErrorHandlerServlet.service(ErrorHandlerServlet.java:29)
		at javax.servlet.http.HttpServlet.service(HttpServlet.java:623)
		at org.apache.catalina.core.ApplicationFilterChain.internalDoFilter(ApplicationFilterChain.java:197)
		at org.apache.catalina.core.ApplicationFilterChain.doFilter(ApplicationFilterChain.java:142)
		at org.apache.catalina.core.ApplicationDispatcher.invoke(ApplicationDispatcher.java:619)
		at org.apache.catalina.core.ApplicationDispatcher.processRequest(ApplicationDispatcher.java:401)
		at org.apache.catalina.core.ApplicationDispatcher.doForward(ApplicationDispatcher.java:338)
		at org.apache.catalina.core.ApplicationDispatcher.forward(ApplicationDispatcher.java:283)
		at org.apache.catalina.core.StandardHostValve.custom(StandardHostValve.java:392)
		at org.apache.catalina.core.StandardHostValve.status(StandardHostValve.java:220)
		at org.apache.catalina.core.StandardHostValve.invoke(StandardHostValve.java:163)
		at org.apache.catalina.valves.ErrorReportValve.invoke(ErrorReportValve.java:83)
		at org.apache.catalina.valves.AbstractAccessLogValve.invoke(AbstractAccessLogValve.java:643)
		at org.apache.catalina.core.StandardEngineValve.invoke(StandardEngineValve.java:72)
		at org.apache.catalina.connector.CoyoteAdapter.service(CoyoteAdapter.java:344)
		at org.apache.coyote.http11.Http11Processor.service(Http11Processor.java:398)
		at org.apache.coyote.AbstractProcessorLight.process(AbstractProcessorLight.java:63)
		at org.apache.coyote.AbstractProtocol$ConnectionHandler.process(AbstractProtocol.java:939)
		at org.apache.tomcat.util.net.NioEndpoint$SocketProcessor.doRun(NioEndpoint.java:1831)
		at org.apache.tomcat.util.net.SocketProcessorBase.run(SocketProcessorBase.java:52)
		at org.apache.tomcat.util.threads.ThreadPoolExecutor.runWorker(ThreadPoolExecutor.java:973)
		at org.apache.tomcat.util.threads.ThreadPoolExecutor$Worker.run(ThreadPoolExecutor.java:491)
		at org.apache.tomcat.util.threads.TaskThread$WrappingRunnable.run(TaskThread.java:63)
		at java.lang.Thread.run(Thread.java:748)
	Caused by: java.io.FileNotFoundException: C:\apache-tomcat\webapps\onlinebookstore\WEB-INF\lib\checker-qual-3.5.0.jar (The system cannot find the path specified)
		at java.util.zip.ZipFile.open(Native Method)
		at java.util.zip.ZipFile.<init>(ZipFile.java:225)
		at java.util.zip.ZipFile.<init>(ZipFile.java:155)
		at java.util.jar.JarFile.<init>(JarFile.java:166)
		at java.util.jar.JarFile.<init>(JarFile.java:130)
		at org.apache.tomcat.util.compat.JreCompat.jarFileNewInstance(JreCompat.java:338)
		at org.apache.tomcat.util.compat.JreCompat.jarFileNewInstance(JreCompat.java:324)
		at org.apache.catalina.webresources.AbstractArchiveResourceSet.openJarFile(AbstractArchiveResourceSet.java:324)
		at org.apache.catalina.webresources.AbstractSingleArchiveResourceSet.getArchiveEntry(AbstractSingleArchiveResourceSet.java:96)
		... 34 more
12-Jan-2026 23:12:29.632 SEVERE [http-nio-8080-exec-88] org.apache.catalina.core.StandardHostValve.custom Exception Processing [ErrorPage[errorCode=404, location=/error]]
	java.lang.IllegalStateException: java.io.FileNotFoundException: C:\apache-tomcat\webapps\onlinebookstore\WEB-INF\lib\checker-qual-3.5.0.jar (The system cannot find the path specified)
		at org.apache.catalina.webresources.AbstractSingleArchiveResourceSet.getArchiveEntry(AbstractSingleArchiveResourceSet.java:100)
		at org.apache.catalina.webresources.AbstractArchiveResourceSet.getResource(AbstractArchiveResourceSet.java:255)
		at org.apache.catalina.webresources.StandardRoot.getResourceInternal(StandardRoot.java:273)
		at org.apache.catalina.webresources.Cache.getResource(Cache.java:64)
		at org.apache.catalina.webresources.StandardRoot.getResource(StandardRoot.java:212)
		at org.apache.catalina.webresources.StandardRoot.getClassLoaderResource(StandardRoot.java:221)
		at org.apache.catalina.loader.WebappClassLoaderBase.findClassInternal(WebappClassLoaderBase.java:2221)
		at org.apache.catalina.loader.WebappClassLoaderBase.findClassInternal(WebappClassLoaderBase.java:2212)
		at org.apache.catalina.loader.WebappClassLoaderBase.findClass(WebappClassLoaderBase.java:821)
		at org.apache.catalina.loader.WebappClassLoaderBase.loadClass(WebappClassLoaderBase.java:1312)
		at org.apache.catalina.loader.WebappClassLoaderBase.loadClass(WebappClassLoaderBase.java:1160)
		at servlets.ErrorHandlerServlet.service(ErrorHandlerServlet.java:29)
		at javax.servlet.http.HttpServlet.service(HttpServlet.java:623)
		at org.apache.catalina.core.ApplicationFilterChain.internalDoFilter(ApplicationFilterChain.java:197)
		at org.apache.catalina.core.ApplicationFilterChain.doFilter(ApplicationFilterChain.java:142)
		at org.apache.catalina.core.ApplicationDispatcher.invoke(ApplicationDispatcher.java:619)
		at org.apache.catalina.core.ApplicationDispatcher.processRequest(ApplicationDispatcher.java:401)
		at org.apache.catalina.core.ApplicationDispatcher.doForward(ApplicationDispatcher.java:338)
		at org.apache.catalina.core.ApplicationDispatcher.forward(ApplicationDispatcher.java:283)
		at org.apache.catalina.core.StandardHostValve.custom(StandardHostValve.java:392)
		at org.apache.catalina.core.StandardHostValve.status(StandardHostValve.java:220)
		at org.apache.catalina.core.StandardHostValve.invoke(StandardHostValve.java:163)
		at org.apache.catalina.valves.ErrorReportValve.invoke(ErrorReportValve.java:83)
		at org.apache.catalina.valves.AbstractAccessLogValve.invoke(AbstractAccessLogValve.java:643)
		at org.apache.catalina.core.StandardEngineValve.invoke(StandardEngineValve.java:72)
		at org.apache.catalina.connector.CoyoteAdapter.service(CoyoteAdapter.java:344)
		at org.apache.coyote.http11.Http11Processor.service(Http11Processor.java:398)
		at org.apache.coyote.AbstractProcessorLight.process(AbstractProcessorLight.java:63)
		at org.apache.coyote.AbstractProtocol$ConnectionHandler.process(AbstractProtocol.java:939)
		at org.apache.tomcat.util.net.NioEndpoint$SocketProcessor.doRun(NioEndpoint.java:1831)
		at org.apache.tomcat.util.net.SocketProcessorBase.run(SocketProcessorBase.java:52)
		at org.apache.tomcat.util.threads.ThreadPoolExecutor.runWorker(ThreadPoolExecutor.java:973)
		at org.apache.tomcat.util.threads.ThreadPoolExecutor$Worker.run(ThreadPoolExecutor.java:491)
		at org.apache.tomcat.util.threads.TaskThread$WrappingRunnable.run(TaskThread.java:63)
		at java.lang.Thread.run(Thread.java:748)
	Caused by: java.io.FileNotFoundException: C:\apache-tomcat\webapps\onlinebookstore\WEB-INF\lib\checker-qual-3.5.0.jar (The system cannot find the path specified)
		at java.util.zip.ZipFile.open(Native Method)
		at java.util.zip.ZipFile.<init>(ZipFile.java:225)
		at java.util.zip.ZipFile.<init>(ZipFile.java:155)
		at java.util.jar.JarFile.<init>(JarFile.java:166)
		at java.util.jar.JarFile.<init>(JarFile.java:130)
		at org.apache.tomcat.util.compat.JreCompat.jarFileNewInstance(JreCompat.java:338)
		at org.apache.tomcat.util.compat.JreCompat.jarFileNewInstance(JreCompat.java:324)
		at org.apache.catalina.webresources.AbstractArchiveResourceSet.openJarFile(AbstractArchiveResourceSet.java:324)
		at org.apache.catalina.webresources.AbstractSingleArchiveResourceSet.getArchiveEntry(AbstractSingleArchiveResourceSet.java:96)
		... 34 more
12-Jan-2026 23:12:29.791 SEVERE [http-nio-8080-exec-83] org.apache.catalina.core.ApplicationDispatcher.invoke Servlet.service() for servlet [ErrorHandlerServlet] threw exception
	java.lang.IllegalStateException: java.io.FileNotFoundException: C:\apache-tomcat\webapps\onlinebookstore\WEB-INF\lib\checker-qual-3.5.0.jar (The system cannot find the path specified)
		at org.apache.catalina.webresources.AbstractSingleArchiveResourceSet.getArchiveEntry(AbstractSingleArchiveResourceSet.java:100)
		at org.apache.catalina.webresources.AbstractArchiveResourceSet.getResource(AbstractArchiveResourceSet.java:255)
		at org.apache.catalina.webresources.StandardRoot.getResourceInternal(StandardRoot.java:273)
		at org.apache.catalina.webresources.Cache.getResource(Cache.java:64)
		at org.apache.catalina.webresources.StandardRoot.getResource(StandardRoot.java:212)
		at org.apache.catalina.webresources.StandardRoot.getClassLoaderResource(StandardRoot.java:221)
		at org.apache.catalina.loader.WebappClassLoaderBase.findClassInternal(WebappClassLoaderBase.java:2221)
		at org.apache.catalina.loader.WebappClassLoaderBase.findClassInternal(WebappClassLoaderBase.java:2212)
		at org.apache.catalina.loader.WebappClassLoaderBase.findClass(WebappClassLoaderBase.java:821)
		at org.apache.catalina.loader.WebappClassLoaderBase.loadClass(WebappClassLoaderBase.java:1312)
		at org.apache.catalina.loader.WebappClassLoaderBase.loadClass(WebappClassLoaderBase.java:1160)
		at servlets.ErrorHandlerServlet.service(ErrorHandlerServlet.java:29)
		at javax.servlet.http.HttpServlet.service(HttpServlet.java:623)
		at org.apache.catalina.core.ApplicationFilterChain.internalDoFilter(ApplicationFilterChain.java:197)
		at org.apache.catalina.core.ApplicationFilterChain.doFilter(ApplicationFilterChain.java:142)
		at org.apache.catalina.core.ApplicationDispatcher.invoke(ApplicationDispatcher.java:619)
		at org.apache.catalina.core.ApplicationDispatcher.processRequest(ApplicationDispatcher.java:401)
		at org.apache.catalina.core.ApplicationDispatcher.doForward(ApplicationDispatcher.java:338)
		at org.apache.catalina.core.ApplicationDispatcher.forward(ApplicationDispatcher.java:283)
		at org.apache.catalina.core.StandardHostValve.custom(StandardHostValve.java:392)
		at org.apache.catalina.core.StandardHostValve.status(StandardHostValve.java:220)
		at org.apache.catalina.core.StandardHostValve.invoke(StandardHostValve.java:163)
		at org.apache.catalina.valves.ErrorReportValve.invoke(ErrorReportValve.java:83)
		at org.apache.catalina.valves.AbstractAccessLogValve.invoke(AbstractAccessLogValve.java:643)
		at org.apache.catalina.core.StandardEngineValve.invoke(StandardEngineValve.java:72)
		at org.apache.catalina.connector.CoyoteAdapter.service(CoyoteAdapter.java:344)
		at org.apache.coyote.http11.Http11Processor.service(Http11Processor.java:398)
		at org.apache.coyote.AbstractProcessorLight.process(AbstractProcessorLight.java:63)
		at org.apache.coyote.AbstractProtocol$ConnectionHandler.process(AbstractProtocol.java:939)
		at org.apache.tomcat.util.net.NioEndpoint$SocketProcessor.doRun(NioEndpoint.java:1831)
		at org.apache.tomcat.util.net.SocketProcessorBase.run(SocketProcessorBase.java:52)
		at org.apache.tomcat.util.threads.ThreadPoolExecutor.runWorker(ThreadPoolExecutor.java:973)
		at org.apache.tomcat.util.threads.ThreadPoolExecutor$Worker.run(ThreadPoolExecutor.java:491)
		at org.apache.tomcat.util.threads.TaskThread$WrappingRunnable.run(TaskThread.java:63)
		at java.lang.Thread.run(Thread.java:748)
	Caused by: java.io.FileNotFoundException: C:\apache-tomcat\webapps\onlinebookstore\WEB-INF\lib\checker-qual-3.5.0.jar (The system cannot find the path specified)
		at java.util.zip.ZipFile.open(Native Method)
		at java.util.zip.ZipFile.<init>(ZipFile.java:225)
		at java.util.zip.ZipFile.<init>(ZipFile.java:155)
		at java.util.jar.JarFile.<init>(JarFile.java:166)
		at java.util.jar.JarFile.<init>(JarFile.java:130)
		at org.apache.tomcat.util.compat.JreCompat.jarFileNewInstance(JreCompat.java:338)
		at org.apache.tomcat.util.compat.JreCompat.jarFileNewInstance(JreCompat.java:324)
		at org.apache.catalina.webresources.AbstractArchiveResourceSet.openJarFile(AbstractArchiveResourceSet.java:324)
		at org.apache.catalina.webresources.AbstractSingleArchiveResourceSet.getArchiveEntry(AbstractSingleArchiveResourceSet.java:96)
		... 34 more
12-Jan-2026 23:12:29.791 SEVERE [http-nio-8080-exec-83] org.apache.catalina.core.StandardHostValve.custom Exception Processing [ErrorPage[errorCode=404, location=/error]]
	java.lang.IllegalStateException: java.io.FileNotFoundException: C:\apache-tomcat\webapps\onlinebookstore\WEB-INF\lib\checker-qual-3.5.0.jar (The system cannot find the path specified)
		at org.apache.catalina.webresources.AbstractSingleArchiveResourceSet.getArchiveEntry(AbstractSingleArchiveResourceSet.java:100)
		at org.apache.catalina.webresources.AbstractArchiveResourceSet.getResource(AbstractArchiveResourceSet.java:255)
		at org.apache.catalina.webresources.StandardRoot.getResourceInternal(StandardRoot.java:273)
		at org.apache.catalina.webresources.Cache.getResource(Cache.java:64)
		at org.apache.catalina.webresources.StandardRoot.getResource(StandardRoot.java:212)
		at org.apache.catalina.webresources.StandardRoot.getClassLoaderResource(StandardRoot.java:221)
		at org.apache.catalina.loader.WebappClassLoaderBase.findClassInternal(WebappClassLoaderBase.java:2221)
		at org.apache.catalina.loader.WebappClassLoaderBase.findClassInternal(WebappClassLoaderBase.java:2212)
		at org.apache.catalina.loader.WebappClassLoaderBase.findClass(WebappClassLoaderBase.java:821)
		at org.apache.catalina.loader.WebappClassLoaderBase.loadClass(WebappClassLoaderBase.java:1312)
		at org.apache.catalina.loader.WebappClassLoaderBase.loadClass(WebappClassLoaderBase.java:1160)
		at servlets.ErrorHandlerServlet.service(ErrorHandlerServlet.java:29)
		at javax.servlet.http.HttpServlet.service(HttpServlet.java:623)
		at org.apache.catalina.core.ApplicationFilterChain.internalDoFilter(ApplicationFilterChain.java:197)
		at org.apache.catalina.core.ApplicationFilterChain.doFilter(ApplicationFilterChain.java:142)
		at org.apache.catalina.core.ApplicationDispatcher.invoke(ApplicationDispatcher.java:619)
		at org.apache.catalina.core.ApplicationDispatcher.processRequest(ApplicationDispatcher.java:401)
		at org.apache.catalina.core.ApplicationDispatcher.doForward(ApplicationDispatcher.java:338)
		at org.apache.catalina.core.ApplicationDispatcher.forward(ApplicationDispatcher.java:283)
		at org.apache.catalina.core.StandardHostValve.custom(StandardHostValve.java:392)
		at org.apache.catalina.core.StandardHostValve.status(StandardHostValve.java:220)
		at org.apache.catalina.core.StandardHostValve.invoke(StandardHostValve.java:163)
		at org.apache.catalina.valves.ErrorReportValve.invoke(ErrorReportValve.java:83)
		at org.apache.catalina.valves.AbstractAccessLogValve.invoke(AbstractAccessLogValve.java:643)
		at org.apache.catalina.core.StandardEngineValve.invoke(StandardEngineValve.java:72)
		at org.apache.catalina.connector.CoyoteAdapter.service(CoyoteAdapter.java:344)
		at org.apache.coyote.http11.Http11Processor.service(Http11Processor.java:398)
		at org.apache.coyote.AbstractProcessorLight.process(AbstractProcessorLight.java:63)
		at org.apache.coyote.AbstractProtocol$ConnectionHandler.process(AbstractProtocol.java:939)
		at org.apache.tomcat.util.net.NioEndpoint$SocketProcessor.doRun(NioEndpoint.java:1831)
		at org.apache.tomcat.util.net.SocketProcessorBase.run(SocketProcessorBase.java:52)
		at org.apache.tomcat.util.threads.ThreadPoolExecutor.runWorker(ThreadPoolExecutor.java:973)
		at org.apache.tomcat.util.threads.ThreadPoolExecutor$Worker.run(ThreadPoolExecutor.java:491)
		at org.apache.tomcat.util.threads.TaskThread$WrappingRunnable.run(TaskThread.java:63)
		at java.lang.Thread.run(Thread.java:748)
	Caused by: java.io.FileNotFoundException: C:\apache-tomcat\webapps\onlinebookstore\WEB-INF\lib\checker-qual-3.5.0.jar (The system cannot find the path specified)
		at java.util.zip.ZipFile.open(Native Method)
		at java.util.zip.ZipFile.<init>(ZipFile.java:225)
		at java.util.zip.ZipFile.<init>(ZipFile.java:155)
		at java.util.jar.JarFile.<init>(JarFile.java:166)
		at java.util.jar.JarFile.<init>(JarFile.java:130)
		at org.apache.tomcat.util.compat.JreCompat.jarFileNewInstance(JreCompat.java:338)
		at org.apache.tomcat.util.compat.JreCompat.jarFileNewInstance(JreCompat.java:324)
		at org.apache.catalina.webresources.AbstractArchiveResourceSet.openJarFile(AbstractArchiveResourceSet.java:324)
		at org.apache.catalina.webresources.AbstractSingleArchiveResourceSet.getArchiveEntry(AbstractSingleArchiveResourceSet.java:96)
		... 34 more
12-Jan-2026 23:12:29.946 SEVERE [http-nio-8080-exec-86] org.apache.catalina.core.ApplicationDispatcher.invoke Servlet.service() for servlet [ErrorHandlerServlet] threw exception
	java.lang.IllegalStateException: java.io.FileNotFoundException: C:\apache-tomcat\webapps\onlinebookstore\WEB-INF\lib\checker-qual-3.5.0.jar (The system cannot find the path specified)
		at org.apache.catalina.webresources.AbstractSingleArchiveResourceSet.getArchiveEntry(AbstractSingleArchiveResourceSet.java:100)
		at org.apache.catalina.webresources.AbstractArchiveResourceSet.getResource(AbstractArchiveResourceSet.java:255)
		at org.apache.catalina.webresources.StandardRoot.getResourceInternal(StandardRoot.java:273)
		at org.apache.catalina.webresources.Cache.getResource(Cache.java:64)
		at org.apache.catalina.webresources.StandardRoot.getResource(StandardRoot.java:212)
		at org.apache.catalina.webresources.StandardRoot.getClassLoaderResource(StandardRoot.java:221)
		at org.apache.catalina.loader.WebappClassLoaderBase.findClassInternal(WebappClassLoaderBase.java:2221)
		at org.apache.catalina.loader.WebappClassLoaderBase.findClassInternal(WebappClassLoaderBase.java:2212)
		at org.apache.catalina.loader.WebappClassLoaderBase.findClass(WebappClassLoaderBase.java:821)
		at org.apache.catalina.loader.WebappClassLoaderBase.loadClass(WebappClassLoaderBase.java:1312)
		at org.apache.catalina.loader.WebappClassLoaderBase.loadClass(WebappClassLoaderBase.java:1160)
		at servlets.ErrorHandlerServlet.service(ErrorHandlerServlet.java:29)
		at javax.servlet.http.HttpServlet.service(HttpServlet.java:623)
		at org.apache.catalina.core.ApplicationFilterChain.internalDoFilter(ApplicationFilterChain.java:197)
		at org.apache.catalina.core.ApplicationFilterChain.doFilter(ApplicationFilterChain.java:142)
		at org.apache.catalina.core.ApplicationDispatcher.invoke(ApplicationDispatcher.java:619)
		at org.apache.catalina.core.ApplicationDispatcher.processRequest(ApplicationDispatcher.java:401)
		at org.apache.catalina.core.ApplicationDispatcher.doForward(ApplicationDispatcher.java:338)
		at org.apache.catalina.core.ApplicationDispatcher.forward(ApplicationDispatcher.java:283)
		at org.apache.catalina.core.StandardHostValve.custom(StandardHostValve.java:392)
		at org.apache.catalina.core.StandardHostValve.status(StandardHostValve.java:220)
		at org.apache.catalina.core.StandardHostValve.invoke(StandardHostValve.java:163)
		at org.apache.catalina.valves.ErrorReportValve.invoke(ErrorReportValve.java:83)
		at org.apache.catalina.valves.AbstractAccessLogValve.invoke(AbstractAccessLogValve.java:643)
		at org.apache.catalina.core.StandardEngineValve.invoke(StandardEngineValve.java:72)
		at org.apache.catalina.connector.CoyoteAdapter.service(CoyoteAdapter.java:344)
		at org.apache.coyote.http11.Http11Processor.service(Http11Processor.java:398)
		at org.apache.coyote.AbstractProcessorLight.process(AbstractProcessorLight.java:63)
		at org.apache.coyote.AbstractProtocol$ConnectionHandler.process(AbstractProtocol.java:939)
		at org.apache.tomcat.util.net.NioEndpoint$SocketProcessor.doRun(NioEndpoint.java:1831)
		at org.apache.tomcat.util.net.SocketProcessorBase.run(SocketProcessorBase.java:52)
		at org.apache.tomcat.util.threads.ThreadPoolExecutor.runWorker(ThreadPoolExecutor.java:973)
		at org.apache.tomcat.util.threads.ThreadPoolExecutor$Worker.run(ThreadPoolExecutor.java:491)
		at org.apache.tomcat.util.threads.TaskThread$WrappingRunnable.run(TaskThread.java:63)
		at java.lang.Thread.run(Thread.java:748)
	Caused by: java.io.FileNotFoundException: C:\apache-tomcat\webapps\onlinebookstore\WEB-INF\lib\checker-qual-3.5.0.jar (The system cannot find the path specified)
		at java.util.zip.ZipFile.open(Native Method)
		at java.util.zip.ZipFile.<init>(ZipFile.java:225)
		at java.util.zip.ZipFile.<init>(ZipFile.java:155)
		at java.util.jar.JarFile.<init>(JarFile.java:166)
		at java.util.jar.JarFile.<init>(JarFile.java:130)
		at org.apache.tomcat.util.compat.JreCompat.jarFileNewInstance(JreCompat.java:338)
		at org.apache.tomcat.util.compat.JreCompat.jarFileNewInstance(JreCompat.java:324)
		at org.apache.catalina.webresources.AbstractArchiveResourceSet.openJarFile(AbstractArchiveResourceSet.java:324)
		at org.apache.catalina.webresources.AbstractSingleArchiveResourceSet.getArchiveEntry(AbstractSingleArchiveResourceSet.java:96)
		... 34 more
12-Jan-2026 23:12:29.946 SEVERE [http-nio-8080-exec-86] org.apache.catalina.core.StandardHostValve.custom Exception Processing [ErrorPage[errorCode=404, location=/error]]
	java.lang.IllegalStateException: java.io.FileNotFoundException: C:\apache-tomcat\webapps\onlinebookstore\WEB-INF\lib\checker-qual-3.5.0.jar (The system cannot find the path specified)
		at org.apache.catalina.webresources.AbstractSingleArchiveResourceSet.getArchiveEntry(AbstractSingleArchiveResourceSet.java:100)
		at org.apache.catalina.webresources.AbstractArchiveResourceSet.getResource(AbstractArchiveResourceSet.java:255)
		at org.apache.catalina.webresources.StandardRoot.getResourceInternal(StandardRoot.java:273)
		at org.apache.catalina.webresources.Cache.getResource(Cache.java:64)
		at org.apache.catalina.webresources.StandardRoot.getResource(StandardRoot.java:212)
		at org.apache.catalina.webresources.StandardRoot.getClassLoaderResource(StandardRoot.java:221)
		at org.apache.catalina.loader.WebappClassLoaderBase.findClassInternal(WebappClassLoaderBase.java:2221)
		at org.apache.catalina.loader.WebappClassLoaderBase.findClassInternal(WebappClassLoaderBase.java:2212)
		at org.apache.catalina.loader.WebappClassLoaderBase.findClass(WebappClassLoaderBase.java:821)
		at org.apache.catalina.loader.WebappClassLoaderBase.loadClass(WebappClassLoaderBase.java:1312)
		at org.apache.catalina.loader.WebappClassLoaderBase.loadClass(WebappClassLoaderBase.java:1160)
		at servlets.ErrorHandlerServlet.service(ErrorHandlerServlet.java:29)
		at javax.servlet.http.HttpServlet.service(HttpServlet.java:623)
		at org.apache.catalina.core.ApplicationFilterChain.internalDoFilter(ApplicationFilterChain.java:197)
		at org.apache.catalina.core.ApplicationFilterChain.doFilter(ApplicationFilterChain.java:142)
		at org.apache.catalina.core.ApplicationDispatcher.invoke(ApplicationDispatcher.java:619)
		at org.apache.catalina.core.ApplicationDispatcher.processRequest(ApplicationDispatcher.java:401)
		at org.apache.catalina.core.ApplicationDispatcher.doForward(ApplicationDispatcher.java:338)
		at org.apache.catalina.core.ApplicationDispatcher.forward(ApplicationDispatcher.java:283)
		at org.apache.catalina.core.StandardHostValve.custom(StandardHostValve.java:392)
		at org.apache.catalina.core.StandardHostValve.status(StandardHostValve.java:220)
		at org.apache.catalina.core.StandardHostValve.invoke(StandardHostValve.java:163)
		at org.apache.catalina.valves.ErrorReportValve.invoke(ErrorReportValve.java:83)
		at org.apache.catalina.valves.AbstractAccessLogValve.invoke(AbstractAccessLogValve.java:643)
		at org.apache.catalina.core.StandardEngineValve.invoke(StandardEngineValve.java:72)
		at org.apache.catalina.connector.CoyoteAdapter.service(CoyoteAdapter.java:344)
		at org.apache.coyote.http11.Http11Processor.service(Http11Processor.java:398)
		at org.apache.coyote.AbstractProcessorLight.process(AbstractProcessorLight.java:63)
		at org.apache.coyote.AbstractProtocol$ConnectionHandler.process(AbstractProtocol.java:939)
		at org.apache.tomcat.util.net.NioEndpoint$SocketProcessor.doRun(NioEndpoint.java:1831)
		at org.apache.tomcat.util.net.SocketProcessorBase.run(SocketProcessorBase.java:52)
		at org.apache.tomcat.util.threads.ThreadPoolExecutor.runWorker(ThreadPoolExecutor.java:973)
		at org.apache.tomcat.util.threads.ThreadPoolExecutor$Worker.run(ThreadPoolExecutor.java:491)
		at org.apache.tomcat.util.threads.TaskThread$WrappingRunnable.run(TaskThread.java:63)
		at java.lang.Thread.run(Thread.java:748)
	Caused by: java.io.FileNotFoundException: C:\apache-tomcat\webapps\onlinebookstore\WEB-INF\lib\checker-qual-3.5.0.jar (The system cannot find the path specified)
		at java.util.zip.ZipFile.open(Native Method)
		at java.util.zip.ZipFile.<init>(ZipFile.java:225)
		at java.util.zip.ZipFile.<init>(ZipFile.java:155)
		at java.util.jar.JarFile.<init>(JarFile.java:166)
		at java.util.jar.JarFile.<init>(JarFile.java:130)
		at org.apache.tomcat.util.compat.JreCompat.jarFileNewInstance(JreCompat.java:338)
		at org.apache.tomcat.util.compat.JreCompat.jarFileNewInstance(JreCompat.java:324)
		at org.apache.catalina.webresources.AbstractArchiveResourceSet.openJarFile(AbstractArchiveResourceSet.java:324)
		at org.apache.catalina.webresources.AbstractSingleArchiveResourceSet.getArchiveEntry(AbstractSingleArchiveResourceSet.java:96)
		... 34 more
12-Jan-2026 23:12:30.104 SEVERE [http-nio-8080-exec-81] org.apache.catalina.core.ApplicationDispatcher.invoke Servlet.service() for servlet [ErrorHandlerServlet] threw exception
	java.lang.IllegalStateException: java.io.FileNotFoundException: C:\apache-tomcat\webapps\onlinebookstore\WEB-INF\lib\checker-qual-3.5.0.jar (The system cannot find the path specified)
		at org.apache.catalina.webresources.AbstractSingleArchiveResourceSet.getArchiveEntry(AbstractSingleArchiveResourceSet.java:100)
		at org.apache.catalina.webresources.AbstractArchiveResourceSet.getResource(AbstractArchiveResourceSet.java:255)
		at org.apache.catalina.webresources.StandardRoot.getResourceInternal(StandardRoot.java:273)
		at org.apache.catalina.webresources.Cache.getResource(Cache.java:64)
		at org.apache.catalina.webresources.StandardRoot.getResource(StandardRoot.java:212)
		at org.apache.catalina.webresources.StandardRoot.getClassLoaderResource(StandardRoot.java:221)
		at org.apache.catalina.loader.WebappClassLoaderBase.findClassInternal(WebappClassLoaderBase.java:2221)
		at org.apache.catalina.loader.WebappClassLoaderBase.findClassInternal(WebappClassLoaderBase.java:2212)
		at org.apache.catalina.loader.WebappClassLoaderBase.findClass(WebappClassLoaderBase.java:821)
		at org.apache.catalina.loader.WebappClassLoaderBase.loadClass(WebappClassLoaderBase.java:1312)
		at org.apache.catalina.loader.WebappClassLoaderBase.loadClass(WebappClassLoaderBase.java:1160)
		at servlets.ErrorHandlerServlet.service(ErrorHandlerServlet.java:29)
		at javax.servlet.http.HttpServlet.service(HttpServlet.java:623)
		at org.apache.catalina.core.ApplicationFilterChain.internalDoFilter(ApplicationFilterChain.java:197)
		at org.apache.catalina.core.ApplicationFilterChain.doFilter(ApplicationFilterChain.java:142)
		at org.apache.catalina.core.ApplicationDispatcher.invoke(ApplicationDispatcher.java:619)
		at org.apache.catalina.core.ApplicationDispatcher.processRequest(ApplicationDispatcher.java:401)
		at org.apache.catalina.core.ApplicationDispatcher.doForward(ApplicationDispatcher.java:338)
		at org.apache.catalina.core.ApplicationDispatcher.forward(ApplicationDispatcher.java:283)
		at org.apache.catalina.core.StandardHostValve.custom(StandardHostValve.java:392)
		at org.apache.catalina.core.StandardHostValve.status(StandardHostValve.java:220)
		at org.apache.catalina.core.StandardHostValve.invoke(StandardHostValve.java:163)
		at org.apache.catalina.valves.ErrorReportValve.invoke(ErrorReportValve.java:83)
		at org.apache.catalina.valves.AbstractAccessLogValve.invoke(AbstractAccessLogValve.java:643)
		at org.apache.catalina.core.StandardEngineValve.invoke(StandardEngineValve.java:72)
		at org.apache.catalina.connector.CoyoteAdapter.service(CoyoteAdapter.java:344)
		at org.apache.coyote.http11.Http11Processor.service(Http11Processor.java:398)
		at org.apache.coyote.AbstractProcessorLight.process(AbstractProcessorLight.java:63)
		at org.apache.coyote.AbstractProtocol$ConnectionHandler.process(AbstractProtocol.java:939)
		at org.apache.tomcat.util.net.NioEndpoint$SocketProcessor.doRun(NioEndpoint.java:1831)
		at org.apache.tomcat.util.net.SocketProcessorBase.run(SocketProcessorBase.java:52)
		at org.apache.tomcat.util.threads.ThreadPoolExecutor.runWorker(ThreadPoolExecutor.java:973)
		at org.apache.tomcat.util.threads.ThreadPoolExecutor$Worker.run(ThreadPoolExecutor.java:491)
		at org.apache.tomcat.util.threads.TaskThread$WrappingRunnable.run(TaskThread.java:63)
		at java.lang.Thread.run(Thread.java:748)
	Caused by: java.io.FileNotFoundException: C:\apache-tomcat\webapps\onlinebookstore\WEB-INF\lib\checker-qual-3.5.0.jar (The system cannot find the path specified)
		at java.util.zip.ZipFile.open(Native Method)
		at java.util.zip.ZipFile.<init>(ZipFile.java:225)
		at java.util.zip.ZipFile.<init>(ZipFile.java:155)
		at java.util.jar.JarFile.<init>(JarFile.java:166)
		at java.util.jar.JarFile.<init>(JarFile.java:130)
		at org.apache.tomcat.util.compat.JreCompat.jarFileNewInstance(JreCompat.java:338)
		at org.apache.tomcat.util.compat.JreCompat.jarFileNewInstance(JreCompat.java:324)
		at org.apache.catalina.webresources.AbstractArchiveResourceSet.openJarFile(AbstractArchiveResourceSet.java:324)
		at org.apache.catalina.webresources.AbstractSingleArchiveResourceSet.getArchiveEntry(AbstractSingleArchiveResourceSet.java:96)
		... 34 more
12-Jan-2026 23:12:30.104 SEVERE [http-nio-8080-exec-81] org.apache.catalina.core.StandardHostValve.custom Exception Processing [ErrorPage[errorCode=404, location=/error]]
	java.lang.IllegalStateException: java.io.FileNotFoundException: C:\apache-tomcat\webapps\onlinebookstore\WEB-INF\lib\checker-qual-3.5.0.jar (The system cannot find the path specified)
		at org.apache.catalina.webresources.AbstractSingleArchiveResourceSet.getArchiveEntry(AbstractSingleArchiveResourceSet.java:100)
		at org.apache.catalina.webresources.AbstractArchiveResourceSet.getResource(AbstractArchiveResourceSet.java:255)
		at org.apache.catalina.webresources.StandardRoot.getResourceInternal(StandardRoot.java:273)
		at org.apache.catalina.webresources.Cache.getResource(Cache.java:64)
		at org.apache.catalina.webresources.StandardRoot.getResource(StandardRoot.java:212)
		at org.apache.catalina.webresources.StandardRoot.getClassLoaderResource(StandardRoot.java:221)
		at org.apache.catalina.loader.WebappClassLoaderBase.findClassInternal(WebappClassLoaderBase.java:2221)
		at org.apache.catalina.loader.WebappClassLoaderBase.findClassInternal(WebappClassLoaderBase.java:2212)
		at org.apache.catalina.loader.WebappClassLoaderBase.findClass(WebappClassLoaderBase.java:821)
		at org.apache.catalina.loader.WebappClassLoaderBase.loadClass(WebappClassLoaderBase.java:1312)
		at org.apache.catalina.loader.WebappClassLoaderBase.loadClass(WebappClassLoaderBase.java:1160)
		at servlets.ErrorHandlerServlet.service(ErrorHandlerServlet.java:29)
		at javax.servlet.http.HttpServlet.service(HttpServlet.java:623)
		at org.apache.catalina.core.ApplicationFilterChain.internalDoFilter(ApplicationFilterChain.java:197)
		at org.apache.catalina.core.ApplicationFilterChain.doFilter(ApplicationFilterChain.java:142)
		at org.apache.catalina.core.ApplicationDispatcher.invoke(ApplicationDispatcher.java:619)
		at org.apache.catalina.core.ApplicationDispatcher.processRequest(ApplicationDispatcher.java:401)
		at org.apache.catalina.core.ApplicationDispatcher.doForward(ApplicationDispatcher.java:338)
		at org.apache.catalina.core.ApplicationDispatcher.forward(ApplicationDispatcher.java:283)
		at org.apache.catalina.core.StandardHostValve.custom(StandardHostValve.java:392)
		at org.apache.catalina.core.StandardHostValve.status(StandardHostValve.java:220)
		at org.apache.catalina.core.StandardHostValve.invoke(StandardHostValve.java:163)
		at org.apache.catalina.valves.ErrorReportValve.invoke(ErrorReportValve.java:83)
		at org.apache.catalina.valves.AbstractAccessLogValve.invoke(AbstractAccessLogValve.java:643)
		at org.apache.catalina.core.StandardEngineValve.invoke(StandardEngineValve.java:72)
		at org.apache.catalina.connector.CoyoteAdapter.service(CoyoteAdapter.java:344)
		at org.apache.coyote.http11.Http11Processor.service(Http11Processor.java:398)
		at org.apache.coyote.AbstractProcessorLight.process(AbstractProcessorLight.java:63)
		at org.apache.coyote.AbstractProtocol$ConnectionHandler.process(AbstractProtocol.java:939)
		at org.apache.tomcat.util.net.NioEndpoint$SocketProcessor.doRun(NioEndpoint.java:1831)
		at org.apache.tomcat.util.net.SocketProcessorBase.run(SocketProcessorBase.java:52)
		at org.apache.tomcat.util.threads.ThreadPoolExecutor.runWorker(ThreadPoolExecutor.java:973)
		at org.apache.tomcat.util.threads.ThreadPoolExecutor$Worker.run(ThreadPoolExecutor.java:491)
		at org.apache.tomcat.util.threads.TaskThread$WrappingRunnable.run(TaskThread.java:63)
		at java.lang.Thread.run(Thread.java:748)
	Caused by: java.io.FileNotFoundException: C:\apache-tomcat\webapps\onlinebookstore\WEB-INF\lib\checker-qual-3.5.0.jar (The system cannot find the path specified)
		at java.util.zip.ZipFile.open(Native Method)
		at java.util.zip.ZipFile.<init>(ZipFile.java:225)
		at java.util.zip.ZipFile.<init>(ZipFile.java:155)
		at java.util.jar.JarFile.<init>(JarFile.java:166)
		at java.util.jar.JarFile.<init>(JarFile.java:130)
		at org.apache.tomcat.util.compat.JreCompat.jarFileNewInstance(JreCompat.java:338)
		at org.apache.tomcat.util.compat.JreCompat.jarFileNewInstance(JreCompat.java:324)
		at org.apache.catalina.webresources.AbstractArchiveResourceSet.openJarFile(AbstractArchiveResourceSet.java:324)
		at org.apache.catalina.webresources.AbstractSingleArchiveResourceSet.getArchiveEntry(AbstractSingleArchiveResourceSet.java:96)
		... 34 more
12-Jan-2026 23:12:30.273 SEVERE [http-nio-8080-exec-84] org.apache.catalina.core.ApplicationDispatcher.invoke Servlet.service() for servlet [ErrorHandlerServlet] threw exception
	java.lang.IllegalStateException: java.io.FileNotFoundException: C:\apache-tomcat\webapps\onlinebookstore\WEB-INF\lib\checker-qual-3.5.0.jar (The system cannot find the path specified)
		at org.apache.catalina.webresources.AbstractSingleArchiveResourceSet.getArchiveEntry(AbstractSingleArchiveResourceSet.java:100)
		at org.apache.catalina.webresources.AbstractArchiveResourceSet.getResource(AbstractArchiveResourceSet.java:255)
		at org.apache.catalina.webresources.StandardRoot.getResourceInternal(StandardRoot.java:273)
		at org.apache.catalina.webresources.Cache.getResource(Cache.java:64)
		at org.apache.catalina.webresources.StandardRoot.getResource(StandardRoot.java:212)
		at org.apache.catalina.webresources.StandardRoot.getClassLoaderResource(StandardRoot.java:221)
		at org.apache.catalina.loader.WebappClassLoaderBase.findClassInternal(WebappClassLoaderBase.java:2221)
		at org.apache.catalina.loader.WebappClassLoaderBase.findClassInternal(WebappClassLoaderBase.java:2212)
		at org.apache.catalina.loader.WebappClassLoaderBase.findClass(WebappClassLoaderBase.java:821)
		at org.apache.catalina.loader.WebappClassLoaderBase.loadClass(WebappClassLoaderBase.java:1312)
		at org.apache.catalina.loader.WebappClassLoaderBase.loadClass(WebappClassLoaderBase.java:1160)
		at servlets.ErrorHandlerServlet.service(ErrorHandlerServlet.java:29)
		at javax.servlet.http.HttpServlet.service(HttpServlet.java:623)
		at org.apache.catalina.core.ApplicationFilterChain.internalDoFilter(ApplicationFilterChain.java:197)
		at org.apache.catalina.core.ApplicationFilterChain.doFilter(ApplicationFilterChain.java:142)
		at org.apache.catalina.core.ApplicationDispatcher.invoke(ApplicationDispatcher.java:619)
		at org.apache.catalina.core.ApplicationDispatcher.processRequest(ApplicationDispatcher.java:401)
		at org.apache.catalina.core.ApplicationDispatcher.doForward(ApplicationDispatcher.java:338)
		at org.apache.catalina.core.ApplicationDispatcher.forward(ApplicationDispatcher.java:283)
		at org.apache.catalina.core.StandardHostValve.custom(StandardHostValve.java:392)
		at org.apache.catalina.core.StandardHostValve.status(StandardHostValve.java:220)
		at org.apache.catalina.core.StandardHostValve.invoke(StandardHostValve.java:163)
		at org.apache.catalina.valves.ErrorReportValve.invoke(ErrorReportValve.java:83)
		at org.apache.catalina.valves.AbstractAccessLogValve.invoke(AbstractAccessLogValve.java:643)
		at org.apache.catalina.core.StandardEngineValve.invoke(StandardEngineValve.java:72)
		at org.apache.catalina.connector.CoyoteAdapter.service(CoyoteAdapter.java:344)
		at org.apache.coyote.http11.Http11Processor.service(Http11Processor.java:398)
		at org.apache.coyote.AbstractProcessorLight.process(AbstractProcessorLight.java:63)
		at org.apache.coyote.AbstractProtocol$ConnectionHandler.process(AbstractProtocol.java:939)
		at org.apache.tomcat.util.net.NioEndpoint$SocketProcessor.doRun(NioEndpoint.java:1831)
		at org.apache.tomcat.util.net.SocketProcessorBase.run(SocketProcessorBase.java:52)
		at org.apache.tomcat.util.threads.ThreadPoolExecutor.runWorker(ThreadPoolExecutor.java:973)
		at org.apache.tomcat.util.threads.ThreadPoolExecutor$Worker.run(ThreadPoolExecutor.java:491)
		at org.apache.tomcat.util.threads.TaskThread$WrappingRunnable.run(TaskThread.java:63)
		at java.lang.Thread.run(Thread.java:748)
	Caused by: java.io.FileNotFoundException: C:\apache-tomcat\webapps\onlinebookstore\WEB-INF\lib\checker-qual-3.5.0.jar (The system cannot find the path specified)
		at java.util.zip.ZipFile.open(Native Method)
		at java.util.zip.ZipFile.<init>(ZipFile.java:225)
		at java.util.zip.ZipFile.<init>(ZipFile.java:155)
		at java.util.jar.JarFile.<init>(JarFile.java:166)
		at java.util.jar.JarFile.<init>(JarFile.java:130)
		at org.apache.tomcat.util.compat.JreCompat.jarFileNewInstance(JreCompat.java:338)
		at org.apache.tomcat.util.compat.JreCompat.jarFileNewInstance(JreCompat.java:324)
		at org.apache.catalina.webresources.AbstractArchiveResourceSet.openJarFile(AbstractArchiveResourceSet.java:324)
		at org.apache.catalina.webresources.AbstractSingleArchiveResourceSet.getArchiveEntry(AbstractSingleArchiveResourceSet.java:96)
		... 34 more
12-Jan-2026 23:12:30.273 SEVERE [http-nio-8080-exec-84] org.apache.catalina.core.StandardHostValve.custom Exception Processing [ErrorPage[errorCode=404, location=/error]]
	java.lang.IllegalStateException: java.io.FileNotFoundException: C:\apache-tomcat\webapps\onlinebookstore\WEB-INF\lib\checker-qual-3.5.0.jar (The system cannot find the path specified)
		at org.apache.catalina.webresources.AbstractSingleArchiveResourceSet.getArchiveEntry(AbstractSingleArchiveResourceSet.java:100)
		at org.apache.catalina.webresources.AbstractArchiveResourceSet.getResource(AbstractArchiveResourceSet.java:255)
		at org.apache.catalina.webresources.StandardRoot.getResourceInternal(StandardRoot.java:273)
		at org.apache.catalina.webresources.Cache.getResource(Cache.java:64)
		at org.apache.catalina.webresources.StandardRoot.getResource(StandardRoot.java:212)
		at org.apache.catalina.webresources.StandardRoot.getClassLoaderResource(StandardRoot.java:221)
		at org.apache.catalina.loader.WebappClassLoaderBase.findClassInternal(WebappClassLoaderBase.java:2221)
		at org.apache.catalina.loader.WebappClassLoaderBase.findClassInternal(WebappClassLoaderBase.java:2212)
		at org.apache.catalina.loader.WebappClassLoaderBase.findClass(WebappClassLoaderBase.java:821)
		at org.apache.catalina.loader.WebappClassLoaderBase.loadClass(WebappClassLoaderBase.java:1312)
		at org.apache.catalina.loader.WebappClassLoaderBase.loadClass(WebappClassLoaderBase.java:1160)
		at servlets.ErrorHandlerServlet.service(ErrorHandlerServlet.java:29)
		at javax.servlet.http.HttpServlet.service(HttpServlet.java:623)
		at org.apache.catalina.core.ApplicationFilterChain.internalDoFilter(ApplicationFilterChain.java:197)
		at org.apache.catalina.core.ApplicationFilterChain.doFilter(ApplicationFilterChain.java:142)
		at org.apache.catalina.core.ApplicationDispatcher.invoke(ApplicationDispatcher.java:619)
		at org.apache.catalina.core.ApplicationDispatcher.processRequest(ApplicationDispatcher.java:401)
		at org.apache.catalina.core.ApplicationDispatcher.doForward(ApplicationDispatcher.java:338)
		at org.apache.catalina.core.ApplicationDispatcher.forward(ApplicationDispatcher.java:283)
		at org.apache.catalina.core.StandardHostValve.custom(StandardHostValve.java:392)
		at org.apache.catalina.core.StandardHostValve.status(StandardHostValve.java:220)
		at org.apache.catalina.core.StandardHostValve.invoke(StandardHostValve.java:163)
		at org.apache.catalina.valves.ErrorReportValve.invoke(ErrorReportValve.java:83)
		at org.apache.catalina.valves.AbstractAccessLogValve.invoke(AbstractAccessLogValve.java:643)
		at org.apache.catalina.core.StandardEngineValve.invoke(StandardEngineValve.java:72)
		at org.apache.catalina.connector.CoyoteAdapter.service(CoyoteAdapter.java:344)
		at org.apache.coyote.http11.Http11Processor.service(Http11Processor.java:398)
		at org.apache.coyote.AbstractProcessorLight.process(AbstractProcessorLight.java:63)
		at org.apache.coyote.AbstractProtocol$ConnectionHandler.process(AbstractProtocol.java:939)
		at org.apache.tomcat.util.net.NioEndpoint$SocketProcessor.doRun(NioEndpoint.java:1831)
		at org.apache.tomcat.util.net.SocketProcessorBase.run(SocketProcessorBase.java:52)
		at org.apache.tomcat.util.threads.ThreadPoolExecutor.runWorker(ThreadPoolExecutor.java:973)
		at org.apache.tomcat.util.threads.ThreadPoolExecutor$Worker.run(ThreadPoolExecutor.java:491)
		at org.apache.tomcat.util.threads.TaskThread$WrappingRunnable.run(TaskThread.java:63)
		at java.lang.Thread.run(Thread.java:748)
	Caused by: java.io.FileNotFoundException: C:\apache-tomcat\webapps\onlinebookstore\WEB-INF\lib\checker-qual-3.5.0.jar (The system cannot find the path specified)
		at java.util.zip.ZipFile.open(Native Method)
		at java.util.zip.ZipFile.<init>(ZipFile.java:225)
		at java.util.zip.ZipFile.<init>(ZipFile.java:155)
		at java.util.jar.JarFile.<init>(JarFile.java:166)
		at java.util.jar.JarFile.<init>(JarFile.java:130)
		at org.apache.tomcat.util.compat.JreCompat.jarFileNewInstance(JreCompat.java:338)
		at org.apache.tomcat.util.compat.JreCompat.jarFileNewInstance(JreCompat.java:324)
		at org.apache.catalina.webresources.AbstractArchiveResourceSet.openJarFile(AbstractArchiveResourceSet.java:324)
		at org.apache.catalina.webresources.AbstractSingleArchiveResourceSet.getArchiveEntry(AbstractSingleArchiveResourceSet.java:96)
		... 34 more
12-Jan-2026 23:12:30.428 SEVERE [http-nio-8080-exec-87] org.apache.catalina.core.ApplicationDispatcher.invoke Servlet.service() for servlet [ErrorHandlerServlet] threw exception
	java.lang.IllegalStateException: java.io.FileNotFoundException: C:\apache-tomcat\webapps\onlinebookstore\WEB-INF\lib\checker-qual-3.5.0.jar (The system cannot find the path specified)
		at org.apache.catalina.webresources.AbstractSingleArchiveResourceSet.getArchiveEntry(AbstractSingleArchiveResourceSet.java:100)
		at org.apache.catalina.webresources.AbstractArchiveResourceSet.getResource(AbstractArchiveResourceSet.java:255)
		at org.apache.catalina.webresources.StandardRoot.getResourceInternal(StandardRoot.java:273)
		at org.apache.catalina.webresources.Cache.getResource(Cache.java:64)
		at org.apache.catalina.webresources.StandardRoot.getResource(StandardRoot.java:212)
		at org.apache.catalina.webresources.StandardRoot.getClassLoaderResource(StandardRoot.java:221)
		at org.apache.catalina.loader.WebappClassLoaderBase.findClassInternal(WebappClassLoaderBase.java:2221)
		at org.apache.catalina.loader.WebappClassLoaderBase.findClassInternal(WebappClassLoaderBase.java:2212)
		at org.apache.catalina.loader.WebappClassLoaderBase.findClass(WebappClassLoaderBase.java:821)
		at org.apache.catalina.loader.WebappClassLoaderBase.loadClass(WebappClassLoaderBase.java:1312)
		at org.apache.catalina.loader.WebappClassLoaderBase.loadClass(WebappClassLoaderBase.java:1160)
		at servlets.ErrorHandlerServlet.service(ErrorHandlerServlet.java:29)
		at javax.servlet.http.HttpServlet.service(HttpServlet.java:623)
		at org.apache.catalina.core.ApplicationFilterChain.internalDoFilter(ApplicationFilterChain.java:197)
		at org.apache.catalina.core.ApplicationFilterChain.doFilter(ApplicationFilterChain.java:142)
		at org.apache.catalina.core.ApplicationDispatcher.invoke(ApplicationDispatcher.java:619)
		at org.apache.catalina.core.ApplicationDispatcher.processRequest(ApplicationDispatcher.java:401)
		at org.apache.catalina.core.ApplicationDispatcher.doForward(ApplicationDispatcher.java:338)
		at org.apache.catalina.core.ApplicationDispatcher.forward(ApplicationDispatcher.java:283)
		at org.apache.catalina.core.StandardHostValve.custom(StandardHostValve.java:392)
		at org.apache.catalina.core.StandardHostValve.status(StandardHostValve.java:220)
		at org.apache.catalina.core.StandardHostValve.invoke(StandardHostValve.java:163)
		at org.apache.catalina.valves.ErrorReportValve.invoke(ErrorReportValve.java:83)
		at org.apache.catalina.valves.AbstractAccessLogValve.invoke(AbstractAccessLogValve.java:643)
		at org.apache.catalina.core.StandardEngineValve.invoke(StandardEngineValve.java:72)
		at org.apache.catalina.connector.CoyoteAdapter.service(CoyoteAdapter.java:344)
		at org.apache.coyote.http11.Http11Processor.service(Http11Processor.java:398)
		at org.apache.coyote.AbstractProcessorLight.process(AbstractProcessorLight.java:63)
		at org.apache.coyote.AbstractProtocol$ConnectionHandler.process(AbstractProtocol.java:939)
		at org.apache.tomcat.util.net.NioEndpoint$SocketProcessor.doRun(NioEndpoint.java:1831)
		at org.apache.tomcat.util.net.SocketProcessorBase.run(SocketProcessorBase.java:52)
		at org.apache.tomcat.util.threads.ThreadPoolExecutor.runWorker(ThreadPoolExecutor.java:973)
		at org.apache.tomcat.util.threads.ThreadPoolExecutor$Worker.run(ThreadPoolExecutor.java:491)
		at org.apache.tomcat.util.threads.TaskThread$WrappingRunnable.run(TaskThread.java:63)
		at java.lang.Thread.run(Thread.java:748)
	Caused by: java.io.FileNotFoundException: C:\apache-tomcat\webapps\onlinebookstore\WEB-INF\lib\checker-qual-3.5.0.jar (The system cannot find the path specified)
		at java.util.zip.ZipFile.open(Native Method)
		at java.util.zip.ZipFile.<init>(ZipFile.java:225)
		at java.util.zip.ZipFile.<init>(ZipFile.java:155)
		at java.util.jar.JarFile.<init>(JarFile.java:166)
		at java.util.jar.JarFile.<init>(JarFile.java:130)
		at org.apache.tomcat.util.compat.JreCompat.jarFileNewInstance(JreCompat.java:338)
		at org.apache.tomcat.util.compat.JreCompat.jarFileNewInstance(JreCompat.java:324)
		at org.apache.catalina.webresources.AbstractArchiveResourceSet.openJarFile(AbstractArchiveResourceSet.java:324)
		at org.apache.catalina.webresources.AbstractSingleArchiveResourceSet.getArchiveEntry(AbstractSingleArchiveResourceSet.java:96)
		... 34 more
12-Jan-2026 23:12:30.428 SEVERE [http-nio-8080-exec-87] org.apache.catalina.core.StandardHostValve.custom Exception Processing [ErrorPage[errorCode=404, location=/error]]
	java.lang.IllegalStateException: java.io.FileNotFoundException: C:\apache-tomcat\webapps\onlinebookstore\WEB-INF\lib\checker-qual-3.5.0.jar (The system cannot find the path specified)
		at org.apache.catalina.webresources.AbstractSingleArchiveResourceSet.getArchiveEntry(AbstractSingleArchiveResourceSet.java:100)
		at org.apache.catalina.webresources.AbstractArchiveResourceSet.getResource(AbstractArchiveResourceSet.java:255)
		at org.apache.catalina.webresources.StandardRoot.getResourceInternal(StandardRoot.java:273)
		at org.apache.catalina.webresources.Cache.getResource(Cache.java:64)
		at org.apache.catalina.webresources.StandardRoot.getResource(StandardRoot.java:212)
		at org.apache.catalina.webresources.StandardRoot.getClassLoaderResource(StandardRoot.java:221)
		at org.apache.catalina.loader.WebappClassLoaderBase.findClassInternal(WebappClassLoaderBase.java:2221)
		at org.apache.catalina.loader.WebappClassLoaderBase.findClassInternal(WebappClassLoaderBase.java:2212)
		at org.apache.catalina.loader.WebappClassLoaderBase.findClass(WebappClassLoaderBase.java:821)
		at org.apache.catalina.loader.WebappClassLoaderBase.loadClass(WebappClassLoaderBase.java:1312)
		at org.apache.catalina.loader.WebappClassLoaderBase.loadClass(WebappClassLoaderBase.java:1160)
		at servlets.ErrorHandlerServlet.service(ErrorHandlerServlet.java:29)
		at javax.servlet.http.HttpServlet.service(HttpServlet.java:623)
		at org.apache.catalina.core.ApplicationFilterChain.internalDoFilter(ApplicationFilterChain.java:197)
		at org.apache.catalina.core.ApplicationFilterChain.doFilter(ApplicationFilterChain.java:142)
		at org.apache.catalina.core.ApplicationDispatcher.invoke(ApplicationDispatcher.java:619)
		at org.apache.catalina.core.ApplicationDispatcher.processRequest(ApplicationDispatcher.java:401)
		at org.apache.catalina.core.ApplicationDispatcher.doForward(ApplicationDispatcher.java:338)
		at org.apache.catalina.core.ApplicationDispatcher.forward(ApplicationDispatcher.java:283)
		at org.apache.catalina.core.StandardHostValve.custom(StandardHostValve.java:392)
		at org.apache.catalina.core.StandardHostValve.status(StandardHostValve.java:220)
		at org.apache.catalina.core.StandardHostValve.invoke(StandardHostValve.java:163)
		at org.apache.catalina.valves.ErrorReportValve.invoke(ErrorReportValve.java:83)
		at org.apache.catalina.valves.AbstractAccessLogValve.invoke(AbstractAccessLogValve.java:643)
		at org.apache.catalina.core.StandardEngineValve.invoke(StandardEngineValve.java:72)
		at org.apache.catalina.connector.CoyoteAdapter.service(CoyoteAdapter.java:344)
		at org.apache.coyote.http11.Http11Processor.service(Http11Processor.java:398)
		at org.apache.coyote.AbstractProcessorLight.process(AbstractProcessorLight.java:63)
		at org.apache.coyote.AbstractProtocol$ConnectionHandler.process(AbstractProtocol.java:939)
		at org.apache.tomcat.util.net.NioEndpoint$SocketProcessor.doRun(NioEndpoint.java:1831)
		at org.apache.tomcat.util.net.SocketProcessorBase.run(SocketProcessorBase.java:52)
		at org.apache.tomcat.util.threads.ThreadPoolExecutor.runWorker(ThreadPoolExecutor.java:973)
		at org.apache.tomcat.util.threads.ThreadPoolExecutor$Worker.run(ThreadPoolExecutor.java:491)
		at org.apache.tomcat.util.threads.TaskThread$WrappingRunnable.run(TaskThread.java:63)
		at java.lang.Thread.run(Thread.java:748)
	Caused by: java.io.FileNotFoundException: C:\apache-tomcat\webapps\onlinebookstore\WEB-INF\lib\checker-qual-3.5.0.jar (The system cannot find the path specified)
		at java.util.zip.ZipFile.open(Native Method)
		at java.util.zip.ZipFile.<init>(ZipFile.java:225)
		at java.util.zip.ZipFile.<init>(ZipFile.java:155)
		at java.util.jar.JarFile.<init>(JarFile.java:166)
		at java.util.jar.JarFile.<init>(JarFile.java:130)
		at org.apache.tomcat.util.compat.JreCompat.jarFileNewInstance(JreCompat.java:338)
		at org.apache.tomcat.util.compat.JreCompat.jarFileNewInstance(JreCompat.java:324)
		at org.apache.catalina.webresources.AbstractArchiveResourceSet.openJarFile(AbstractArchiveResourceSet.java:324)
		at org.apache.catalina.webresources.AbstractSingleArchiveResourceSet.getArchiveEntry(AbstractSingleArchiveResourceSet.java:96)
		... 34 more
12-Jan-2026 23:12:30.563 SEVERE [http-nio-8080-exec-89] org.apache.catalina.core.ApplicationDispatcher.invoke Servlet.service() for servlet [ErrorHandlerServlet] threw exception
	java.lang.IllegalStateException: java.io.FileNotFoundException: C:\apache-tomcat\webapps\onlinebookstore\WEB-INF\lib\checker-qual-3.5.0.jar (The system cannot find the path specified)
		at org.apache.catalina.webresources.AbstractSingleArchiveResourceSet.getArchiveEntry(AbstractSingleArchiveResourceSet.java:100)
		at org.apache.catalina.webresources.AbstractArchiveResourceSet.getResource(AbstractArchiveResourceSet.java:255)
		at org.apache.catalina.webresources.StandardRoot.getResourceInternal(StandardRoot.java:273)
		at org.apache.catalina.webresources.Cache.getResource(Cache.java:64)
		at org.apache.catalina.webresources.StandardRoot.getResource(StandardRoot.java:212)
		at org.apache.catalina.webresources.StandardRoot.getClassLoaderResource(StandardRoot.java:221)
		at org.apache.catalina.loader.WebappClassLoaderBase.findClassInternal(WebappClassLoaderBase.java:2221)
		at org.apache.catalina.loader.WebappClassLoaderBase.findClassInternal(WebappClassLoaderBase.java:2212)
		at org.apache.catalina.loader.WebappClassLoaderBase.findClass(WebappClassLoaderBase.java:821)
		at org.apache.catalina.loader.WebappClassLoaderBase.loadClass(WebappClassLoaderBase.java:1312)
		at org.apache.catalina.loader.WebappClassLoaderBase.loadClass(WebappClassLoaderBase.java:1160)
		at servlets.ErrorHandlerServlet.service(ErrorHandlerServlet.java:29)
		at javax.servlet.http.HttpServlet.service(HttpServlet.java:623)
		at org.apache.catalina.core.ApplicationFilterChain.internalDoFilter(ApplicationFilterChain.java:197)
		at org.apache.catalina.core.ApplicationFilterChain.doFilter(ApplicationFilterChain.java:142)
		at org.apache.catalina.core.ApplicationDispatcher.invoke(ApplicationDispatcher.java:619)
		at org.apache.catalina.core.ApplicationDispatcher.processRequest(ApplicationDispatcher.java:401)
		at org.apache.catalina.core.ApplicationDispatcher.doForward(ApplicationDispatcher.java:338)
		at org.apache.catalina.core.ApplicationDispatcher.forward(ApplicationDispatcher.java:283)
		at org.apache.catalina.core.StandardHostValve.custom(StandardHostValve.java:392)
		at org.apache.catalina.core.StandardHostValve.status(StandardHostValve.java:220)
		at org.apache.catalina.core.StandardHostValve.invoke(StandardHostValve.java:163)
		at org.apache.catalina.valves.ErrorReportValve.invoke(ErrorReportValve.java:83)
		at org.apache.catalina.valves.AbstractAccessLogValve.invoke(AbstractAccessLogValve.java:643)
		at org.apache.catalina.core.StandardEngineValve.invoke(StandardEngineValve.java:72)
		at org.apache.catalina.connector.CoyoteAdapter.service(CoyoteAdapter.java:344)
		at org.apache.coyote.http11.Http11Processor.service(Http11Processor.java:398)
		at org.apache.coyote.AbstractProcessorLight.process(AbstractProcessorLight.java:63)
		at org.apache.coyote.AbstractProtocol$ConnectionHandler.process(AbstractProtocol.java:939)
		at org.apache.tomcat.util.net.NioEndpoint$SocketProcessor.doRun(NioEndpoint.java:1831)
		at org.apache.tomcat.util.net.SocketProcessorBase.run(SocketProcessorBase.java:52)
		at org.apache.tomcat.util.threads.ThreadPoolExecutor.runWorker(ThreadPoolExecutor.java:973)
		at org.apache.tomcat.util.threads.ThreadPoolExecutor$Worker.run(ThreadPoolExecutor.java:491)
		at org.apache.tomcat.util.threads.TaskThread$WrappingRunnable.run(TaskThread.java:63)
		at java.lang.Thread.run(Thread.java:748)
	Caused by: java.io.FileNotFoundException: C:\apache-tomcat\webapps\onlinebookstore\WEB-INF\lib\checker-qual-3.5.0.jar (The system cannot find the path specified)
		at java.util.zip.ZipFile.open(Native Method)
		at java.util.zip.ZipFile.<init>(ZipFile.java:225)
		at java.util.zip.ZipFile.<init>(ZipFile.java:155)
		at java.util.jar.JarFile.<init>(JarFile.java:166)
		at java.util.jar.JarFile.<init>(JarFile.java:130)
		at org.apache.tomcat.util.compat.JreCompat.jarFileNewInstance(JreCompat.java:338)
		at org.apache.tomcat.util.compat.JreCompat.jarFileNewInstance(JreCompat.java:324)
		at org.apache.catalina.webresources.AbstractArchiveResourceSet.openJarFile(AbstractArchiveResourceSet.java:324)
		at org.apache.catalina.webresources.AbstractSingleArchiveResourceSet.getArchiveEntry(AbstractSingleArchiveResourceSet.java:96)
		... 34 more
12-Jan-2026 23:12:30.563 SEVERE [http-nio-8080-exec-89] org.apache.catalina.core.StandardHostValve.custom Exception Processing [ErrorPage[errorCode=404, location=/error]]
	java.lang.IllegalStateException: java.io.FileNotFoundException: C:\apache-tomcat\webapps\onlinebookstore\WEB-INF\lib\checker-qual-3.5.0.jar (The system cannot find the path specified)
		at org.apache.catalina.webresources.AbstractSingleArchiveResourceSet.getArchiveEntry(AbstractSingleArchiveResourceSet.java:100)
		at org.apache.catalina.webresources.AbstractArchiveResourceSet.getResource(AbstractArchiveResourceSet.java:255)
		at org.apache.catalina.webresources.StandardRoot.getResourceInternal(StandardRoot.java:273)
		at org.apache.catalina.webresources.Cache.getResource(Cache.java:64)
		at org.apache.catalina.webresources.StandardRoot.getResource(StandardRoot.java:212)
		at org.apache.catalina.webresources.StandardRoot.getClassLoaderResource(StandardRoot.java:221)
		at org.apache.catalina.loader.WebappClassLoaderBase.findClassInternal(WebappClassLoaderBase.java:2221)
		at org.apache.catalina.loader.WebappClassLoaderBase.findClassInternal(WebappClassLoaderBase.java:2212)
		at org.apache.catalina.loader.WebappClassLoaderBase.findClass(WebappClassLoaderBase.java:821)
		at org.apache.catalina.loader.WebappClassLoaderBase.loadClass(WebappClassLoaderBase.java:1312)
		at org.apache.catalina.loader.WebappClassLoaderBase.loadClass(WebappClassLoaderBase.java:1160)
		at servlets.ErrorHandlerServlet.service(ErrorHandlerServlet.java:29)
		at javax.servlet.http.HttpServlet.service(HttpServlet.java:623)
		at org.apache.catalina.core.ApplicationFilterChain.internalDoFilter(ApplicationFilterChain.java:197)
		at org.apache.catalina.core.ApplicationFilterChain.doFilter(ApplicationFilterChain.java:142)
		at org.apache.catalina.core.ApplicationDispatcher.invoke(ApplicationDispatcher.java:619)
		at org.apache.catalina.core.ApplicationDispatcher.processRequest(ApplicationDispatcher.java:401)
		at org.apache.catalina.core.ApplicationDispatcher.doForward(ApplicationDispatcher.java:338)
		at org.apache.catalina.core.ApplicationDispatcher.forward(ApplicationDispatcher.java:283)
		at org.apache.catalina.core.StandardHostValve.custom(StandardHostValve.java:392)
		at org.apache.catalina.core.StandardHostValve.status(StandardHostValve.java:220)
		at org.apache.catalina.core.StandardHostValve.invoke(StandardHostValve.java:163)
		at org.apache.catalina.valves.ErrorReportValve.invoke(ErrorReportValve.java:83)
		at org.apache.catalina.valves.AbstractAccessLogValve.invoke(AbstractAccessLogValve.java:643)
		at org.apache.catalina.core.StandardEngineValve.invoke(StandardEngineValve.java:72)
		at org.apache.catalina.connector.CoyoteAdapter.service(CoyoteAdapter.java:344)
		at org.apache.coyote.http11.Http11Processor.service(Http11Processor.java:398)
		at org.apache.coyote.AbstractProcessorLight.process(AbstractProcessorLight.java:63)
		at org.apache.coyote.AbstractProtocol$ConnectionHandler.process(AbstractProtocol.java:939)
		at org.apache.tomcat.util.net.NioEndpoint$SocketProcessor.doRun(NioEndpoint.java:1831)
		at org.apache.tomcat.util.net.SocketProcessorBase.run(SocketProcessorBase.java:52)
		at org.apache.tomcat.util.threads.ThreadPoolExecutor.runWorker(ThreadPoolExecutor.java:973)
		at org.apache.tomcat.util.threads.ThreadPoolExecutor$Worker.run(ThreadPoolExecutor.java:491)
		at org.apache.tomcat.util.threads.TaskThread$WrappingRunnable.run(TaskThread.java:63)
		at java.lang.Thread.run(Thread.java:748)
	Caused by: java.io.FileNotFoundException: C:\apache-tomcat\webapps\onlinebookstore\WEB-INF\lib\checker-qual-3.5.0.jar (The system cannot find the path specified)
		at java.util.zip.ZipFile.open(Native Method)
		at java.util.zip.ZipFile.<init>(ZipFile.java:225)
		at java.util.zip.ZipFile.<init>(ZipFile.java:155)
		at java.util.jar.JarFile.<init>(JarFile.java:166)
		at java.util.jar.JarFile.<init>(JarFile.java:130)
		at org.apache.tomcat.util.compat.JreCompat.jarFileNewInstance(JreCompat.java:338)
		at org.apache.tomcat.util.compat.JreCompat.jarFileNewInstance(JreCompat.java:324)
		at org.apache.catalina.webresources.AbstractArchiveResourceSet.openJarFile(AbstractArchiveResourceSet.java:324)
		at org.apache.catalina.webresources.AbstractSingleArchiveResourceSet.getArchiveEntry(AbstractSingleArchiveResourceSet.java:96)
		... 34 more
12-Jan-2026 23:12:30.711 SEVERE [http-nio-8080-exec-90] org.apache.catalina.core.ApplicationDispatcher.invoke Servlet.service() for servlet [ErrorHandlerServlet] threw exception
	java.lang.IllegalStateException: java.io.FileNotFoundException: C:\apache-tomcat\webapps\onlinebookstore\WEB-INF\lib\checker-qual-3.5.0.jar (The system cannot find the path specified)
		at org.apache.catalina.webresources.AbstractSingleArchiveResourceSet.getArchiveEntry(AbstractSingleArchiveResourceSet.java:100)
		at org.apache.catalina.webresources.AbstractArchiveResourceSet.getResource(AbstractArchiveResourceSet.java:255)
		at org.apache.catalina.webresources.StandardRoot.getResourceInternal(StandardRoot.java:273)
		at org.apache.catalina.webresources.Cache.getResource(Cache.java:64)
		at org.apache.catalina.webresources.StandardRoot.getResource(StandardRoot.java:212)
		at org.apache.catalina.webresources.StandardRoot.getClassLoaderResource(StandardRoot.java:221)
		at org.apache.catalina.loader.WebappClassLoaderBase.findClassInternal(WebappClassLoaderBase.java:2221)
		at org.apache.catalina.loader.WebappClassLoaderBase.findClassInternal(WebappClassLoaderBase.java:2212)
		at org.apache.catalina.loader.WebappClassLoaderBase.findClass(WebappClassLoaderBase.java:821)
		at org.apache.catalina.loader.WebappClassLoaderBase.loadClass(WebappClassLoaderBase.java:1312)
		at org.apache.catalina.loader.WebappClassLoaderBase.loadClass(WebappClassLoaderBase.java:1160)
		at servlets.ErrorHandlerServlet.service(ErrorHandlerServlet.java:29)
		at javax.servlet.http.HttpServlet.service(HttpServlet.java:623)
		at org.apache.catalina.core.ApplicationFilterChain.internalDoFilter(ApplicationFilterChain.java:197)
		at org.apache.catalina.core.ApplicationFilterChain.doFilter(ApplicationFilterChain.java:142)
		at org.apache.catalina.core.ApplicationDispatcher.invoke(ApplicationDispatcher.java:619)
		at org.apache.catalina.core.ApplicationDispatcher.processRequest(ApplicationDispatcher.java:401)
		at org.apache.catalina.core.ApplicationDispatcher.doForward(ApplicationDispatcher.java:338)
		at org.apache.catalina.core.ApplicationDispatcher.forward(ApplicationDispatcher.java:283)
		at org.apache.catalina.core.StandardHostValve.custom(StandardHostValve.java:392)
		at org.apache.catalina.core.StandardHostValve.status(StandardHostValve.java:220)
		at org.apache.catalina.core.StandardHostValve.invoke(StandardHostValve.java:163)
		at org.apache.catalina.valves.ErrorReportValve.invoke(ErrorReportValve.java:83)
		at org.apache.catalina.valves.AbstractAccessLogValve.invoke(AbstractAccessLogValve.java:643)
		at org.apache.catalina.core.StandardEngineValve.invoke(StandardEngineValve.java:72)
		at org.apache.catalina.connector.CoyoteAdapter.service(CoyoteAdapter.java:344)
		at org.apache.coyote.http11.Http11Processor.service(Http11Processor.java:398)
		at org.apache.coyote.AbstractProcessorLight.process(AbstractProcessorLight.java:63)
		at org.apache.coyote.AbstractProtocol$ConnectionHandler.process(AbstractProtocol.java:939)
		at org.apache.tomcat.util.net.NioEndpoint$SocketProcessor.doRun(NioEndpoint.java:1831)
		at org.apache.tomcat.util.net.SocketProcessorBase.run(SocketProcessorBase.java:52)
		at org.apache.tomcat.util.threads.ThreadPoolExecutor.runWorker(ThreadPoolExecutor.java:973)
		at org.apache.tomcat.util.threads.ThreadPoolExecutor$Worker.run(ThreadPoolExecutor.java:491)
		at org.apache.tomcat.util.threads.TaskThread$WrappingRunnable.run(TaskThread.java:63)
		at java.lang.Thread.run(Thread.java:748)
	Caused by: java.io.FileNotFoundException: C:\apache-tomcat\webapps\onlinebookstore\WEB-INF\lib\checker-qual-3.5.0.jar (The system cannot find the path specified)
		at java.util.zip.ZipFile.open(Native Method)
		at java.util.zip.ZipFile.<init>(ZipFile.java:225)
		at java.util.zip.ZipFile.<init>(ZipFile.java:155)
		at java.util.jar.JarFile.<init>(JarFile.java:166)
		at java.util.jar.JarFile.<init>(JarFile.java:130)
		at org.apache.tomcat.util.compat.JreCompat.jarFileNewInstance(JreCompat.java:338)
		at org.apache.tomcat.util.compat.JreCompat.jarFileNewInstance(JreCompat.java:324)
		at org.apache.catalina.webresources.AbstractArchiveResourceSet.openJarFile(AbstractArchiveResourceSet.java:324)
		at org.apache.catalina.webresources.AbstractSingleArchiveResourceSet.getArchiveEntry(AbstractSingleArchiveResourceSet.java:96)
		... 34 more
12-Jan-2026 23:12:30.711 SEVERE [http-nio-8080-exec-90] org.apache.catalina.core.StandardHostValve.custom Exception Processing [ErrorPage[errorCode=404, location=/error]]
	java.lang.IllegalStateException: java.io.FileNotFoundException: C:\apache-tomcat\webapps\onlinebookstore\WEB-INF\lib\checker-qual-3.5.0.jar (The system cannot find the path specified)
		at org.apache.catalina.webresources.AbstractSingleArchiveResourceSet.getArchiveEntry(AbstractSingleArchiveResourceSet.java:100)
		at org.apache.catalina.webresources.AbstractArchiveResourceSet.getResource(AbstractArchiveResourceSet.java:255)
		at org.apache.catalina.webresources.StandardRoot.getResourceInternal(StandardRoot.java:273)
		at org.apache.catalina.webresources.Cache.getResource(Cache.java:64)
		at org.apache.catalina.webresources.StandardRoot.getResource(StandardRoot.java:212)
		at org.apache.catalina.webresources.StandardRoot.getClassLoaderResource(StandardRoot.java:221)
		at org.apache.catalina.loader.WebappClassLoaderBase.findClassInternal(WebappClassLoaderBase.java:2221)
		at org.apache.catalina.loader.WebappClassLoaderBase.findClassInternal(WebappClassLoaderBase.java:2212)
		at org.apache.catalina.loader.WebappClassLoaderBase.findClass(WebappClassLoaderBase.java:821)
		at org.apache.catalina.loader.WebappClassLoaderBase.loadClass(WebappClassLoaderBase.java:1312)
		at org.apache.catalina.loader.WebappClassLoaderBase.loadClass(WebappClassLoaderBase.java:1160)
		at servlets.ErrorHandlerServlet.service(ErrorHandlerServlet.java:29)
		at javax.servlet.http.HttpServlet.service(HttpServlet.java:623)
		at org.apache.catalina.core.ApplicationFilterChain.internalDoFilter(ApplicationFilterChain.java:197)
		at org.apache.catalina.core.ApplicationFilterChain.doFilter(ApplicationFilterChain.java:142)
		at org.apache.catalina.core.ApplicationDispatcher.invoke(ApplicationDispatcher.java:619)
		at org.apache.catalina.core.ApplicationDispatcher.processRequest(ApplicationDispatcher.java:401)
		at org.apache.catalina.core.ApplicationDispatcher.doForward(ApplicationDispatcher.java:338)
		at org.apache.catalina.core.ApplicationDispatcher.forward(ApplicationDispatcher.java:283)
		at org.apache.catalina.core.StandardHostValve.custom(StandardHostValve.java:392)
		at org.apache.catalina.core.StandardHostValve.status(StandardHostValve.java:220)
		at org.apache.catalina.core.StandardHostValve.invoke(StandardHostValve.java:163)
		at org.apache.catalina.valves.ErrorReportValve.invoke(ErrorReportValve.java:83)
		at org.apache.catalina.valves.AbstractAccessLogValve.invoke(AbstractAccessLogValve.java:643)
		at org.apache.catalina.core.StandardEngineValve.invoke(StandardEngineValve.java:72)
		at org.apache.catalina.connector.CoyoteAdapter.service(CoyoteAdapter.java:344)
		at org.apache.coyote.http11.Http11Processor.service(Http11Processor.java:398)
		at org.apache.coyote.AbstractProcessorLight.process(AbstractProcessorLight.java:63)
		at org.apache.coyote.AbstractProtocol$ConnectionHandler.process(AbstractProtocol.java:939)
		at org.apache.tomcat.util.net.NioEndpoint$SocketProcessor.doRun(NioEndpoint.java:1831)
		at org.apache.tomcat.util.net.SocketProcessorBase.run(SocketProcessorBase.java:52)
		at org.apache.tomcat.util.threads.ThreadPoolExecutor.runWorker(ThreadPoolExecutor.java:973)
		at org.apache.tomcat.util.threads.ThreadPoolExecutor$Worker.run(ThreadPoolExecutor.java:491)
		at org.apache.tomcat.util.threads.TaskThread$WrappingRunnable.run(TaskThread.java:63)
		at java.lang.Thread.run(Thread.java:748)
	Caused by: java.io.FileNotFoundException: C:\apache-tomcat\webapps\onlinebookstore\WEB-INF\lib\checker-qual-3.5.0.jar (The system cannot find the path specified)
		at java.util.zip.ZipFile.open(Native Method)
		at java.util.zip.ZipFile.<init>(ZipFile.java:225)
		at java.util.zip.ZipFile.<init>(ZipFile.java:155)
		at java.util.jar.JarFile.<init>(JarFile.java:166)
		at java.util.jar.JarFile.<init>(JarFile.java:130)
		at org.apache.tomcat.util.compat.JreCompat.jarFileNewInstance(JreCompat.java:338)
		at org.apache.tomcat.util.compat.JreCompat.jarFileNewInstance(JreCompat.java:324)
		at org.apache.catalina.webresources.AbstractArchiveResourceSet.openJarFile(AbstractArchiveResourceSet.java:324)
		at org.apache.catalina.webresources.AbstractSingleArchiveResourceSet.getArchiveEntry(AbstractSingleArchiveResourceSet.java:96)
		... 34 more
12-Jan-2026 23:12:30.861 SEVERE [http-nio-8080-exec-82] org.apache.catalina.core.ApplicationDispatcher.invoke Servlet.service() for servlet [ErrorHandlerServlet] threw exception
	java.lang.IllegalStateException: java.io.FileNotFoundException: C:\apache-tomcat\webapps\onlinebookstore\WEB-INF\lib\checker-qual-3.5.0.jar (The system cannot find the path specified)
		at org.apache.catalina.webresources.AbstractSingleArchiveResourceSet.getArchiveEntry(AbstractSingleArchiveResourceSet.java:100)
		at org.apache.catalina.webresources.AbstractArchiveResourceSet.getResource(AbstractArchiveResourceSet.java:255)
		at org.apache.catalina.webresources.StandardRoot.getResourceInternal(StandardRoot.java:273)
		at org.apache.catalina.webresources.Cache.getResource(Cache.java:64)
		at org.apache.catalina.webresources.StandardRoot.getResource(StandardRoot.java:212)
		at org.apache.catalina.webresources.StandardRoot.getClassLoaderResource(StandardRoot.java:221)
		at org.apache.catalina.loader.WebappClassLoaderBase.findClassInternal(WebappClassLoaderBase.java:2221)
		at org.apache.catalina.loader.WebappClassLoaderBase.findClassInternal(WebappClassLoaderBase.java:2212)
		at org.apache.catalina.loader.WebappClassLoaderBase.findClass(WebappClassLoaderBase.java:821)
		at org.apache.catalina.loader.WebappClassLoaderBase.loadClass(WebappClassLoaderBase.java:1312)
		at org.apache.catalina.loader.WebappClassLoaderBase.loadClass(WebappClassLoaderBase.java:1160)
		at servlets.ErrorHandlerServlet.service(ErrorHandlerServlet.java:29)
		at javax.servlet.http.HttpServlet.service(HttpServlet.java:623)
		at org.apache.catalina.core.ApplicationFilterChain.internalDoFilter(ApplicationFilterChain.java:197)
		at org.apache.catalina.core.ApplicationFilterChain.doFilter(ApplicationFilterChain.java:142)
		at org.apache.catalina.core.ApplicationDispatcher.invoke(ApplicationDispatcher.java:619)
		at org.apache.catalina.core.ApplicationDispatcher.processRequest(ApplicationDispatcher.java:401)
		at org.apache.catalina.core.ApplicationDispatcher.doForward(ApplicationDispatcher.java:338)
		at org.apache.catalina.core.ApplicationDispatcher.forward(ApplicationDispatcher.java:283)
		at org.apache.catalina.core.StandardHostValve.custom(StandardHostValve.java:392)
		at org.apache.catalina.core.StandardHostValve.status(StandardHostValve.java:220)
		at org.apache.catalina.core.StandardHostValve.invoke(StandardHostValve.java:163)
		at org.apache.catalina.valves.ErrorReportValve.invoke(ErrorReportValve.java:83)
		at org.apache.catalina.valves.AbstractAccessLogValve.invoke(AbstractAccessLogValve.java:643)
		at org.apache.catalina.core.StandardEngineValve.invoke(StandardEngineValve.java:72)
		at org.apache.catalina.connector.CoyoteAdapter.service(CoyoteAdapter.java:344)
		at org.apache.coyote.http11.Http11Processor.service(Http11Processor.java:398)
		at org.apache.coyote.AbstractProcessorLight.process(AbstractProcessorLight.java:63)
		at org.apache.coyote.AbstractProtocol$ConnectionHandler.process(AbstractProtocol.java:939)
		at org.apache.tomcat.util.net.NioEndpoint$SocketProcessor.doRun(NioEndpoint.java:1831)
		at org.apache.tomcat.util.net.SocketProcessorBase.run(SocketProcessorBase.java:52)
		at org.apache.tomcat.util.threads.ThreadPoolExecutor.runWorker(ThreadPoolExecutor.java:973)
		at org.apache.tomcat.util.threads.ThreadPoolExecutor$Worker.run(ThreadPoolExecutor.java:491)
		at org.apache.tomcat.util.threads.TaskThread$WrappingRunnable.run(TaskThread.java:63)
		at java.lang.Thread.run(Thread.java:748)
	Caused by: java.io.FileNotFoundException: C:\apache-tomcat\webapps\onlinebookstore\WEB-INF\lib\checker-qual-3.5.0.jar (The system cannot find the path specified)
		at java.util.zip.ZipFile.open(Native Method)
		at java.util.zip.ZipFile.<init>(ZipFile.java:225)
		at java.util.zip.ZipFile.<init>(ZipFile.java:155)
		at java.util.jar.JarFile.<init>(JarFile.java:166)
		at java.util.jar.JarFile.<init>(JarFile.java:130)
		at org.apache.tomcat.util.compat.JreCompat.jarFileNewInstance(JreCompat.java:338)
		at org.apache.tomcat.util.compat.JreCompat.jarFileNewInstance(JreCompat.java:324)
		at org.apache.catalina.webresources.AbstractArchiveResourceSet.openJarFile(AbstractArchiveResourceSet.java:324)
		at org.apache.catalina.webresources.AbstractSingleArchiveResourceSet.getArchiveEntry(AbstractSingleArchiveResourceSet.java:96)
		... 34 more
12-Jan-2026 23:12:30.861 SEVERE [http-nio-8080-exec-82] org.apache.catalina.core.StandardHostValve.custom Exception Processing [ErrorPage[errorCode=404, location=/error]]
	java.lang.IllegalStateException: java.io.FileNotFoundException: C:\apache-tomcat\webapps\onlinebookstore\WEB-INF\lib\checker-qual-3.5.0.jar (The system cannot find the path specified)
		at org.apache.catalina.webresources.AbstractSingleArchiveResourceSet.getArchiveEntry(AbstractSingleArchiveResourceSet.java:100)
		at org.apache.catalina.webresources.AbstractArchiveResourceSet.getResource(AbstractArchiveResourceSet.java:255)
		at org.apache.catalina.webresources.StandardRoot.getResourceInternal(StandardRoot.java:273)
		at org.apache.catalina.webresources.Cache.getResource(Cache.java:64)
		at org.apache.catalina.webresources.StandardRoot.getResource(StandardRoot.java:212)
		at org.apache.catalina.webresources.StandardRoot.getClassLoaderResource(StandardRoot.java:221)
		at org.apache.catalina.loader.WebappClassLoaderBase.findClassInternal(WebappClassLoaderBase.java:2221)
		at org.apache.catalina.loader.WebappClassLoaderBase.findClassInternal(WebappClassLoaderBase.java:2212)
		at org.apache.catalina.loader.WebappClassLoaderBase.findClass(WebappClassLoaderBase.java:821)
		at org.apache.catalina.loader.WebappClassLoaderBase.loadClass(WebappClassLoaderBase.java:1312)
		at org.apache.catalina.loader.WebappClassLoaderBase.loadClass(WebappClassLoaderBase.java:1160)
		at servlets.ErrorHandlerServlet.service(ErrorHandlerServlet.java:29)
		at javax.servlet.http.HttpServlet.service(HttpServlet.java:623)
		at org.apache.catalina.core.ApplicationFilterChain.internalDoFilter(ApplicationFilterChain.java:197)
		at org.apache.catalina.core.ApplicationFilterChain.doFilter(ApplicationFilterChain.java:142)
		at org.apache.catalina.core.ApplicationDispatcher.invoke(ApplicationDispatcher.java:619)
		at org.apache.catalina.core.ApplicationDispatcher.processRequest(ApplicationDispatcher.java:401)
		at org.apache.catalina.core.ApplicationDispatcher.doForward(ApplicationDispatcher.java:338)
		at org.apache.catalina.core.ApplicationDispatcher.forward(ApplicationDispatcher.java:283)
		at org.apache.catalina.core.StandardHostValve.custom(StandardHostValve.java:392)
		at org.apache.catalina.core.StandardHostValve.status(StandardHostValve.java:220)
		at org.apache.catalina.core.StandardHostValve.invoke(StandardHostValve.java:163)
		at org.apache.catalina.valves.ErrorReportValve.invoke(ErrorReportValve.java:83)
		at org.apache.catalina.valves.AbstractAccessLogValve.invoke(AbstractAccessLogValve.java:643)
		at org.apache.catalina.core.StandardEngineValve.invoke(StandardEngineValve.java:72)
		at org.apache.catalina.connector.CoyoteAdapter.service(CoyoteAdapter.java:344)
		at org.apache.coyote.http11.Http11Processor.service(Http11Processor.java:398)
		at org.apache.coyote.AbstractProcessorLight.process(AbstractProcessorLight.java:63)
		at org.apache.coyote.AbstractProtocol$ConnectionHandler.process(AbstractProtocol.java:939)
		at org.apache.tomcat.util.net.NioEndpoint$SocketProcessor.doRun(NioEndpoint.java:1831)
		at org.apache.tomcat.util.net.SocketProcessorBase.run(SocketProcessorBase.java:52)
		at org.apache.tomcat.util.threads.ThreadPoolExecutor.runWorker(ThreadPoolExecutor.java:973)
		at org.apache.tomcat.util.threads.ThreadPoolExecutor$Worker.run(ThreadPoolExecutor.java:491)
		at org.apache.tomcat.util.threads.TaskThread$WrappingRunnable.run(TaskThread.java:63)
		at java.lang.Thread.run(Thread.java:748)
	Caused by: java.io.FileNotFoundException: C:\apache-tomcat\webapps\onlinebookstore\WEB-INF\lib\checker-qual-3.5.0.jar (The system cannot find the path specified)
		at java.util.zip.ZipFile.open(Native Method)
		at java.util.zip.ZipFile.<init>(ZipFile.java:225)
		at java.util.zip.ZipFile.<init>(ZipFile.java:155)
		at java.util.jar.JarFile.<init>(JarFile.java:166)
		at java.util.jar.JarFile.<init>(JarFile.java:130)
		at org.apache.tomcat.util.compat.JreCompat.jarFileNewInstance(JreCompat.java:338)
		at org.apache.tomcat.util.compat.JreCompat.jarFileNewInstance(JreCompat.java:324)
		at org.apache.catalina.webresources.AbstractArchiveResourceSet.openJarFile(AbstractArchiveResourceSet.java:324)
		at org.apache.catalina.webresources.AbstractSingleArchiveResourceSet.getArchiveEntry(AbstractSingleArchiveResourceSet.java:96)
		... 34 more
12-Jan-2026 23:12:31.030 SEVERE [http-nio-8080-exec-85] org.apache.catalina.core.ApplicationDispatcher.invoke Servlet.service() for servlet [ErrorHandlerServlet] threw exception
	java.lang.IllegalStateException: java.io.FileNotFoundException: C:\apache-tomcat\webapps\onlinebookstore\WEB-INF\lib\checker-qual-3.5.0.jar (The system cannot find the path specified)
		at org.apache.catalina.webresources.AbstractSingleArchiveResourceSet.getArchiveEntry(AbstractSingleArchiveResourceSet.java:100)
		at org.apache.catalina.webresources.AbstractArchiveResourceSet.getResource(AbstractArchiveResourceSet.java:255)
		at org.apache.catalina.webresources.StandardRoot.getResourceInternal(StandardRoot.java:273)
		at org.apache.catalina.webresources.Cache.getResource(Cache.java:64)
		at org.apache.catalina.webresources.StandardRoot.getResource(StandardRoot.java:212)
		at org.apache.catalina.webresources.StandardRoot.getClassLoaderResource(StandardRoot.java:221)
		at org.apache.catalina.loader.WebappClassLoaderBase.findClassInternal(WebappClassLoaderBase.java:2221)
		at org.apache.catalina.loader.WebappClassLoaderBase.findClassInternal(WebappClassLoaderBase.java:2212)
		at org.apache.catalina.loader.WebappClassLoaderBase.findClass(WebappClassLoaderBase.java:821)
		at org.apache.catalina.loader.WebappClassLoaderBase.loadClass(WebappClassLoaderBase.java:1312)
		at org.apache.catalina.loader.WebappClassLoaderBase.loadClass(WebappClassLoaderBase.java:1160)
		at servlets.ErrorHandlerServlet.service(ErrorHandlerServlet.java:29)
		at javax.servlet.http.HttpServlet.service(HttpServlet.java:623)
		at org.apache.catalina.core.ApplicationFilterChain.internalDoFilter(ApplicationFilterChain.java:197)
		at org.apache.catalina.core.ApplicationFilterChain.doFilter(ApplicationFilterChain.java:142)
		at org.apache.catalina.core.ApplicationDispatcher.invoke(ApplicationDispatcher.java:619)
		at org.apache.catalina.core.ApplicationDispatcher.processRequest(ApplicationDispatcher.java:401)
		at org.apache.catalina.core.ApplicationDispatcher.doForward(ApplicationDispatcher.java:338)
		at org.apache.catalina.core.ApplicationDispatcher.forward(ApplicationDispatcher.java:283)
		at org.apache.catalina.core.StandardHostValve.custom(StandardHostValve.java:392)
		at org.apache.catalina.core.StandardHostValve.status(StandardHostValve.java:220)
		at org.apache.catalina.core.StandardHostValve.invoke(StandardHostValve.java:163)
		at org.apache.catalina.valves.ErrorReportValve.invoke(ErrorReportValve.java:83)
		at org.apache.catalina.valves.AbstractAccessLogValve.invoke(AbstractAccessLogValve.java:643)
		at org.apache.catalina.core.StandardEngineValve.invoke(StandardEngineValve.java:72)
		at org.apache.catalina.connector.CoyoteAdapter.service(CoyoteAdapter.java:344)
		at org.apache.coyote.http11.Http11Processor.service(Http11Processor.java:398)
		at org.apache.coyote.AbstractProcessorLight.process(AbstractProcessorLight.java:63)
		at org.apache.coyote.AbstractProtocol$ConnectionHandler.process(AbstractProtocol.java:939)
		at org.apache.tomcat.util.net.NioEndpoint$SocketProcessor.doRun(NioEndpoint.java:1831)
		at org.apache.tomcat.util.net.SocketProcessorBase.run(SocketProcessorBase.java:52)
		at org.apache.tomcat.util.threads.ThreadPoolExecutor.runWorker(ThreadPoolExecutor.java:973)
		at org.apache.tomcat.util.threads.ThreadPoolExecutor$Worker.run(ThreadPoolExecutor.java:491)
		at org.apache.tomcat.util.threads.TaskThread$WrappingRunnable.run(TaskThread.java:63)
		at java.lang.Thread.run(Thread.java:748)
	Caused by: java.io.FileNotFoundException: C:\apache-tomcat\webapps\onlinebookstore\WEB-INF\lib\checker-qual-3.5.0.jar (The system cannot find the path specified)
		at java.util.zip.ZipFile.open(Native Method)
		at java.util.zip.ZipFile.<init>(ZipFile.java:225)
		at java.util.zip.ZipFile.<init>(ZipFile.java:155)
		at java.util.jar.JarFile.<init>(JarFile.java:166)
		at java.util.jar.JarFile.<init>(JarFile.java:130)
		at org.apache.tomcat.util.compat.JreCompat.jarFileNewInstance(JreCompat.java:338)
		at org.apache.tomcat.util.compat.JreCompat.jarFileNewInstance(JreCompat.java:324)
		at org.apache.catalina.webresources.AbstractArchiveResourceSet.openJarFile(AbstractArchiveResourceSet.java:324)
		at org.apache.catalina.webresources.AbstractSingleArchiveResourceSet.getArchiveEntry(AbstractSingleArchiveResourceSet.java:96)
		... 34 more
12-Jan-2026 23:12:31.030 SEVERE [http-nio-8080-exec-85] org.apache.catalina.core.StandardHostValve.custom Exception Processing [ErrorPage[errorCode=404, location=/error]]
	java.lang.IllegalStateException: java.io.FileNotFoundException: C:\apache-tomcat\webapps\onlinebookstore\WEB-INF\lib\checker-qual-3.5.0.jar (The system cannot find the path specified)
		at org.apache.catalina.webresources.AbstractSingleArchiveResourceSet.getArchiveEntry(AbstractSingleArchiveResourceSet.java:100)
		at org.apache.catalina.webresources.AbstractArchiveResourceSet.getResource(AbstractArchiveResourceSet.java:255)
		at org.apache.catalina.webresources.StandardRoot.getResourceInternal(StandardRoot.java:273)
		at org.apache.catalina.webresources.Cache.getResource(Cache.java:64)
		at org.apache.catalina.webresources.StandardRoot.getResource(StandardRoot.java:212)
		at org.apache.catalina.webresources.StandardRoot.getClassLoaderResource(StandardRoot.java:221)
		at org.apache.catalina.loader.WebappClassLoaderBase.findClassInternal(WebappClassLoaderBase.java:2221)
		at org.apache.catalina.loader.WebappClassLoaderBase.findClassInternal(WebappClassLoaderBase.java:2212)
		at org.apache.catalina.loader.WebappClassLoaderBase.findClass(WebappClassLoaderBase.java:821)
		at org.apache.catalina.loader.WebappClassLoaderBase.loadClass(WebappClassLoaderBase.java:1312)
		at org.apache.catalina.loader.WebappClassLoaderBase.loadClass(WebappClassLoaderBase.java:1160)
		at servlets.ErrorHandlerServlet.service(ErrorHandlerServlet.java:29)
		at javax.servlet.http.HttpServlet.service(HttpServlet.java:623)
		at org.apache.catalina.core.ApplicationFilterChain.internalDoFilter(ApplicationFilterChain.java:197)
		at org.apache.catalina.core.ApplicationFilterChain.doFilter(ApplicationFilterChain.java:142)
		at org.apache.catalina.core.ApplicationDispatcher.invoke(ApplicationDispatcher.java:619)
		at org.apache.catalina.core.ApplicationDispatcher.processRequest(ApplicationDispatcher.java:401)
		at org.apache.catalina.core.ApplicationDispatcher.doForward(ApplicationDispatcher.java:338)
		at org.apache.catalina.core.ApplicationDispatcher.forward(ApplicationDispatcher.java:283)
		at org.apache.catalina.core.StandardHostValve.custom(StandardHostValve.java:392)
		at org.apache.catalina.core.StandardHostValve.status(StandardHostValve.java:220)
		at org.apache.catalina.core.StandardHostValve.invoke(StandardHostValve.java:163)
		at org.apache.catalina.valves.ErrorReportValve.invoke(ErrorReportValve.java:83)
		at org.apache.catalina.valves.AbstractAccessLogValve.invoke(AbstractAccessLogValve.java:643)
		at org.apache.catalina.core.StandardEngineValve.invoke(StandardEngineValve.java:72)
		at org.apache.catalina.connector.CoyoteAdapter.service(CoyoteAdapter.java:344)
		at org.apache.coyote.http11.Http11Processor.service(Http11Processor.java:398)
		at org.apache.coyote.AbstractProcessorLight.process(AbstractProcessorLight.java:63)
		at org.apache.coyote.AbstractProtocol$ConnectionHandler.process(AbstractProtocol.java:939)
		at org.apache.tomcat.util.net.NioEndpoint$SocketProcessor.doRun(NioEndpoint.java:1831)
		at org.apache.tomcat.util.net.SocketProcessorBase.run(SocketProcessorBase.java:52)
		at org.apache.tomcat.util.threads.ThreadPoolExecutor.runWorker(ThreadPoolExecutor.java:973)
		at org.apache.tomcat.util.threads.ThreadPoolExecutor$Worker.run(ThreadPoolExecutor.java:491)
		at org.apache.tomcat.util.threads.TaskThread$WrappingRunnable.run(TaskThread.java:63)
		at java.lang.Thread.run(Thread.java:748)
	Caused by: java.io.FileNotFoundException: C:\apache-tomcat\webapps\onlinebookstore\WEB-INF\lib\checker-qual-3.5.0.jar (The system cannot find the path specified)
		at java.util.zip.ZipFile.open(Native Method)
		at java.util.zip.ZipFile.<init>(ZipFile.java:225)
		at java.util.zip.ZipFile.<init>(ZipFile.java:155)
		at java.util.jar.JarFile.<init>(JarFile.java:166)
		at java.util.jar.JarFile.<init>(JarFile.java:130)
		at org.apache.tomcat.util.compat.JreCompat.jarFileNewInstance(JreCompat.java:338)
		at org.apache.tomcat.util.compat.JreCompat.jarFileNewInstance(JreCompat.java:324)
		at org.apache.catalina.webresources.AbstractArchiveResourceSet.openJarFile(AbstractArchiveResourceSet.java:324)
		at org.apache.catalina.webresources.AbstractSingleArchiveResourceSet.getArchiveEntry(AbstractSingleArchiveResourceSet.java:96)
		... 34 more
