04-Jan-2026 14:58:44.231 INFO [main] org.apache.catalina.core.ApplicationContext.log ContextListener: contextInitialized()
04-Jan-2026 14:58:44.231 INFO [main] org.apache.catalina.core.ApplicationContext.log SessionListener: contextInitialized()
04-Jan-2026 14:58:44.231 INFO [main] org.apache.catalina.core.ApplicationContext.log ContextListener: attributeAdded('StockTicker', 'async.Stockticker@10667848')
04-Jan-2026 17:23:58.237 SEVERE [http-nio-8080-exec-12] org.apache.catalina.core.ApplicationDispatcher.invoke Servlet.service() for servlet [ErrorHandlerServlet] threw exception
	java.lang.IllegalStateException: java.io.FileNotFoundException: C:\apache-tomcat\webapps\onlinebookstore\WEB-INF\lib\checker-qual-3.5.0.jar (The system cannot find the path specified)
		at org.apache.catalina.webresources.AbstractSingleArchiveResourceSet.getArchiveEntry(AbstractSingleArchiveResourceSet.java:100)
		at org.apache.catalina.webresources.AbstractArchiveResourceSet.getResource(AbstractArchiveResourceSet.java:255)
		at org.apache.catalina.webresources.StandardRoot.getResourceInternal(StandardRoot.java:273)
		at org.apache.catalina.webresources.Cache.getResource(Cache.java:64)
		at org.apache.catalina.webresources.StandardRoot.getResource(StandardRoot.java:212)
		at org.apache.catalina.webresources.StandardRoot.getClassLoaderResource(StandardRoot.java:221)
		at org.apache.catalina.loader.WebappClassLoaderBase.findClassInternal(WebappClassLoaderBase.java:2221)
		at org.apache.catalina.loader.WebappClassLoaderBase.findClassInternal(WebappClassLoaderBase.java:2212)
		at org.apache.catalina.loader.WebappClassLoaderBase.findClass(WebappClassLoaderBase.java:821)
		at org.apache.catalina.loader.WebappClassLoaderBase.loadClass(WebappClassLoaderBase.java:1312)
		at org.apache.catalina.loader.WebappClassLoaderBase.loadClass(WebappClassLoaderBase.java:1160)
		at servlets.ErrorHandlerServlet.service(ErrorHandlerServlet.java:29)
		at javax.servlet.http.HttpServlet.service(HttpServlet.java:623)
		at org.apache.catalina.core.ApplicationFilterChain.internalDoFilter(ApplicationFilterChain.java:197)
		at org.apache.catalina.core.ApplicationFilterChain.doFilter(ApplicationFilterChain.java:142)
		at org.apache.catalina.core.ApplicationDispatcher.invoke(ApplicationDispatcher.java:619)
		at org.apache.catalina.core.ApplicationDispatcher.processRequest(ApplicationDispatcher.java:401)
		at org.apache.catalina.core.ApplicationDispatcher.doForward(ApplicationDispatcher.java:338)
		at org.apache.catalina.core.ApplicationDispatcher.forward(ApplicationDispatcher.java:283)
		at org.apache.catalina.core.StandardHostValve.custom(StandardHostValve.java:392)
		at org.apache.catalina.core.StandardHostValve.status(StandardHostValve.java:220)
		at org.apache.catalina.core.StandardHostValve.invoke(StandardHostValve.java:163)
		at org.apache.catalina.valves.ErrorReportValve.invoke(ErrorReportValve.java:83)
		at org.apache.catalina.valves.AbstractAccessLogValve.invoke(AbstractAccessLogValve.java:643)
		at org.apache.catalina.core.StandardEngineValve.invoke(StandardEngineValve.java:72)
		at org.apache.catalina.connector.CoyoteAdapter.service(CoyoteAdapter.java:344)
		at org.apache.coyote.http11.Http11Processor.service(Http11Processor.java:398)
		at org.apache.coyote.AbstractProcessorLight.process(AbstractProcessorLight.java:63)
		at org.apache.coyote.AbstractProtocol$ConnectionHandler.process(AbstractProtocol.java:939)
		at org.apache.tomcat.util.net.NioEndpoint$SocketProcessor.doRun(NioEndpoint.java:1831)
		at org.apache.tomcat.util.net.SocketProcessorBase.run(SocketProcessorBase.java:52)
		at org.apache.tomcat.util.threads.ThreadPoolExecutor.runWorker(ThreadPoolExecutor.java:973)
		at org.apache.tomcat.util.threads.ThreadPoolExecutor$Worker.run(ThreadPoolExecutor.java:491)
		at org.apache.tomcat.util.threads.TaskThread$WrappingRunnable.run(TaskThread.java:63)
		at java.lang.Thread.run(Thread.java:748)
	Caused by: java.io.FileNotFoundException: C:\apache-tomcat\webapps\onlinebookstore\WEB-INF\lib\checker-qual-3.5.0.jar (The system cannot find the path specified)
		at java.util.zip.ZipFile.open(Native Method)
		at java.util.zip.ZipFile.<init>(ZipFile.java:225)
		at java.util.zip.ZipFile.<init>(ZipFile.java:155)
		at java.util.jar.JarFile.<init>(JarFile.java:166)
		at java.util.jar.JarFile.<init>(JarFile.java:130)
		at org.apache.tomcat.util.compat.JreCompat.jarFileNewInstance(JreCompat.java:338)
		at org.apache.tomcat.util.compat.JreCompat.jarFileNewInstance(JreCompat.java:324)
		at org.apache.catalina.webresources.AbstractArchiveResourceSet.openJarFile(AbstractArchiveResourceSet.java:324)
		at org.apache.catalina.webresources.AbstractSingleArchiveResourceSet.getArchiveEntry(AbstractSingleArchiveResourceSet.java:96)
		... 34 more
04-Jan-2026 17:23:58.237 SEVERE [http-nio-8080-exec-12] org.apache.catalina.core.StandardHostValve.custom Exception Processing [ErrorPage[errorCode=404, location=/error]]
	java.lang.IllegalStateException: java.io.FileNotFoundException: C:\apache-tomcat\webapps\onlinebookstore\WEB-INF\lib\checker-qual-3.5.0.jar (The system cannot find the path specified)
		at org.apache.catalina.webresources.AbstractSingleArchiveResourceSet.getArchiveEntry(AbstractSingleArchiveResourceSet.java:100)
		at org.apache.catalina.webresources.AbstractArchiveResourceSet.getResource(AbstractArchiveResourceSet.java:255)
		at org.apache.catalina.webresources.StandardRoot.getResourceInternal(StandardRoot.java:273)
		at org.apache.catalina.webresources.Cache.getResource(Cache.java:64)
		at org.apache.catalina.webresources.StandardRoot.getResource(StandardRoot.java:212)
		at org.apache.catalina.webresources.StandardRoot.getClassLoaderResource(StandardRoot.java:221)
		at org.apache.catalina.loader.WebappClassLoaderBase.findClassInternal(WebappClassLoaderBase.java:2221)
		at org.apache.catalina.loader.WebappClassLoaderBase.findClassInternal(WebappClassLoaderBase.java:2212)
		at org.apache.catalina.loader.WebappClassLoaderBase.findClass(WebappClassLoaderBase.java:821)
		at org.apache.catalina.loader.WebappClassLoaderBase.loadClass(WebappClassLoaderBase.java:1312)
		at org.apache.catalina.loader.WebappClassLoaderBase.loadClass(WebappClassLoaderBase.java:1160)
		at servlets.ErrorHandlerServlet.service(ErrorHandlerServlet.java:29)
		at javax.servlet.http.HttpServlet.service(HttpServlet.java:623)
		at org.apache.catalina.core.ApplicationFilterChain.internalDoFilter(ApplicationFilterChain.java:197)
		at org.apache.catalina.core.ApplicationFilterChain.doFilter(ApplicationFilterChain.java:142)
		at org.apache.catalina.core.ApplicationDispatcher.invoke(ApplicationDispatcher.java:619)
		at org.apache.catalina.core.ApplicationDispatcher.processRequest(ApplicationDispatcher.java:401)
		at org.apache.catalina.core.ApplicationDispatcher.doForward(ApplicationDispatcher.java:338)
		at org.apache.catalina.core.ApplicationDispatcher.forward(ApplicationDispatcher.java:283)
		at org.apache.catalina.core.StandardHostValve.custom(StandardHostValve.java:392)
		at org.apache.catalina.core.StandardHostValve.status(StandardHostValve.java:220)
		at org.apache.catalina.core.StandardHostValve.invoke(StandardHostValve.java:163)
		at org.apache.catalina.valves.ErrorReportValve.invoke(ErrorReportValve.java:83)
		at org.apache.catalina.valves.AbstractAccessLogValve.invoke(AbstractAccessLogValve.java:643)
		at org.apache.catalina.core.StandardEngineValve.invoke(StandardEngineValve.java:72)
		at org.apache.catalina.connector.CoyoteAdapter.service(CoyoteAdapter.java:344)
		at org.apache.coyote.http11.Http11Processor.service(Http11Processor.java:398)
		at org.apache.coyote.AbstractProcessorLight.process(AbstractProcessorLight.java:63)
		at org.apache.coyote.AbstractProtocol$ConnectionHandler.process(AbstractProtocol.java:939)
		at org.apache.tomcat.util.net.NioEndpoint$SocketProcessor.doRun(NioEndpoint.java:1831)
		at org.apache.tomcat.util.net.SocketProcessorBase.run(SocketProcessorBase.java:52)
		at org.apache.tomcat.util.threads.ThreadPoolExecutor.runWorker(ThreadPoolExecutor.java:973)
		at org.apache.tomcat.util.threads.ThreadPoolExecutor$Worker.run(ThreadPoolExecutor.java:491)
		at org.apache.tomcat.util.threads.TaskThread$WrappingRunnable.run(TaskThread.java:63)
		at java.lang.Thread.run(Thread.java:748)
	Caused by: java.io.FileNotFoundException: C:\apache-tomcat\webapps\onlinebookstore\WEB-INF\lib\checker-qual-3.5.0.jar (The system cannot find the path specified)
		at java.util.zip.ZipFile.open(Native Method)
		at java.util.zip.ZipFile.<init>(ZipFile.java:225)
		at java.util.zip.ZipFile.<init>(ZipFile.java:155)
		at java.util.jar.JarFile.<init>(JarFile.java:166)
		at java.util.jar.JarFile.<init>(JarFile.java:130)
		at org.apache.tomcat.util.compat.JreCompat.jarFileNewInstance(JreCompat.java:338)
		at org.apache.tomcat.util.compat.JreCompat.jarFileNewInstance(JreCompat.java:324)
		at org.apache.catalina.webresources.AbstractArchiveResourceSet.openJarFile(AbstractArchiveResourceSet.java:324)
		at org.apache.catalina.webresources.AbstractSingleArchiveResourceSet.getArchiveEntry(AbstractSingleArchiveResourceSet.java:96)
		... 34 more
04-Jan-2026 18:46:45.243 SEVERE [http-nio-8080-exec-106] org.apache.catalina.core.ApplicationDispatcher.invoke Servlet.service() for servlet [ErrorHandlerServlet] threw exception
	java.lang.IllegalStateException: java.io.FileNotFoundException: C:\apache-tomcat\webapps\onlinebookstore\WEB-INF\lib\checker-qual-3.5.0.jar (The system cannot find the path specified)
		at org.apache.catalina.webresources.AbstractSingleArchiveResourceSet.getArchiveEntry(AbstractSingleArchiveResourceSet.java:100)
		at org.apache.catalina.webresources.AbstractArchiveResourceSet.getResource(AbstractArchiveResourceSet.java:255)
		at org.apache.catalina.webresources.StandardRoot.getResourceInternal(StandardRoot.java:273)
		at org.apache.catalina.webresources.Cache.getResource(Cache.java:64)
		at org.apache.catalina.webresources.StandardRoot.getResource(StandardRoot.java:212)
		at org.apache.catalina.webresources.StandardRoot.getClassLoaderResource(StandardRoot.java:221)
		at org.apache.catalina.loader.WebappClassLoaderBase.findClassInternal(WebappClassLoaderBase.java:2221)
		at org.apache.catalina.loader.WebappClassLoaderBase.findClassInternal(WebappClassLoaderBase.java:2212)
		at org.apache.catalina.loader.WebappClassLoaderBase.findClass(WebappClassLoaderBase.java:821)
		at org.apache.catalina.loader.WebappClassLoaderBase.loadClass(WebappClassLoaderBase.java:1312)
		at org.apache.catalina.loader.WebappClassLoaderBase.loadClass(WebappClassLoaderBase.java:1160)
		at servlets.ErrorHandlerServlet.service(ErrorHandlerServlet.java:29)
		at javax.servlet.http.HttpServlet.service(HttpServlet.java:623)
		at org.apache.catalina.core.ApplicationFilterChain.internalDoFilter(ApplicationFilterChain.java:197)
		at org.apache.catalina.core.ApplicationFilterChain.doFilter(ApplicationFilterChain.java:142)
		at org.apache.catalina.core.ApplicationDispatcher.invoke(ApplicationDispatcher.java:619)
		at org.apache.catalina.core.ApplicationDispatcher.processRequest(ApplicationDispatcher.java:401)
		at org.apache.catalina.core.ApplicationDispatcher.doForward(ApplicationDispatcher.java:338)
		at org.apache.catalina.core.ApplicationDispatcher.forward(ApplicationDispatcher.java:283)
		at org.apache.catalina.core.StandardHostValve.custom(StandardHostValve.java:392)
		at org.apache.catalina.core.StandardHostValve.status(StandardHostValve.java:220)
		at org.apache.catalina.core.StandardHostValve.invoke(StandardHostValve.java:163)
		at org.apache.catalina.valves.ErrorReportValve.invoke(ErrorReportValve.java:83)
		at org.apache.catalina.valves.AbstractAccessLogValve.invoke(AbstractAccessLogValve.java:643)
		at org.apache.catalina.core.StandardEngineValve.invoke(StandardEngineValve.java:72)
		at org.apache.catalina.connector.CoyoteAdapter.service(CoyoteAdapter.java:344)
		at org.apache.coyote.http11.Http11Processor.service(Http11Processor.java:398)
		at org.apache.coyote.AbstractProcessorLight.process(AbstractProcessorLight.java:63)
		at org.apache.coyote.AbstractProtocol$ConnectionHandler.process(AbstractProtocol.java:939)
		at org.apache.tomcat.util.net.NioEndpoint$SocketProcessor.doRun(NioEndpoint.java:1831)
		at org.apache.tomcat.util.net.SocketProcessorBase.run(SocketProcessorBase.java:52)
		at org.apache.tomcat.util.threads.ThreadPoolExecutor.runWorker(ThreadPoolExecutor.java:973)
		at org.apache.tomcat.util.threads.ThreadPoolExecutor$Worker.run(ThreadPoolExecutor.java:491)
		at org.apache.tomcat.util.threads.TaskThread$WrappingRunnable.run(TaskThread.java:63)
		at java.lang.Thread.run(Thread.java:748)
	Caused by: java.io.FileNotFoundException: C:\apache-tomcat\webapps\onlinebookstore\WEB-INF\lib\checker-qual-3.5.0.jar (The system cannot find the path specified)
		at java.util.zip.ZipFile.open(Native Method)
		at java.util.zip.ZipFile.<init>(ZipFile.java:225)
		at java.util.zip.ZipFile.<init>(ZipFile.java:155)
		at java.util.jar.JarFile.<init>(JarFile.java:166)
		at java.util.jar.JarFile.<init>(JarFile.java:130)
		at org.apache.tomcat.util.compat.JreCompat.jarFileNewInstance(JreCompat.java:338)
		at org.apache.tomcat.util.compat.JreCompat.jarFileNewInstance(JreCompat.java:324)
		at org.apache.catalina.webresources.AbstractArchiveResourceSet.openJarFile(AbstractArchiveResourceSet.java:324)
		at org.apache.catalina.webresources.AbstractSingleArchiveResourceSet.getArchiveEntry(AbstractSingleArchiveResourceSet.java:96)
		... 34 more
04-Jan-2026 18:46:45.245 SEVERE [http-nio-8080-exec-106] org.apache.catalina.core.StandardHostValve.custom Exception Processing [ErrorPage[errorCode=404, location=/error]]
	java.lang.IllegalStateException: java.io.FileNotFoundException: C:\apache-tomcat\webapps\onlinebookstore\WEB-INF\lib\checker-qual-3.5.0.jar (The system cannot find the path specified)
		at org.apache.catalina.webresources.AbstractSingleArchiveResourceSet.getArchiveEntry(AbstractSingleArchiveResourceSet.java:100)
		at org.apache.catalina.webresources.AbstractArchiveResourceSet.getResource(AbstractArchiveResourceSet.java:255)
		at org.apache.catalina.webresources.StandardRoot.getResourceInternal(StandardRoot.java:273)
		at org.apache.catalina.webresources.Cache.getResource(Cache.java:64)
		at org.apache.catalina.webresources.StandardRoot.getResource(StandardRoot.java:212)
		at org.apache.catalina.webresources.StandardRoot.getClassLoaderResource(StandardRoot.java:221)
		at org.apache.catalina.loader.WebappClassLoaderBase.findClassInternal(WebappClassLoaderBase.java:2221)
		at org.apache.catalina.loader.WebappClassLoaderBase.findClassInternal(WebappClassLoaderBase.java:2212)
		at org.apache.catalina.loader.WebappClassLoaderBase.findClass(WebappClassLoaderBase.java:821)
		at org.apache.catalina.loader.WebappClassLoaderBase.loadClass(WebappClassLoaderBase.java:1312)
		at org.apache.catalina.loader.WebappClassLoaderBase.loadClass(WebappClassLoaderBase.java:1160)
		at servlets.ErrorHandlerServlet.service(ErrorHandlerServlet.java:29)
		at javax.servlet.http.HttpServlet.service(HttpServlet.java:623)
		at org.apache.catalina.core.ApplicationFilterChain.internalDoFilter(ApplicationFilterChain.java:197)
		at org.apache.catalina.core.ApplicationFilterChain.doFilter(ApplicationFilterChain.java:142)
		at org.apache.catalina.core.ApplicationDispatcher.invoke(ApplicationDispatcher.java:619)
		at org.apache.catalina.core.ApplicationDispatcher.processRequest(ApplicationDispatcher.java:401)
		at org.apache.catalina.core.ApplicationDispatcher.doForward(ApplicationDispatcher.java:338)
		at org.apache.catalina.core.ApplicationDispatcher.forward(ApplicationDispatcher.java:283)
		at org.apache.catalina.core.StandardHostValve.custom(StandardHostValve.java:392)
		at org.apache.catalina.core.StandardHostValve.status(StandardHostValve.java:220)
		at org.apache.catalina.core.StandardHostValve.invoke(StandardHostValve.java:163)
		at org.apache.catalina.valves.ErrorReportValve.invoke(ErrorReportValve.java:83)
		at org.apache.catalina.valves.AbstractAccessLogValve.invoke(AbstractAccessLogValve.java:643)
		at org.apache.catalina.core.StandardEngineValve.invoke(StandardEngineValve.java:72)
		at org.apache.catalina.connector.CoyoteAdapter.service(CoyoteAdapter.java:344)
		at org.apache.coyote.http11.Http11Processor.service(Http11Processor.java:398)
		at org.apache.coyote.AbstractProcessorLight.process(AbstractProcessorLight.java:63)
		at org.apache.coyote.AbstractProtocol$ConnectionHandler.process(AbstractProtocol.java:939)
		at org.apache.tomcat.util.net.NioEndpoint$SocketProcessor.doRun(NioEndpoint.java:1831)
		at org.apache.tomcat.util.net.SocketProcessorBase.run(SocketProcessorBase.java:52)
		at org.apache.tomcat.util.threads.ThreadPoolExecutor.runWorker(ThreadPoolExecutor.java:973)
		at org.apache.tomcat.util.threads.ThreadPoolExecutor$Worker.run(ThreadPoolExecutor.java:491)
		at org.apache.tomcat.util.threads.TaskThread$WrappingRunnable.run(TaskThread.java:63)
		at java.lang.Thread.run(Thread.java:748)
	Caused by: java.io.FileNotFoundException: C:\apache-tomcat\webapps\onlinebookstore\WEB-INF\lib\checker-qual-3.5.0.jar (The system cannot find the path specified)
		at java.util.zip.ZipFile.open(Native Method)
		at java.util.zip.ZipFile.<init>(ZipFile.java:225)
		at java.util.zip.ZipFile.<init>(ZipFile.java:155)
		at java.util.jar.JarFile.<init>(JarFile.java:166)
		at java.util.jar.JarFile.<init>(JarFile.java:130)
		at org.apache.tomcat.util.compat.JreCompat.jarFileNewInstance(JreCompat.java:338)
		at org.apache.tomcat.util.compat.JreCompat.jarFileNewInstance(JreCompat.java:324)
		at org.apache.catalina.webresources.AbstractArchiveResourceSet.openJarFile(AbstractArchiveResourceSet.java:324)
		at org.apache.catalina.webresources.AbstractSingleArchiveResourceSet.getArchiveEntry(AbstractSingleArchiveResourceSet.java:96)
		... 34 more
04-Jan-2026 18:46:46.167 SEVERE [http-nio-8080-exec-107] org.apache.catalina.core.ApplicationDispatcher.invoke Servlet.service() for servlet [ErrorHandlerServlet] threw exception
	java.lang.IllegalStateException: java.io.FileNotFoundException: C:\apache-tomcat\webapps\onlinebookstore\WEB-INF\lib\checker-qual-3.5.0.jar (The system cannot find the path specified)
		at org.apache.catalina.webresources.AbstractSingleArchiveResourceSet.getArchiveEntry(AbstractSingleArchiveResourceSet.java:100)
		at org.apache.catalina.webresources.AbstractArchiveResourceSet.getResource(AbstractArchiveResourceSet.java:255)
		at org.apache.catalina.webresources.StandardRoot.getResourceInternal(StandardRoot.java:273)
		at org.apache.catalina.webresources.Cache.getResource(Cache.java:64)
		at org.apache.catalina.webresources.StandardRoot.getResource(StandardRoot.java:212)
		at org.apache.catalina.webresources.StandardRoot.getClassLoaderResource(StandardRoot.java:221)
		at org.apache.catalina.loader.WebappClassLoaderBase.findClassInternal(WebappClassLoaderBase.java:2221)
		at org.apache.catalina.loader.WebappClassLoaderBase.findClassInternal(WebappClassLoaderBase.java:2212)
		at org.apache.catalina.loader.WebappClassLoaderBase.findClass(WebappClassLoaderBase.java:821)
		at org.apache.catalina.loader.WebappClassLoaderBase.loadClass(WebappClassLoaderBase.java:1312)
		at org.apache.catalina.loader.WebappClassLoaderBase.loadClass(WebappClassLoaderBase.java:1160)
		at servlets.ErrorHandlerServlet.service(ErrorHandlerServlet.java:29)
		at javax.servlet.http.HttpServlet.service(HttpServlet.java:623)
		at org.apache.catalina.core.ApplicationFilterChain.internalDoFilter(ApplicationFilterChain.java:197)
		at org.apache.catalina.core.ApplicationFilterChain.doFilter(ApplicationFilterChain.java:142)
		at org.apache.catalina.core.ApplicationDispatcher.invoke(ApplicationDispatcher.java:619)
		at org.apache.catalina.core.ApplicationDispatcher.processRequest(ApplicationDispatcher.java:401)
		at org.apache.catalina.core.ApplicationDispatcher.doForward(ApplicationDispatcher.java:338)
		at org.apache.catalina.core.ApplicationDispatcher.forward(ApplicationDispatcher.java:283)
		at org.apache.catalina.core.StandardHostValve.custom(StandardHostValve.java:392)
		at org.apache.catalina.core.StandardHostValve.status(StandardHostValve.java:220)
		at org.apache.catalina.core.StandardHostValve.invoke(StandardHostValve.java:163)
		at org.apache.catalina.valves.ErrorReportValve.invoke(ErrorReportValve.java:83)
		at org.apache.catalina.valves.AbstractAccessLogValve.invoke(AbstractAccessLogValve.java:643)
		at org.apache.catalina.core.StandardEngineValve.invoke(StandardEngineValve.java:72)
		at org.apache.catalina.connector.CoyoteAdapter.service(CoyoteAdapter.java:344)
		at org.apache.coyote.http11.Http11Processor.service(Http11Processor.java:398)
		at org.apache.coyote.AbstractProcessorLight.process(AbstractProcessorLight.java:63)
		at org.apache.coyote.AbstractProtocol$ConnectionHandler.process(AbstractProtocol.java:939)
		at org.apache.tomcat.util.net.NioEndpoint$SocketProcessor.doRun(NioEndpoint.java:1831)
		at org.apache.tomcat.util.net.SocketProcessorBase.run(SocketProcessorBase.java:52)
		at org.apache.tomcat.util.threads.ThreadPoolExecutor.runWorker(ThreadPoolExecutor.java:973)
		at org.apache.tomcat.util.threads.ThreadPoolExecutor$Worker.run(ThreadPoolExecutor.java:491)
		at org.apache.tomcat.util.threads.TaskThread$WrappingRunnable.run(TaskThread.java:63)
		at java.lang.Thread.run(Thread.java:748)
	Caused by: java.io.FileNotFoundException: C:\apache-tomcat\webapps\onlinebookstore\WEB-INF\lib\checker-qual-3.5.0.jar (The system cannot find the path specified)
		at java.util.zip.ZipFile.open(Native Method)
		at java.util.zip.ZipFile.<init>(ZipFile.java:225)
		at java.util.zip.ZipFile.<init>(ZipFile.java:155)
		at java.util.jar.JarFile.<init>(JarFile.java:166)
		at java.util.jar.JarFile.<init>(JarFile.java:130)
		at org.apache.tomcat.util.compat.JreCompat.jarFileNewInstance(JreCompat.java:338)
		at org.apache.tomcat.util.compat.JreCompat.jarFileNewInstance(JreCompat.java:324)
		at org.apache.catalina.webresources.AbstractArchiveResourceSet.openJarFile(AbstractArchiveResourceSet.java:324)
		at org.apache.catalina.webresources.AbstractSingleArchiveResourceSet.getArchiveEntry(AbstractSingleArchiveResourceSet.java:96)
		... 34 more
04-Jan-2026 18:46:46.167 SEVERE [http-nio-8080-exec-107] org.apache.catalina.core.StandardHostValve.custom Exception Processing [ErrorPage[errorCode=404, location=/error]]
	java.lang.IllegalStateException: java.io.FileNotFoundException: C:\apache-tomcat\webapps\onlinebookstore\WEB-INF\lib\checker-qual-3.5.0.jar (The system cannot find the path specified)
		at org.apache.catalina.webresources.AbstractSingleArchiveResourceSet.getArchiveEntry(AbstractSingleArchiveResourceSet.java:100)
		at org.apache.catalina.webresources.AbstractArchiveResourceSet.getResource(AbstractArchiveResourceSet.java:255)
		at org.apache.catalina.webresources.StandardRoot.getResourceInternal(StandardRoot.java:273)
		at org.apache.catalina.webresources.Cache.getResource(Cache.java:64)
		at org.apache.catalina.webresources.StandardRoot.getResource(StandardRoot.java:212)
		at org.apache.catalina.webresources.StandardRoot.getClassLoaderResource(StandardRoot.java:221)
		at org.apache.catalina.loader.WebappClassLoaderBase.findClassInternal(WebappClassLoaderBase.java:2221)
		at org.apache.catalina.loader.WebappClassLoaderBase.findClassInternal(WebappClassLoaderBase.java:2212)
		at org.apache.catalina.loader.WebappClassLoaderBase.findClass(WebappClassLoaderBase.java:821)
		at org.apache.catalina.loader.WebappClassLoaderBase.loadClass(WebappClassLoaderBase.java:1312)
		at org.apache.catalina.loader.WebappClassLoaderBase.loadClass(WebappClassLoaderBase.java:1160)
		at servlets.ErrorHandlerServlet.service(ErrorHandlerServlet.java:29)
		at javax.servlet.http.HttpServlet.service(HttpServlet.java:623)
		at org.apache.catalina.core.ApplicationFilterChain.internalDoFilter(ApplicationFilterChain.java:197)
		at org.apache.catalina.core.ApplicationFilterChain.doFilter(ApplicationFilterChain.java:142)
		at org.apache.catalina.core.ApplicationDispatcher.invoke(ApplicationDispatcher.java:619)
		at org.apache.catalina.core.ApplicationDispatcher.processRequest(ApplicationDispatcher.java:401)
		at org.apache.catalina.core.ApplicationDispatcher.doForward(ApplicationDispatcher.java:338)
		at org.apache.catalina.core.ApplicationDispatcher.forward(ApplicationDispatcher.java:283)
		at org.apache.catalina.core.StandardHostValve.custom(StandardHostValve.java:392)
		at org.apache.catalina.core.StandardHostValve.status(StandardHostValve.java:220)
		at org.apache.catalina.core.StandardHostValve.invoke(StandardHostValve.java:163)
		at org.apache.catalina.valves.ErrorReportValve.invoke(ErrorReportValve.java:83)
		at org.apache.catalina.valves.AbstractAccessLogValve.invoke(AbstractAccessLogValve.java:643)
		at org.apache.catalina.core.StandardEngineValve.invoke(StandardEngineValve.java:72)
		at org.apache.catalina.connector.CoyoteAdapter.service(CoyoteAdapter.java:344)
		at org.apache.coyote.http11.Http11Processor.service(Http11Processor.java:398)
		at org.apache.coyote.AbstractProcessorLight.process(AbstractProcessorLight.java:63)
		at org.apache.coyote.AbstractProtocol$ConnectionHandler.process(AbstractProtocol.java:939)
		at org.apache.tomcat.util.net.NioEndpoint$SocketProcessor.doRun(NioEndpoint.java:1831)
		at org.apache.tomcat.util.net.SocketProcessorBase.run(SocketProcessorBase.java:52)
		at org.apache.tomcat.util.threads.ThreadPoolExecutor.runWorker(ThreadPoolExecutor.java:973)
		at org.apache.tomcat.util.threads.ThreadPoolExecutor$Worker.run(ThreadPoolExecutor.java:491)
		at org.apache.tomcat.util.threads.TaskThread$WrappingRunnable.run(TaskThread.java:63)
		at java.lang.Thread.run(Thread.java:748)
	Caused by: java.io.FileNotFoundException: C:\apache-tomcat\webapps\onlinebookstore\WEB-INF\lib\checker-qual-3.5.0.jar (The system cannot find the path specified)
		at java.util.zip.ZipFile.open(Native Method)
		at java.util.zip.ZipFile.<init>(ZipFile.java:225)
		at java.util.zip.ZipFile.<init>(ZipFile.java:155)
		at java.util.jar.JarFile.<init>(JarFile.java:166)
		at java.util.jar.JarFile.<init>(JarFile.java:130)
		at org.apache.tomcat.util.compat.JreCompat.jarFileNewInstance(JreCompat.java:338)
		at org.apache.tomcat.util.compat.JreCompat.jarFileNewInstance(JreCompat.java:324)
		at org.apache.catalina.webresources.AbstractArchiveResourceSet.openJarFile(AbstractArchiveResourceSet.java:324)
		at org.apache.catalina.webresources.AbstractSingleArchiveResourceSet.getArchiveEntry(AbstractSingleArchiveResourceSet.java:96)
		... 34 more
04-Jan-2026 18:46:47.046 SEVERE [http-nio-8080-exec-108] org.apache.catalina.core.ApplicationDispatcher.invoke Servlet.service() for servlet [ErrorHandlerServlet] threw exception
	java.lang.IllegalStateException: java.io.FileNotFoundException: C:\apache-tomcat\webapps\onlinebookstore\WEB-INF\lib\checker-qual-3.5.0.jar (The system cannot find the path specified)
		at org.apache.catalina.webresources.AbstractSingleArchiveResourceSet.getArchiveEntry(AbstractSingleArchiveResourceSet.java:100)
		at org.apache.catalina.webresources.AbstractArchiveResourceSet.getResource(AbstractArchiveResourceSet.java:255)
		at org.apache.catalina.webresources.StandardRoot.getResourceInternal(StandardRoot.java:273)
		at org.apache.catalina.webresources.Cache.getResource(Cache.java:64)
		at org.apache.catalina.webresources.StandardRoot.getResource(StandardRoot.java:212)
		at org.apache.catalina.webresources.StandardRoot.getClassLoaderResource(StandardRoot.java:221)
		at org.apache.catalina.loader.WebappClassLoaderBase.findClassInternal(WebappClassLoaderBase.java:2221)
		at org.apache.catalina.loader.WebappClassLoaderBase.findClassInternal(WebappClassLoaderBase.java:2212)
		at org.apache.catalina.loader.WebappClassLoaderBase.findClass(WebappClassLoaderBase.java:821)
		at org.apache.catalina.loader.WebappClassLoaderBase.loadClass(WebappClassLoaderBase.java:1312)
		at org.apache.catalina.loader.WebappClassLoaderBase.loadClass(WebappClassLoaderBase.java:1160)
		at servlets.ErrorHandlerServlet.service(ErrorHandlerServlet.java:29)
		at javax.servlet.http.HttpServlet.service(HttpServlet.java:623)
		at org.apache.catalina.core.ApplicationFilterChain.internalDoFilter(ApplicationFilterChain.java:197)
		at org.apache.catalina.core.ApplicationFilterChain.doFilter(ApplicationFilterChain.java:142)
		at org.apache.catalina.core.ApplicationDispatcher.invoke(ApplicationDispatcher.java:619)
		at org.apache.catalina.core.ApplicationDispatcher.processRequest(ApplicationDispatcher.java:401)
		at org.apache.catalina.core.ApplicationDispatcher.doForward(ApplicationDispatcher.java:338)
		at org.apache.catalina.core.ApplicationDispatcher.forward(ApplicationDispatcher.java:283)
		at org.apache.catalina.core.StandardHostValve.custom(StandardHostValve.java:392)
		at org.apache.catalina.core.StandardHostValve.status(StandardHostValve.java:220)
		at org.apache.catalina.core.StandardHostValve.invoke(StandardHostValve.java:163)
		at org.apache.catalina.valves.ErrorReportValve.invoke(ErrorReportValve.java:83)
		at org.apache.catalina.valves.AbstractAccessLogValve.invoke(AbstractAccessLogValve.java:643)
		at org.apache.catalina.core.StandardEngineValve.invoke(StandardEngineValve.java:72)
		at org.apache.catalina.connector.CoyoteAdapter.service(CoyoteAdapter.java:344)
		at org.apache.coyote.http11.Http11Processor.service(Http11Processor.java:398)
		at org.apache.coyote.AbstractProcessorLight.process(AbstractProcessorLight.java:63)
		at org.apache.coyote.AbstractProtocol$ConnectionHandler.process(AbstractProtocol.java:939)
		at org.apache.tomcat.util.net.NioEndpoint$SocketProcessor.doRun(NioEndpoint.java:1831)
		at org.apache.tomcat.util.net.SocketProcessorBase.run(SocketProcessorBase.java:52)
		at org.apache.tomcat.util.threads.ThreadPoolExecutor.runWorker(ThreadPoolExecutor.java:973)
		at org.apache.tomcat.util.threads.ThreadPoolExecutor$Worker.run(ThreadPoolExecutor.java:491)
		at org.apache.tomcat.util.threads.TaskThread$WrappingRunnable.run(TaskThread.java:63)
		at java.lang.Thread.run(Thread.java:748)
	Caused by: java.io.FileNotFoundException: C:\apache-tomcat\webapps\onlinebookstore\WEB-INF\lib\checker-qual-3.5.0.jar (The system cannot find the path specified)
		at java.util.zip.ZipFile.open(Native Method)
		at java.util.zip.ZipFile.<init>(ZipFile.java:225)
		at java.util.zip.ZipFile.<init>(ZipFile.java:155)
		at java.util.jar.JarFile.<init>(JarFile.java:166)
		at java.util.jar.JarFile.<init>(JarFile.java:130)
		at org.apache.tomcat.util.compat.JreCompat.jarFileNewInstance(JreCompat.java:338)
		at org.apache.tomcat.util.compat.JreCompat.jarFileNewInstance(JreCompat.java:324)
		at org.apache.catalina.webresources.AbstractArchiveResourceSet.openJarFile(AbstractArchiveResourceSet.java:324)
		at org.apache.catalina.webresources.AbstractSingleArchiveResourceSet.getArchiveEntry(AbstractSingleArchiveResourceSet.java:96)
		... 34 more
04-Jan-2026 18:46:47.046 SEVERE [http-nio-8080-exec-108] org.apache.catalina.core.StandardHostValve.custom Exception Processing [ErrorPage[errorCode=404, location=/error]]
	java.lang.IllegalStateException: java.io.FileNotFoundException: C:\apache-tomcat\webapps\onlinebookstore\WEB-INF\lib\checker-qual-3.5.0.jar (The system cannot find the path specified)
		at org.apache.catalina.webresources.AbstractSingleArchiveResourceSet.getArchiveEntry(AbstractSingleArchiveResourceSet.java:100)
		at org.apache.catalina.webresources.AbstractArchiveResourceSet.getResource(AbstractArchiveResourceSet.java:255)
		at org.apache.catalina.webresources.StandardRoot.getResourceInternal(StandardRoot.java:273)
		at org.apache.catalina.webresources.Cache.getResource(Cache.java:64)
		at org.apache.catalina.webresources.StandardRoot.getResource(StandardRoot.java:212)
		at org.apache.catalina.webresources.StandardRoot.getClassLoaderResource(StandardRoot.java:221)
		at org.apache.catalina.loader.WebappClassLoaderBase.findClassInternal(WebappClassLoaderBase.java:2221)
		at org.apache.catalina.loader.WebappClassLoaderBase.findClassInternal(WebappClassLoaderBase.java:2212)
		at org.apache.catalina.loader.WebappClassLoaderBase.findClass(WebappClassLoaderBase.java:821)
		at org.apache.catalina.loader.WebappClassLoaderBase.loadClass(WebappClassLoaderBase.java:1312)
		at org.apache.catalina.loader.WebappClassLoaderBase.loadClass(WebappClassLoaderBase.java:1160)
		at servlets.ErrorHandlerServlet.service(ErrorHandlerServlet.java:29)
		at javax.servlet.http.HttpServlet.service(HttpServlet.java:623)
		at org.apache.catalina.core.ApplicationFilterChain.internalDoFilter(ApplicationFilterChain.java:197)
		at org.apache.catalina.core.ApplicationFilterChain.doFilter(ApplicationFilterChain.java:142)
		at org.apache.catalina.core.ApplicationDispatcher.invoke(ApplicationDispatcher.java:619)
		at org.apache.catalina.core.ApplicationDispatcher.processRequest(ApplicationDispatcher.java:401)
		at org.apache.catalina.core.ApplicationDispatcher.doForward(ApplicationDispatcher.java:338)
		at org.apache.catalina.core.ApplicationDispatcher.forward(ApplicationDispatcher.java:283)
		at org.apache.catalina.core.StandardHostValve.custom(StandardHostValve.java:392)
		at org.apache.catalina.core.StandardHostValve.status(StandardHostValve.java:220)
		at org.apache.catalina.core.StandardHostValve.invoke(StandardHostValve.java:163)
		at org.apache.catalina.valves.ErrorReportValve.invoke(ErrorReportValve.java:83)
		at org.apache.catalina.valves.AbstractAccessLogValve.invoke(AbstractAccessLogValve.java:643)
		at org.apache.catalina.core.StandardEngineValve.invoke(StandardEngineValve.java:72)
		at org.apache.catalina.connector.CoyoteAdapter.service(CoyoteAdapter.java:344)
		at org.apache.coyote.http11.Http11Processor.service(Http11Processor.java:398)
		at org.apache.coyote.AbstractProcessorLight.process(AbstractProcessorLight.java:63)
		at org.apache.coyote.AbstractProtocol$ConnectionHandler.process(AbstractProtocol.java:939)
		at org.apache.tomcat.util.net.NioEndpoint$SocketProcessor.doRun(NioEndpoint.java:1831)
		at org.apache.tomcat.util.net.SocketProcessorBase.run(SocketProcessorBase.java:52)
		at org.apache.tomcat.util.threads.ThreadPoolExecutor.runWorker(ThreadPoolExecutor.java:973)
		at org.apache.tomcat.util.threads.ThreadPoolExecutor$Worker.run(ThreadPoolExecutor.java:491)
		at org.apache.tomcat.util.threads.TaskThread$WrappingRunnable.run(TaskThread.java:63)
		at java.lang.Thread.run(Thread.java:748)
	Caused by: java.io.FileNotFoundException: C:\apache-tomcat\webapps\onlinebookstore\WEB-INF\lib\checker-qual-3.5.0.jar (The system cannot find the path specified)
		at java.util.zip.ZipFile.open(Native Method)
		at java.util.zip.ZipFile.<init>(ZipFile.java:225)
		at java.util.zip.ZipFile.<init>(ZipFile.java:155)
		at java.util.jar.JarFile.<init>(JarFile.java:166)
		at java.util.jar.JarFile.<init>(JarFile.java:130)
		at org.apache.tomcat.util.compat.JreCompat.jarFileNewInstance(JreCompat.java:338)
		at org.apache.tomcat.util.compat.JreCompat.jarFileNewInstance(JreCompat.java:324)
		at org.apache.catalina.webresources.AbstractArchiveResourceSet.openJarFile(AbstractArchiveResourceSet.java:324)
		at org.apache.catalina.webresources.AbstractSingleArchiveResourceSet.getArchiveEntry(AbstractSingleArchiveResourceSet.java:96)
		... 34 more
04-Jan-2026 21:47:54.927 INFO [main] org.apache.catalina.core.ApplicationContext.log ContextListener: contextInitialized()
04-Jan-2026 21:47:54.927 INFO [main] org.apache.catalina.core.ApplicationContext.log SessionListener: contextInitialized()
04-Jan-2026 21:47:54.927 INFO [main] org.apache.catalina.core.ApplicationContext.log ContextListener: attributeAdded('StockTicker', 'async.Stockticker@10667848')
04-Jan-2026 22:04:05.607 SEVERE [http-nio-8080-exec-3] org.apache.catalina.core.ApplicationDispatcher.invoke Servlet.service() for servlet [default] threw exception
	java.io.FileNotFoundException: The requested resource [/onlinebookstore/CustomerHome.html] is not available
		at org.apache.catalina.servlets.DefaultServlet.serveResource(DefaultServlet.java:902)
		at org.apache.catalina.servlets.DefaultServlet.doGet(DefaultServlet.java:540)
		at javax.servlet.http.HttpServlet.service(HttpServlet.java:529)
		at org.apache.catalina.servlets.DefaultServlet.service(DefaultServlet.java:530)
		at javax.servlet.http.HttpServlet.service(HttpServlet.java:623)
		at org.apache.catalina.core.ApplicationFilterChain.internalDoFilter(ApplicationFilterChain.java:197)
		at org.apache.catalina.core.ApplicationFilterChain.doFilter(ApplicationFilterChain.java:142)
		at org.apache.catalina.core.ApplicationDispatcher.invoke(ApplicationDispatcher.java:619)
		at org.apache.catalina.core.ApplicationDispatcher.doInclude(ApplicationDispatcher.java:496)
		at org.apache.catalina.core.ApplicationDispatcher.include(ApplicationDispatcher.java:444)
		at servlets.ErrorHandlerServlet.service(ErrorHandlerServlet.java:60)
		at javax.servlet.http.HttpServlet.service(HttpServlet.java:623)
		at org.apache.catalina.core.ApplicationFilterChain.internalDoFilter(ApplicationFilterChain.java:197)
		at org.apache.catalina.core.ApplicationFilterChain.doFilter(ApplicationFilterChain.java:142)
		at org.apache.catalina.core.ApplicationDispatcher.invoke(ApplicationDispatcher.java:619)
		at org.apache.catalina.core.ApplicationDispatcher.processRequest(ApplicationDispatcher.java:401)
		at org.apache.catalina.core.ApplicationDispatcher.doForward(ApplicationDispatcher.java:338)
		at org.apache.catalina.core.ApplicationDispatcher.forward(ApplicationDispatcher.java:283)
		at org.apache.catalina.core.StandardHostValve.custom(StandardHostValve.java:392)
		at org.apache.catalina.core.StandardHostValve.status(StandardHostValve.java:220)
		at org.apache.catalina.core.StandardHostValve.invoke(StandardHostValve.java:163)
		at org.apache.catalina.valves.ErrorReportValve.invoke(ErrorReportValve.java:83)
		at org.apache.catalina.valves.AbstractAccessLogValve.invoke(AbstractAccessLogValve.java:643)
		at org.apache.catalina.core.StandardEngineValve.invoke(StandardEngineValve.java:72)
		at org.apache.catalina.connector.CoyoteAdapter.service(CoyoteAdapter.java:344)
		at org.apache.coyote.http11.Http11Processor.service(Http11Processor.java:398)
		at org.apache.coyote.AbstractProcessorLight.process(AbstractProcessorLight.java:63)
		at org.apache.coyote.AbstractProtocol$ConnectionHandler.process(AbstractProtocol.java:939)
		at org.apache.tomcat.util.net.NioEndpoint$SocketProcessor.doRun(NioEndpoint.java:1831)
		at org.apache.tomcat.util.net.SocketProcessorBase.run(SocketProcessorBase.java:52)
		at org.apache.tomcat.util.threads.ThreadPoolExecutor.runWorker(ThreadPoolExecutor.java:973)
		at org.apache.tomcat.util.threads.ThreadPoolExecutor$Worker.run(ThreadPoolExecutor.java:491)
		at org.apache.tomcat.util.threads.TaskThread$WrappingRunnable.run(TaskThread.java:63)
		at java.lang.Thread.run(Thread.java:748)
04-Jan-2026 22:04:05.607 SEVERE [http-nio-8080-exec-3] org.apache.catalina.core.ApplicationDispatcher.invoke Servlet.service() for servlet [ErrorHandlerServlet] threw exception
	java.io.FileNotFoundException: The requested resource [/onlinebookstore/CustomerHome.html] is not available
		at org.apache.catalina.servlets.DefaultServlet.serveResource(DefaultServlet.java:902)
		at org.apache.catalina.servlets.DefaultServlet.doGet(DefaultServlet.java:540)
		at javax.servlet.http.HttpServlet.service(HttpServlet.java:529)
		at org.apache.catalina.servlets.DefaultServlet.service(DefaultServlet.java:530)
		at javax.servlet.http.HttpServlet.service(HttpServlet.java:623)
		at org.apache.catalina.core.ApplicationFilterChain.internalDoFilter(ApplicationFilterChain.java:197)
		at org.apache.catalina.core.ApplicationFilterChain.doFilter(ApplicationFilterChain.java:142)
		at org.apache.catalina.core.ApplicationDispatcher.invoke(ApplicationDispatcher.java:619)
		at org.apache.catalina.core.ApplicationDispatcher.doInclude(ApplicationDispatcher.java:496)
		at org.apache.catalina.core.ApplicationDispatcher.include(ApplicationDispatcher.java:444)
		at servlets.ErrorHandlerServlet.service(ErrorHandlerServlet.java:60)
		at javax.servlet.http.HttpServlet.service(HttpServlet.java:623)
		at org.apache.catalina.core.ApplicationFilterChain.internalDoFilter(ApplicationFilterChain.java:197)
		at org.apache.catalina.core.ApplicationFilterChain.doFilter(ApplicationFilterChain.java:142)
		at org.apache.catalina.core.ApplicationDispatcher.invoke(ApplicationDispatcher.java:619)
		at org.apache.catalina.core.ApplicationDispatcher.processRequest(ApplicationDispatcher.java:401)
		at org.apache.catalina.core.ApplicationDispatcher.doForward(ApplicationDispatcher.java:338)
		at org.apache.catalina.core.ApplicationDispatcher.forward(ApplicationDispatcher.java:283)
		at org.apache.catalina.core.StandardHostValve.custom(StandardHostValve.java:392)
		at org.apache.catalina.core.StandardHostValve.status(StandardHostValve.java:220)
		at org.apache.catalina.core.StandardHostValve.invoke(StandardHostValve.java:163)
		at org.apache.catalina.valves.ErrorReportValve.invoke(ErrorReportValve.java:83)
		at org.apache.catalina.valves.AbstractAccessLogValve.invoke(AbstractAccessLogValve.java:643)
		at org.apache.catalina.core.StandardEngineValve.invoke(StandardEngineValve.java:72)
		at org.apache.catalina.connector.CoyoteAdapter.service(CoyoteAdapter.java:344)
		at org.apache.coyote.http11.Http11Processor.service(Http11Processor.java:398)
		at org.apache.coyote.AbstractProcessorLight.process(AbstractProcessorLight.java:63)
		at org.apache.coyote.AbstractProtocol$ConnectionHandler.process(AbstractProtocol.java:939)
		at org.apache.tomcat.util.net.NioEndpoint$SocketProcessor.doRun(NioEndpoint.java:1831)
		at org.apache.tomcat.util.net.SocketProcessorBase.run(SocketProcessorBase.java:52)
		at org.apache.tomcat.util.threads.ThreadPoolExecutor.runWorker(ThreadPoolExecutor.java:973)
		at org.apache.tomcat.util.threads.ThreadPoolExecutor$Worker.run(ThreadPoolExecutor.java:491)
		at org.apache.tomcat.util.threads.TaskThread$WrappingRunnable.run(TaskThread.java:63)
		at java.lang.Thread.run(Thread.java:748)
04-Jan-2026 22:04:05.607 SEVERE [http-nio-8080-exec-3] org.apache.catalina.core.StandardHostValve.custom Exception Processing [ErrorPage[errorCode=404, location=/error]]
	java.io.FileNotFoundException: The requested resource [/onlinebookstore/CustomerHome.html] is not available
		at org.apache.catalina.servlets.DefaultServlet.serveResource(DefaultServlet.java:902)
		at org.apache.catalina.servlets.DefaultServlet.doGet(DefaultServlet.java:540)
		at javax.servlet.http.HttpServlet.service(HttpServlet.java:529)
		at org.apache.catalina.servlets.DefaultServlet.service(DefaultServlet.java:530)
		at javax.servlet.http.HttpServlet.service(HttpServlet.java:623)
		at org.apache.catalina.core.ApplicationFilterChain.internalDoFilter(ApplicationFilterChain.java:197)
		at org.apache.catalina.core.ApplicationFilterChain.doFilter(ApplicationFilterChain.java:142)
		at org.apache.catalina.core.ApplicationDispatcher.invoke(ApplicationDispatcher.java:619)
		at org.apache.catalina.core.ApplicationDispatcher.doInclude(ApplicationDispatcher.java:496)
		at org.apache.catalina.core.ApplicationDispatcher.include(ApplicationDispatcher.java:444)
		at servlets.ErrorHandlerServlet.service(ErrorHandlerServlet.java:60)
		at javax.servlet.http.HttpServlet.service(HttpServlet.java:623)
		at org.apache.catalina.core.ApplicationFilterChain.internalDoFilter(ApplicationFilterChain.java:197)
		at org.apache.catalina.core.ApplicationFilterChain.doFilter(ApplicationFilterChain.java:142)
		at org.apache.catalina.core.ApplicationDispatcher.invoke(ApplicationDispatcher.java:619)
		at org.apache.catalina.core.ApplicationDispatcher.processRequest(ApplicationDispatcher.java:401)
		at org.apache.catalina.core.ApplicationDispatcher.doForward(ApplicationDispatcher.java:338)
		at org.apache.catalina.core.ApplicationDispatcher.forward(ApplicationDispatcher.java:283)
		at org.apache.catalina.core.StandardHostValve.custom(StandardHostValve.java:392)
		at org.apache.catalina.core.StandardHostValve.status(StandardHostValve.java:220)
		at org.apache.catalina.core.StandardHostValve.invoke(StandardHostValve.java:163)
		at org.apache.catalina.valves.ErrorReportValve.invoke(ErrorReportValve.java:83)
		at org.apache.catalina.valves.AbstractAccessLogValve.invoke(AbstractAccessLogValve.java:643)
		at org.apache.catalina.core.StandardEngineValve.invoke(StandardEngineValve.java:72)
		at org.apache.catalina.connector.CoyoteAdapter.service(CoyoteAdapter.java:344)
		at org.apache.coyote.http11.Http11Processor.service(Http11Processor.java:398)
		at org.apache.coyote.AbstractProcessorLight.process(AbstractProcessorLight.java:63)
		at org.apache.coyote.AbstractProtocol$ConnectionHandler.process(AbstractProtocol.java:939)
		at org.apache.tomcat.util.net.NioEndpoint$SocketProcessor.doRun(NioEndpoint.java:1831)
		at org.apache.tomcat.util.net.SocketProcessorBase.run(SocketProcessorBase.java:52)
		at org.apache.tomcat.util.threads.ThreadPoolExecutor.runWorker(ThreadPoolExecutor.java:973)
		at org.apache.tomcat.util.threads.ThreadPoolExecutor$Worker.run(ThreadPoolExecutor.java:491)
		at org.apache.tomcat.util.threads.TaskThread$WrappingRunnable.run(TaskThread.java:63)
		at java.lang.Thread.run(Thread.java:748)
04-Jan-2026 22:04:06.580 SEVERE [http-nio-8080-exec-4] org.apache.catalina.core.ApplicationDispatcher.invoke Servlet.service() for servlet [default] threw exception
	java.io.FileNotFoundException: The requested resource [/onlinebookstore/CustomerHome.html] is not available
		at org.apache.catalina.servlets.DefaultServlet.serveResource(DefaultServlet.java:902)
		at org.apache.catalina.servlets.DefaultServlet.doGet(DefaultServlet.java:540)
		at javax.servlet.http.HttpServlet.service(HttpServlet.java:529)
		at org.apache.catalina.servlets.DefaultServlet.service(DefaultServlet.java:530)
		at javax.servlet.http.HttpServlet.service(HttpServlet.java:623)
		at org.apache.catalina.core.ApplicationFilterChain.internalDoFilter(ApplicationFilterChain.java:197)
		at org.apache.catalina.core.ApplicationFilterChain.doFilter(ApplicationFilterChain.java:142)
		at org.apache.catalina.core.ApplicationDispatcher.invoke(ApplicationDispatcher.java:619)
		at org.apache.catalina.core.ApplicationDispatcher.doInclude(ApplicationDispatcher.java:496)
		at org.apache.catalina.core.ApplicationDispatcher.include(ApplicationDispatcher.java:444)
		at servlets.ErrorHandlerServlet.service(ErrorHandlerServlet.java:60)
		at javax.servlet.http.HttpServlet.service(HttpServlet.java:623)
		at org.apache.catalina.core.ApplicationFilterChain.internalDoFilter(ApplicationFilterChain.java:197)
		at org.apache.catalina.core.ApplicationFilterChain.doFilter(ApplicationFilterChain.java:142)
		at org.apache.catalina.core.ApplicationDispatcher.invoke(ApplicationDispatcher.java:619)
		at org.apache.catalina.core.ApplicationDispatcher.processRequest(ApplicationDispatcher.java:401)
		at org.apache.catalina.core.ApplicationDispatcher.doForward(ApplicationDispatcher.java:338)
		at org.apache.catalina.core.ApplicationDispatcher.forward(ApplicationDispatcher.java:283)
		at org.apache.catalina.core.StandardHostValve.custom(StandardHostValve.java:392)
		at org.apache.catalina.core.StandardHostValve.status(StandardHostValve.java:220)
		at org.apache.catalina.core.StandardHostValve.invoke(StandardHostValve.java:163)
		at org.apache.catalina.valves.ErrorReportValve.invoke(ErrorReportValve.java:83)
		at org.apache.catalina.valves.AbstractAccessLogValve.invoke(AbstractAccessLogValve.java:643)
		at org.apache.catalina.core.StandardEngineValve.invoke(StandardEngineValve.java:72)
		at org.apache.catalina.connector.CoyoteAdapter.service(CoyoteAdapter.java:344)
		at org.apache.coyote.http11.Http11Processor.service(Http11Processor.java:398)
		at org.apache.coyote.AbstractProcessorLight.process(AbstractProcessorLight.java:63)
		at org.apache.coyote.AbstractProtocol$ConnectionHandler.process(AbstractProtocol.java:939)
		at org.apache.tomcat.util.net.NioEndpoint$SocketProcessor.doRun(NioEndpoint.java:1831)
		at org.apache.tomcat.util.net.SocketProcessorBase.run(SocketProcessorBase.java:52)
		at org.apache.tomcat.util.threads.ThreadPoolExecutor.runWorker(ThreadPoolExecutor.java:973)
		at org.apache.tomcat.util.threads.ThreadPoolExecutor$Worker.run(ThreadPoolExecutor.java:491)
		at org.apache.tomcat.util.threads.TaskThread$WrappingRunnable.run(TaskThread.java:63)
		at java.lang.Thread.run(Thread.java:748)
04-Jan-2026 22:04:06.580 SEVERE [http-nio-8080-exec-4] org.apache.catalina.core.ApplicationDispatcher.invoke Servlet.service() for servlet [ErrorHandlerServlet] threw exception
	java.io.FileNotFoundException: The requested resource [/onlinebookstore/CustomerHome.html] is not available
		at org.apache.catalina.servlets.DefaultServlet.serveResource(DefaultServlet.java:902)
		at org.apache.catalina.servlets.DefaultServlet.doGet(DefaultServlet.java:540)
		at javax.servlet.http.HttpServlet.service(HttpServlet.java:529)
		at org.apache.catalina.servlets.DefaultServlet.service(DefaultServlet.java:530)
		at javax.servlet.http.HttpServlet.service(HttpServlet.java:623)
		at org.apache.catalina.core.ApplicationFilterChain.internalDoFilter(ApplicationFilterChain.java:197)
		at org.apache.catalina.core.ApplicationFilterChain.doFilter(ApplicationFilterChain.java:142)
		at org.apache.catalina.core.ApplicationDispatcher.invoke(ApplicationDispatcher.java:619)
		at org.apache.catalina.core.ApplicationDispatcher.doInclude(ApplicationDispatcher.java:496)
		at org.apache.catalina.core.ApplicationDispatcher.include(ApplicationDispatcher.java:444)
		at servlets.ErrorHandlerServlet.service(ErrorHandlerServlet.java:60)
		at javax.servlet.http.HttpServlet.service(HttpServlet.java:623)
		at org.apache.catalina.core.ApplicationFilterChain.internalDoFilter(ApplicationFilterChain.java:197)
		at org.apache.catalina.core.ApplicationFilterChain.doFilter(ApplicationFilterChain.java:142)
		at org.apache.catalina.core.ApplicationDispatcher.invoke(ApplicationDispatcher.java:619)
		at org.apache.catalina.core.ApplicationDispatcher.processRequest(ApplicationDispatcher.java:401)
		at org.apache.catalina.core.ApplicationDispatcher.doForward(ApplicationDispatcher.java:338)
		at org.apache.catalina.core.ApplicationDispatcher.forward(ApplicationDispatcher.java:283)
		at org.apache.catalina.core.StandardHostValve.custom(StandardHostValve.java:392)
		at org.apache.catalina.core.StandardHostValve.status(StandardHostValve.java:220)
		at org.apache.catalina.core.StandardHostValve.invoke(StandardHostValve.java:163)
		at org.apache.catalina.valves.ErrorReportValve.invoke(ErrorReportValve.java:83)
		at org.apache.catalina.valves.AbstractAccessLogValve.invoke(AbstractAccessLogValve.java:643)
		at org.apache.catalina.core.StandardEngineValve.invoke(StandardEngineValve.java:72)
		at org.apache.catalina.connector.CoyoteAdapter.service(CoyoteAdapter.java:344)
		at org.apache.coyote.http11.Http11Processor.service(Http11Processor.java:398)
		at org.apache.coyote.AbstractProcessorLight.process(AbstractProcessorLight.java:63)
		at org.apache.coyote.AbstractProtocol$ConnectionHandler.process(AbstractProtocol.java:939)
		at org.apache.tomcat.util.net.NioEndpoint$SocketProcessor.doRun(NioEndpoint.java:1831)
		at org.apache.tomcat.util.net.SocketProcessorBase.run(SocketProcessorBase.java:52)
		at org.apache.tomcat.util.threads.ThreadPoolExecutor.runWorker(ThreadPoolExecutor.java:973)
		at org.apache.tomcat.util.threads.ThreadPoolExecutor$Worker.run(ThreadPoolExecutor.java:491)
		at org.apache.tomcat.util.threads.TaskThread$WrappingRunnable.run(TaskThread.java:63)
		at java.lang.Thread.run(Thread.java:748)
04-Jan-2026 22:04:06.580 SEVERE [http-nio-8080-exec-4] org.apache.catalina.core.StandardHostValve.custom Exception Processing [ErrorPage[errorCode=404, location=/error]]
	java.io.FileNotFoundException: The requested resource [/onlinebookstore/CustomerHome.html] is not available
		at org.apache.catalina.servlets.DefaultServlet.serveResource(DefaultServlet.java:902)
		at org.apache.catalina.servlets.DefaultServlet.doGet(DefaultServlet.java:540)
		at javax.servlet.http.HttpServlet.service(HttpServlet.java:529)
		at org.apache.catalina.servlets.DefaultServlet.service(DefaultServlet.java:530)
		at javax.servlet.http.HttpServlet.service(HttpServlet.java:623)
		at org.apache.catalina.core.ApplicationFilterChain.internalDoFilter(ApplicationFilterChain.java:197)
		at org.apache.catalina.core.ApplicationFilterChain.doFilter(ApplicationFilterChain.java:142)
		at org.apache.catalina.core.ApplicationDispatcher.invoke(ApplicationDispatcher.java:619)
		at org.apache.catalina.core.ApplicationDispatcher.doInclude(ApplicationDispatcher.java:496)
		at org.apache.catalina.core.ApplicationDispatcher.include(ApplicationDispatcher.java:444)
		at servlets.ErrorHandlerServlet.service(ErrorHandlerServlet.java:60)
		at javax.servlet.http.HttpServlet.service(HttpServlet.java:623)
		at org.apache.catalina.core.ApplicationFilterChain.internalDoFilter(ApplicationFilterChain.java:197)
		at org.apache.catalina.core.ApplicationFilterChain.doFilter(ApplicationFilterChain.java:142)
		at org.apache.catalina.core.ApplicationDispatcher.invoke(ApplicationDispatcher.java:619)
		at org.apache.catalina.core.ApplicationDispatcher.processRequest(ApplicationDispatcher.java:401)
		at org.apache.catalina.core.ApplicationDispatcher.doForward(ApplicationDispatcher.java:338)
		at org.apache.catalina.core.ApplicationDispatcher.forward(ApplicationDispatcher.java:283)
		at org.apache.catalina.core.StandardHostValve.custom(StandardHostValve.java:392)
		at org.apache.catalina.core.StandardHostValve.status(StandardHostValve.java:220)
		at org.apache.catalina.core.StandardHostValve.invoke(StandardHostValve.java:163)
		at org.apache.catalina.valves.ErrorReportValve.invoke(ErrorReportValve.java:83)
		at org.apache.catalina.valves.AbstractAccessLogValve.invoke(AbstractAccessLogValve.java:643)
		at org.apache.catalina.core.StandardEngineValve.invoke(StandardEngineValve.java:72)
		at org.apache.catalina.connector.CoyoteAdapter.service(CoyoteAdapter.java:344)
		at org.apache.coyote.http11.Http11Processor.service(Http11Processor.java:398)
		at org.apache.coyote.AbstractProcessorLight.process(AbstractProcessorLight.java:63)
		at org.apache.coyote.AbstractProtocol$ConnectionHandler.process(AbstractProtocol.java:939)
		at org.apache.tomcat.util.net.NioEndpoint$SocketProcessor.doRun(NioEndpoint.java:1831)
		at org.apache.tomcat.util.net.SocketProcessorBase.run(SocketProcessorBase.java:52)
		at org.apache.tomcat.util.threads.ThreadPoolExecutor.runWorker(ThreadPoolExecutor.java:973)
		at org.apache.tomcat.util.threads.ThreadPoolExecutor$Worker.run(ThreadPoolExecutor.java:491)
		at org.apache.tomcat.util.threads.TaskThread$WrappingRunnable.run(TaskThread.java:63)
		at java.lang.Thread.run(Thread.java:748)
04-Jan-2026 22:11:35.742 SEVERE [http-nio-8080-exec-12] org.apache.catalina.core.ApplicationDispatcher.invoke Servlet.service() for servlet [ErrorHandlerServlet] threw exception
	java.lang.IllegalStateException: java.io.FileNotFoundException: C:\apache-tomcat\webapps\onlinebookstore\WEB-INF\lib\checker-qual-3.5.0.jar (The system cannot find the path specified)
		at org.apache.catalina.webresources.AbstractSingleArchiveResourceSet.getArchiveEntry(AbstractSingleArchiveResourceSet.java:100)
		at org.apache.catalina.webresources.AbstractArchiveResourceSet.getResource(AbstractArchiveResourceSet.java:255)
		at org.apache.catalina.webresources.StandardRoot.getResourceInternal(StandardRoot.java:273)
		at org.apache.catalina.webresources.Cache.getResource(Cache.java:64)
		at org.apache.catalina.webresources.StandardRoot.getResource(StandardRoot.java:212)
		at org.apache.catalina.webresources.StandardRoot.getClassLoaderResource(StandardRoot.java:221)
		at org.apache.catalina.loader.WebappClassLoaderBase.findClassInternal(WebappClassLoaderBase.java:2221)
		at org.apache.catalina.loader.WebappClassLoaderBase.findClassInternal(WebappClassLoaderBase.java:2212)
		at org.apache.catalina.loader.WebappClassLoaderBase.findClass(WebappClassLoaderBase.java:821)
		at org.apache.catalina.loader.WebappClassLoaderBase.loadClass(WebappClassLoaderBase.java:1312)
		at org.apache.catalina.loader.WebappClassLoaderBase.loadClass(WebappClassLoaderBase.java:1160)
		at servlets.ErrorHandlerServlet.service(ErrorHandlerServlet.java:29)
		at javax.servlet.http.HttpServlet.service(HttpServlet.java:623)
		at org.apache.catalina.core.ApplicationFilterChain.internalDoFilter(ApplicationFilterChain.java:197)
		at org.apache.catalina.core.ApplicationFilterChain.doFilter(ApplicationFilterChain.java:142)
		at org.apache.catalina.core.ApplicationDispatcher.invoke(ApplicationDispatcher.java:619)
		at org.apache.catalina.core.ApplicationDispatcher.processRequest(ApplicationDispatcher.java:401)
		at org.apache.catalina.core.ApplicationDispatcher.doForward(ApplicationDispatcher.java:338)
		at org.apache.catalina.core.ApplicationDispatcher.forward(ApplicationDispatcher.java:283)
		at org.apache.catalina.core.StandardHostValve.custom(StandardHostValve.java:392)
		at org.apache.catalina.core.StandardHostValve.status(StandardHostValve.java:220)
		at org.apache.catalina.core.StandardHostValve.invoke(StandardHostValve.java:163)
		at org.apache.catalina.valves.ErrorReportValve.invoke(ErrorReportValve.java:83)
		at org.apache.catalina.valves.AbstractAccessLogValve.invoke(AbstractAccessLogValve.java:643)
		at org.apache.catalina.core.StandardEngineValve.invoke(StandardEngineValve.java:72)
		at org.apache.catalina.connector.CoyoteAdapter.service(CoyoteAdapter.java:344)
		at org.apache.coyote.http11.Http11Processor.service(Http11Processor.java:398)
		at org.apache.coyote.AbstractProcessorLight.process(AbstractProcessorLight.java:63)
		at org.apache.coyote.AbstractProtocol$ConnectionHandler.process(AbstractProtocol.java:939)
		at org.apache.tomcat.util.net.NioEndpoint$SocketProcessor.doRun(NioEndpoint.java:1831)
		at org.apache.tomcat.util.net.SocketProcessorBase.run(SocketProcessorBase.java:52)
		at org.apache.tomcat.util.threads.ThreadPoolExecutor.runWorker(ThreadPoolExecutor.java:973)
		at org.apache.tomcat.util.threads.ThreadPoolExecutor$Worker.run(ThreadPoolExecutor.java:491)
		at org.apache.tomcat.util.threads.TaskThread$WrappingRunnable.run(TaskThread.java:63)
		at java.lang.Thread.run(Thread.java:748)
	Caused by: java.io.FileNotFoundException: C:\apache-tomcat\webapps\onlinebookstore\WEB-INF\lib\checker-qual-3.5.0.jar (The system cannot find the path specified)
		at java.util.zip.ZipFile.open(Native Method)
		at java.util.zip.ZipFile.<init>(ZipFile.java:225)
		at java.util.zip.ZipFile.<init>(ZipFile.java:155)
		at java.util.jar.JarFile.<init>(JarFile.java:166)
		at java.util.jar.JarFile.<init>(JarFile.java:130)
		at org.apache.tomcat.util.compat.JreCompat.jarFileNewInstance(JreCompat.java:338)
		at org.apache.tomcat.util.compat.JreCompat.jarFileNewInstance(JreCompat.java:324)
		at org.apache.catalina.webresources.AbstractArchiveResourceSet.openJarFile(AbstractArchiveResourceSet.java:324)
		at org.apache.catalina.webresources.AbstractSingleArchiveResourceSet.getArchiveEntry(AbstractSingleArchiveResourceSet.java:96)
		... 34 more
04-Jan-2026 22:11:35.742 SEVERE [http-nio-8080-exec-12] org.apache.catalina.core.StandardHostValve.custom Exception Processing [ErrorPage[errorCode=404, location=/error]]
	java.lang.IllegalStateException: java.io.FileNotFoundException: C:\apache-tomcat\webapps\onlinebookstore\WEB-INF\lib\checker-qual-3.5.0.jar (The system cannot find the path specified)
		at org.apache.catalina.webresources.AbstractSingleArchiveResourceSet.getArchiveEntry(AbstractSingleArchiveResourceSet.java:100)
		at org.apache.catalina.webresources.AbstractArchiveResourceSet.getResource(AbstractArchiveResourceSet.java:255)
		at org.apache.catalina.webresources.StandardRoot.getResourceInternal(StandardRoot.java:273)
		at org.apache.catalina.webresources.Cache.getResource(Cache.java:64)
		at org.apache.catalina.webresources.StandardRoot.getResource(StandardRoot.java:212)
		at org.apache.catalina.webresources.StandardRoot.getClassLoaderResource(StandardRoot.java:221)
		at org.apache.catalina.loader.WebappClassLoaderBase.findClassInternal(WebappClassLoaderBase.java:2221)
		at org.apache.catalina.loader.WebappClassLoaderBase.findClassInternal(WebappClassLoaderBase.java:2212)
		at org.apache.catalina.loader.WebappClassLoaderBase.findClass(WebappClassLoaderBase.java:821)
		at org.apache.catalina.loader.WebappClassLoaderBase.loadClass(WebappClassLoaderBase.java:1312)
		at org.apache.catalina.loader.WebappClassLoaderBase.loadClass(WebappClassLoaderBase.java:1160)
		at servlets.ErrorHandlerServlet.service(ErrorHandlerServlet.java:29)
		at javax.servlet.http.HttpServlet.service(HttpServlet.java:623)
		at org.apache.catalina.core.ApplicationFilterChain.internalDoFilter(ApplicationFilterChain.java:197)
		at org.apache.catalina.core.ApplicationFilterChain.doFilter(ApplicationFilterChain.java:142)
		at org.apache.catalina.core.ApplicationDispatcher.invoke(ApplicationDispatcher.java:619)
		at org.apache.catalina.core.ApplicationDispatcher.processRequest(ApplicationDispatcher.java:401)
		at org.apache.catalina.core.ApplicationDispatcher.doForward(ApplicationDispatcher.java:338)
		at org.apache.catalina.core.ApplicationDispatcher.forward(ApplicationDispatcher.java:283)
		at org.apache.catalina.core.StandardHostValve.custom(StandardHostValve.java:392)
		at org.apache.catalina.core.StandardHostValve.status(StandardHostValve.java:220)
		at org.apache.catalina.core.StandardHostValve.invoke(StandardHostValve.java:163)
		at org.apache.catalina.valves.ErrorReportValve.invoke(ErrorReportValve.java:83)
		at org.apache.catalina.valves.AbstractAccessLogValve.invoke(AbstractAccessLogValve.java:643)
		at org.apache.catalina.core.StandardEngineValve.invoke(StandardEngineValve.java:72)
		at org.apache.catalina.connector.CoyoteAdapter.service(CoyoteAdapter.java:344)
		at org.apache.coyote.http11.Http11Processor.service(Http11Processor.java:398)
		at org.apache.coyote.AbstractProcessorLight.process(AbstractProcessorLight.java:63)
		at org.apache.coyote.AbstractProtocol$ConnectionHandler.process(AbstractProtocol.java:939)
		at org.apache.tomcat.util.net.NioEndpoint$SocketProcessor.doRun(NioEndpoint.java:1831)
		at org.apache.tomcat.util.net.SocketProcessorBase.run(SocketProcessorBase.java:52)
		at org.apache.tomcat.util.threads.ThreadPoolExecutor.runWorker(ThreadPoolExecutor.java:973)
		at org.apache.tomcat.util.threads.ThreadPoolExecutor$Worker.run(ThreadPoolExecutor.java:491)
		at org.apache.tomcat.util.threads.TaskThread$WrappingRunnable.run(TaskThread.java:63)
		at java.lang.Thread.run(Thread.java:748)
	Caused by: java.io.FileNotFoundException: C:\apache-tomcat\webapps\onlinebookstore\WEB-INF\lib\checker-qual-3.5.0.jar (The system cannot find the path specified)
		at java.util.zip.ZipFile.open(Native Method)
		at java.util.zip.ZipFile.<init>(ZipFile.java:225)
		at java.util.zip.ZipFile.<init>(ZipFile.java:155)
		at java.util.jar.JarFile.<init>(JarFile.java:166)
		at java.util.jar.JarFile.<init>(JarFile.java:130)
		at org.apache.tomcat.util.compat.JreCompat.jarFileNewInstance(JreCompat.java:338)
		at org.apache.tomcat.util.compat.JreCompat.jarFileNewInstance(JreCompat.java:324)
		at org.apache.catalina.webresources.AbstractArchiveResourceSet.openJarFile(AbstractArchiveResourceSet.java:324)
		at org.apache.catalina.webresources.AbstractSingleArchiveResourceSet.getArchiveEntry(AbstractSingleArchiveResourceSet.java:96)
		... 34 more
04-Jan-2026 22:11:37.240 SEVERE [http-nio-8080-exec-11] org.apache.catalina.core.ApplicationDispatcher.invoke Servlet.service() for servlet [ErrorHandlerServlet] threw exception
	java.lang.IllegalStateException: java.io.FileNotFoundException: C:\apache-tomcat\webapps\onlinebookstore\WEB-INF\lib\checker-qual-3.5.0.jar (The system cannot find the path specified)
		at org.apache.catalina.webresources.AbstractSingleArchiveResourceSet.getArchiveEntry(AbstractSingleArchiveResourceSet.java:100)
		at org.apache.catalina.webresources.AbstractArchiveResourceSet.getResource(AbstractArchiveResourceSet.java:255)
		at org.apache.catalina.webresources.StandardRoot.getResourceInternal(StandardRoot.java:273)
		at org.apache.catalina.webresources.Cache.getResource(Cache.java:64)
		at org.apache.catalina.webresources.StandardRoot.getResource(StandardRoot.java:212)
		at org.apache.catalina.webresources.StandardRoot.getClassLoaderResource(StandardRoot.java:221)
		at org.apache.catalina.loader.WebappClassLoaderBase.findClassInternal(WebappClassLoaderBase.java:2221)
		at org.apache.catalina.loader.WebappClassLoaderBase.findClassInternal(WebappClassLoaderBase.java:2212)
		at org.apache.catalina.loader.WebappClassLoaderBase.findClass(WebappClassLoaderBase.java:821)
		at org.apache.catalina.loader.WebappClassLoaderBase.loadClass(WebappClassLoaderBase.java:1312)
		at org.apache.catalina.loader.WebappClassLoaderBase.loadClass(WebappClassLoaderBase.java:1160)
		at servlets.ErrorHandlerServlet.service(ErrorHandlerServlet.java:29)
		at javax.servlet.http.HttpServlet.service(HttpServlet.java:623)
		at org.apache.catalina.core.ApplicationFilterChain.internalDoFilter(ApplicationFilterChain.java:197)
		at org.apache.catalina.core.ApplicationFilterChain.doFilter(ApplicationFilterChain.java:142)
		at org.apache.catalina.core.ApplicationDispatcher.invoke(ApplicationDispatcher.java:619)
		at org.apache.catalina.core.ApplicationDispatcher.processRequest(ApplicationDispatcher.java:401)
		at org.apache.catalina.core.ApplicationDispatcher.doForward(ApplicationDispatcher.java:338)
		at org.apache.catalina.core.ApplicationDispatcher.forward(ApplicationDispatcher.java:283)
		at org.apache.catalina.core.StandardHostValve.custom(StandardHostValve.java:392)
		at org.apache.catalina.core.StandardHostValve.status(StandardHostValve.java:220)
		at org.apache.catalina.core.StandardHostValve.invoke(StandardHostValve.java:163)
		at org.apache.catalina.valves.ErrorReportValve.invoke(ErrorReportValve.java:83)
		at org.apache.catalina.valves.AbstractAccessLogValve.invoke(AbstractAccessLogValve.java:643)
		at org.apache.catalina.core.StandardEngineValve.invoke(StandardEngineValve.java:72)
		at org.apache.catalina.connector.CoyoteAdapter.service(CoyoteAdapter.java:344)
		at org.apache.coyote.http11.Http11Processor.service(Http11Processor.java:398)
		at org.apache.coyote.AbstractProcessorLight.process(AbstractProcessorLight.java:63)
		at org.apache.coyote.AbstractProtocol$ConnectionHandler.process(AbstractProtocol.java:939)
		at org.apache.tomcat.util.net.NioEndpoint$SocketProcessor.doRun(NioEndpoint.java:1831)
		at org.apache.tomcat.util.net.SocketProcessorBase.run(SocketProcessorBase.java:52)
		at org.apache.tomcat.util.threads.ThreadPoolExecutor.runWorker(ThreadPoolExecutor.java:973)
		at org.apache.tomcat.util.threads.ThreadPoolExecutor$Worker.run(ThreadPoolExecutor.java:491)
		at org.apache.tomcat.util.threads.TaskThread$WrappingRunnable.run(TaskThread.java:63)
		at java.lang.Thread.run(Thread.java:748)
	Caused by: java.io.FileNotFoundException: C:\apache-tomcat\webapps\onlinebookstore\WEB-INF\lib\checker-qual-3.5.0.jar (The system cannot find the path specified)
		at java.util.zip.ZipFile.open(Native Method)
		at java.util.zip.ZipFile.<init>(ZipFile.java:225)
		at java.util.zip.ZipFile.<init>(ZipFile.java:155)
		at java.util.jar.JarFile.<init>(JarFile.java:166)
		at java.util.jar.JarFile.<init>(JarFile.java:130)
		at org.apache.tomcat.util.compat.JreCompat.jarFileNewInstance(JreCompat.java:338)
		at org.apache.tomcat.util.compat.JreCompat.jarFileNewInstance(JreCompat.java:324)
		at org.apache.catalina.webresources.AbstractArchiveResourceSet.openJarFile(AbstractArchiveResourceSet.java:324)
		at org.apache.catalina.webresources.AbstractSingleArchiveResourceSet.getArchiveEntry(AbstractSingleArchiveResourceSet.java:96)
		... 34 more
04-Jan-2026 22:11:37.240 SEVERE [http-nio-8080-exec-11] org.apache.catalina.core.StandardHostValve.custom Exception Processing [ErrorPage[errorCode=404, location=/error]]
	java.lang.IllegalStateException: java.io.FileNotFoundException: C:\apache-tomcat\webapps\onlinebookstore\WEB-INF\lib\checker-qual-3.5.0.jar (The system cannot find the path specified)
		at org.apache.catalina.webresources.AbstractSingleArchiveResourceSet.getArchiveEntry(AbstractSingleArchiveResourceSet.java:100)
		at org.apache.catalina.webresources.AbstractArchiveResourceSet.getResource(AbstractArchiveResourceSet.java:255)
		at org.apache.catalina.webresources.StandardRoot.getResourceInternal(StandardRoot.java:273)
		at org.apache.catalina.webresources.Cache.getResource(Cache.java:64)
		at org.apache.catalina.webresources.StandardRoot.getResource(StandardRoot.java:212)
		at org.apache.catalina.webresources.StandardRoot.getClassLoaderResource(StandardRoot.java:221)
		at org.apache.catalina.loader.WebappClassLoaderBase.findClassInternal(WebappClassLoaderBase.java:2221)
		at org.apache.catalina.loader.WebappClassLoaderBase.findClassInternal(WebappClassLoaderBase.java:2212)
		at org.apache.catalina.loader.WebappClassLoaderBase.findClass(WebappClassLoaderBase.java:821)
		at org.apache.catalina.loader.WebappClassLoaderBase.loadClass(WebappClassLoaderBase.java:1312)
		at org.apache.catalina.loader.WebappClassLoaderBase.loadClass(WebappClassLoaderBase.java:1160)
		at servlets.ErrorHandlerServlet.service(ErrorHandlerServlet.java:29)
		at javax.servlet.http.HttpServlet.service(HttpServlet.java:623)
		at org.apache.catalina.core.ApplicationFilterChain.internalDoFilter(ApplicationFilterChain.java:197)
		at org.apache.catalina.core.ApplicationFilterChain.doFilter(ApplicationFilterChain.java:142)
		at org.apache.catalina.core.ApplicationDispatcher.invoke(ApplicationDispatcher.java:619)
		at org.apache.catalina.core.ApplicationDispatcher.processRequest(ApplicationDispatcher.java:401)
		at org.apache.catalina.core.ApplicationDispatcher.doForward(ApplicationDispatcher.java:338)
		at org.apache.catalina.core.ApplicationDispatcher.forward(ApplicationDispatcher.java:283)
		at org.apache.catalina.core.StandardHostValve.custom(StandardHostValve.java:392)
		at org.apache.catalina.core.StandardHostValve.status(StandardHostValve.java:220)
		at org.apache.catalina.core.StandardHostValve.invoke(StandardHostValve.java:163)
		at org.apache.catalina.valves.ErrorReportValve.invoke(ErrorReportValve.java:83)
		at org.apache.catalina.valves.AbstractAccessLogValve.invoke(AbstractAccessLogValve.java:643)
		at org.apache.catalina.core.StandardEngineValve.invoke(StandardEngineValve.java:72)
		at org.apache.catalina.connector.CoyoteAdapter.service(CoyoteAdapter.java:344)
		at org.apache.coyote.http11.Http11Processor.service(Http11Processor.java:398)
		at org.apache.coyote.AbstractProcessorLight.process(AbstractProcessorLight.java:63)
		at org.apache.coyote.AbstractProtocol$ConnectionHandler.process(AbstractProtocol.java:939)
		at org.apache.tomcat.util.net.NioEndpoint$SocketProcessor.doRun(NioEndpoint.java:1831)
		at org.apache.tomcat.util.net.SocketProcessorBase.run(SocketProcessorBase.java:52)
		at org.apache.tomcat.util.threads.ThreadPoolExecutor.runWorker(ThreadPoolExecutor.java:973)
		at org.apache.tomcat.util.threads.ThreadPoolExecutor$Worker.run(ThreadPoolExecutor.java:491)
		at org.apache.tomcat.util.threads.TaskThread$WrappingRunnable.run(TaskThread.java:63)
		at java.lang.Thread.run(Thread.java:748)
	Caused by: java.io.FileNotFoundException: C:\apache-tomcat\webapps\onlinebookstore\WEB-INF\lib\checker-qual-3.5.0.jar (The system cannot find the path specified)
		at java.util.zip.ZipFile.open(Native Method)
		at java.util.zip.ZipFile.<init>(ZipFile.java:225)
		at java.util.zip.ZipFile.<init>(ZipFile.java:155)
		at java.util.jar.JarFile.<init>(JarFile.java:166)
		at java.util.jar.JarFile.<init>(JarFile.java:130)
		at org.apache.tomcat.util.compat.JreCompat.jarFileNewInstance(JreCompat.java:338)
		at org.apache.tomcat.util.compat.JreCompat.jarFileNewInstance(JreCompat.java:324)
		at org.apache.catalina.webresources.AbstractArchiveResourceSet.openJarFile(AbstractArchiveResourceSet.java:324)
		at org.apache.catalina.webresources.AbstractSingleArchiveResourceSet.getArchiveEntry(AbstractSingleArchiveResourceSet.java:96)
		... 34 more
04-Jan-2026 22:53:34.659 SEVERE [http-nio-8080-exec-62] org.apache.catalina.core.ApplicationDispatcher.invoke Servlet.service() for servlet [ErrorHandlerServlet] threw exception
	java.lang.IllegalStateException: java.io.FileNotFoundException: C:\apache-tomcat\webapps\onlinebookstore\WEB-INF\lib\checker-qual-3.5.0.jar (The system cannot find the path specified)
		at org.apache.catalina.webresources.AbstractSingleArchiveResourceSet.getArchiveEntry(AbstractSingleArchiveResourceSet.java:100)
		at org.apache.catalina.webresources.AbstractArchiveResourceSet.getResource(AbstractArchiveResourceSet.java:255)
		at org.apache.catalina.webresources.StandardRoot.getResourceInternal(StandardRoot.java:273)
		at org.apache.catalina.webresources.Cache.getResource(Cache.java:64)
		at org.apache.catalina.webresources.StandardRoot.getResource(StandardRoot.java:212)
		at org.apache.catalina.webresources.StandardRoot.getClassLoaderResource(StandardRoot.java:221)
		at org.apache.catalina.loader.WebappClassLoaderBase.findClassInternal(WebappClassLoaderBase.java:2221)
		at org.apache.catalina.loader.WebappClassLoaderBase.findClassInternal(WebappClassLoaderBase.java:2212)
		at org.apache.catalina.loader.WebappClassLoaderBase.findClass(WebappClassLoaderBase.java:821)
		at org.apache.catalina.loader.WebappClassLoaderBase.loadClass(WebappClassLoaderBase.java:1312)
		at org.apache.catalina.loader.WebappClassLoaderBase.loadClass(WebappClassLoaderBase.java:1160)
		at servlets.ErrorHandlerServlet.service(ErrorHandlerServlet.java:29)
		at javax.servlet.http.HttpServlet.service(HttpServlet.java:623)
		at org.apache.catalina.core.ApplicationFilterChain.internalDoFilter(ApplicationFilterChain.java:197)
		at org.apache.catalina.core.ApplicationFilterChain.doFilter(ApplicationFilterChain.java:142)
		at org.apache.catalina.core.ApplicationDispatcher.invoke(ApplicationDispatcher.java:619)
		at org.apache.catalina.core.ApplicationDispatcher.processRequest(ApplicationDispatcher.java:401)
		at org.apache.catalina.core.ApplicationDispatcher.doForward(ApplicationDispatcher.java:338)
		at org.apache.catalina.core.ApplicationDispatcher.forward(ApplicationDispatcher.java:283)
		at org.apache.catalina.core.StandardHostValve.custom(StandardHostValve.java:392)
		at org.apache.catalina.core.StandardHostValve.status(StandardHostValve.java:220)
		at org.apache.catalina.core.StandardHostValve.invoke(StandardHostValve.java:163)
		at org.apache.catalina.valves.ErrorReportValve.invoke(ErrorReportValve.java:83)
		at org.apache.catalina.valves.AbstractAccessLogValve.invoke(AbstractAccessLogValve.java:643)
		at org.apache.catalina.core.StandardEngineValve.invoke(StandardEngineValve.java:72)
		at org.apache.catalina.connector.CoyoteAdapter.service(CoyoteAdapter.java:344)
		at org.apache.coyote.http11.Http11Processor.service(Http11Processor.java:398)
		at org.apache.coyote.AbstractProcessorLight.process(AbstractProcessorLight.java:63)
		at org.apache.coyote.AbstractProtocol$ConnectionHandler.process(AbstractProtocol.java:939)
		at org.apache.tomcat.util.net.NioEndpoint$SocketProcessor.doRun(NioEndpoint.java:1831)
		at org.apache.tomcat.util.net.SocketProcessorBase.run(SocketProcessorBase.java:52)
		at org.apache.tomcat.util.threads.ThreadPoolExecutor.runWorker(ThreadPoolExecutor.java:973)
		at org.apache.tomcat.util.threads.ThreadPoolExecutor$Worker.run(ThreadPoolExecutor.java:491)
		at org.apache.tomcat.util.threads.TaskThread$WrappingRunnable.run(TaskThread.java:63)
		at java.lang.Thread.run(Thread.java:748)
	Caused by: java.io.FileNotFoundException: C:\apache-tomcat\webapps\onlinebookstore\WEB-INF\lib\checker-qual-3.5.0.jar (The system cannot find the path specified)
		at java.util.zip.ZipFile.open(Native Method)
		at java.util.zip.ZipFile.<init>(ZipFile.java:225)
		at java.util.zip.ZipFile.<init>(ZipFile.java:155)
		at java.util.jar.JarFile.<init>(JarFile.java:166)
		at java.util.jar.JarFile.<init>(JarFile.java:130)
		at org.apache.tomcat.util.compat.JreCompat.jarFileNewInstance(JreCompat.java:338)
		at org.apache.tomcat.util.compat.JreCompat.jarFileNewInstance(JreCompat.java:324)
		at org.apache.catalina.webresources.AbstractArchiveResourceSet.openJarFile(AbstractArchiveResourceSet.java:324)
		at org.apache.catalina.webresources.AbstractSingleArchiveResourceSet.getArchiveEntry(AbstractSingleArchiveResourceSet.java:96)
		... 34 more
04-Jan-2026 22:53:34.659 SEVERE [http-nio-8080-exec-62] org.apache.catalina.core.StandardHostValve.custom Exception Processing [ErrorPage[errorCode=404, location=/error]]
	java.lang.IllegalStateException: java.io.FileNotFoundException: C:\apache-tomcat\webapps\onlinebookstore\WEB-INF\lib\checker-qual-3.5.0.jar (The system cannot find the path specified)
		at org.apache.catalina.webresources.AbstractSingleArchiveResourceSet.getArchiveEntry(AbstractSingleArchiveResourceSet.java:100)
		at org.apache.catalina.webresources.AbstractArchiveResourceSet.getResource(AbstractArchiveResourceSet.java:255)
		at org.apache.catalina.webresources.StandardRoot.getResourceInternal(StandardRoot.java:273)
		at org.apache.catalina.webresources.Cache.getResource(Cache.java:64)
		at org.apache.catalina.webresources.StandardRoot.getResource(StandardRoot.java:212)
		at org.apache.catalina.webresources.StandardRoot.getClassLoaderResource(StandardRoot.java:221)
		at org.apache.catalina.loader.WebappClassLoaderBase.findClassInternal(WebappClassLoaderBase.java:2221)
		at org.apache.catalina.loader.WebappClassLoaderBase.findClassInternal(WebappClassLoaderBase.java:2212)
		at org.apache.catalina.loader.WebappClassLoaderBase.findClass(WebappClassLoaderBase.java:821)
		at org.apache.catalina.loader.WebappClassLoaderBase.loadClass(WebappClassLoaderBase.java:1312)
		at org.apache.catalina.loader.WebappClassLoaderBase.loadClass(WebappClassLoaderBase.java:1160)
		at servlets.ErrorHandlerServlet.service(ErrorHandlerServlet.java:29)
		at javax.servlet.http.HttpServlet.service(HttpServlet.java:623)
		at org.apache.catalina.core.ApplicationFilterChain.internalDoFilter(ApplicationFilterChain.java:197)
		at org.apache.catalina.core.ApplicationFilterChain.doFilter(ApplicationFilterChain.java:142)
		at org.apache.catalina.core.ApplicationDispatcher.invoke(ApplicationDispatcher.java:619)
		at org.apache.catalina.core.ApplicationDispatcher.processRequest(ApplicationDispatcher.java:401)
		at org.apache.catalina.core.ApplicationDispatcher.doForward(ApplicationDispatcher.java:338)
		at org.apache.catalina.core.ApplicationDispatcher.forward(ApplicationDispatcher.java:283)
		at org.apache.catalina.core.StandardHostValve.custom(StandardHostValve.java:392)
		at org.apache.catalina.core.StandardHostValve.status(StandardHostValve.java:220)
		at org.apache.catalina.core.StandardHostValve.invoke(StandardHostValve.java:163)
		at org.apache.catalina.valves.ErrorReportValve.invoke(ErrorReportValve.java:83)
		at org.apache.catalina.valves.AbstractAccessLogValve.invoke(AbstractAccessLogValve.java:643)
		at org.apache.catalina.core.StandardEngineValve.invoke(StandardEngineValve.java:72)
		at org.apache.catalina.connector.CoyoteAdapter.service(CoyoteAdapter.java:344)
		at org.apache.coyote.http11.Http11Processor.service(Http11Processor.java:398)
		at org.apache.coyote.AbstractProcessorLight.process(AbstractProcessorLight.java:63)
		at org.apache.coyote.AbstractProtocol$ConnectionHandler.process(AbstractProtocol.java:939)
		at org.apache.tomcat.util.net.NioEndpoint$SocketProcessor.doRun(NioEndpoint.java:1831)
		at org.apache.tomcat.util.net.SocketProcessorBase.run(SocketProcessorBase.java:52)
		at org.apache.tomcat.util.threads.ThreadPoolExecutor.runWorker(ThreadPoolExecutor.java:973)
		at org.apache.tomcat.util.threads.ThreadPoolExecutor$Worker.run(ThreadPoolExecutor.java:491)
		at org.apache.tomcat.util.threads.TaskThread$WrappingRunnable.run(TaskThread.java:63)
		at java.lang.Thread.run(Thread.java:748)
	Caused by: java.io.FileNotFoundException: C:\apache-tomcat\webapps\onlinebookstore\WEB-INF\lib\checker-qual-3.5.0.jar (The system cannot find the path specified)
		at java.util.zip.ZipFile.open(Native Method)
		at java.util.zip.ZipFile.<init>(ZipFile.java:225)
		at java.util.zip.ZipFile.<init>(ZipFile.java:155)
		at java.util.jar.JarFile.<init>(JarFile.java:166)
		at java.util.jar.JarFile.<init>(JarFile.java:130)
		at org.apache.tomcat.util.compat.JreCompat.jarFileNewInstance(JreCompat.java:338)
		at org.apache.tomcat.util.compat.JreCompat.jarFileNewInstance(JreCompat.java:324)
		at org.apache.catalina.webresources.AbstractArchiveResourceSet.openJarFile(AbstractArchiveResourceSet.java:324)
		at org.apache.catalina.webresources.AbstractSingleArchiveResourceSet.getArchiveEntry(AbstractSingleArchiveResourceSet.java:96)
		... 34 more
04-Jan-2026 22:53:35.622 SEVERE [http-nio-8080-exec-61] org.apache.catalina.core.ApplicationDispatcher.invoke Servlet.service() for servlet [ErrorHandlerServlet] threw exception
	java.lang.IllegalStateException: java.io.FileNotFoundException: C:\apache-tomcat\webapps\onlinebookstore\WEB-INF\lib\checker-qual-3.5.0.jar (The system cannot find the path specified)
		at org.apache.catalina.webresources.AbstractSingleArchiveResourceSet.getArchiveEntry(AbstractSingleArchiveResourceSet.java:100)
		at org.apache.catalina.webresources.AbstractArchiveResourceSet.getResource(AbstractArchiveResourceSet.java:255)
		at org.apache.catalina.webresources.StandardRoot.getResourceInternal(StandardRoot.java:273)
		at org.apache.catalina.webresources.Cache.getResource(Cache.java:64)
		at org.apache.catalina.webresources.StandardRoot.getResource(StandardRoot.java:212)
		at org.apache.catalina.webresources.StandardRoot.getClassLoaderResource(StandardRoot.java:221)
		at org.apache.catalina.loader.WebappClassLoaderBase.findClassInternal(WebappClassLoaderBase.java:2221)
		at org.apache.catalina.loader.WebappClassLoaderBase.findClassInternal(WebappClassLoaderBase.java:2212)
		at org.apache.catalina.loader.WebappClassLoaderBase.findClass(WebappClassLoaderBase.java:821)
		at org.apache.catalina.loader.WebappClassLoaderBase.loadClass(WebappClassLoaderBase.java:1312)
		at org.apache.catalina.loader.WebappClassLoaderBase.loadClass(WebappClassLoaderBase.java:1160)
		at servlets.ErrorHandlerServlet.service(ErrorHandlerServlet.java:29)
		at javax.servlet.http.HttpServlet.service(HttpServlet.java:623)
		at org.apache.catalina.core.ApplicationFilterChain.internalDoFilter(ApplicationFilterChain.java:197)
		at org.apache.catalina.core.ApplicationFilterChain.doFilter(ApplicationFilterChain.java:142)
		at org.apache.catalina.core.ApplicationDispatcher.invoke(ApplicationDispatcher.java:619)
		at org.apache.catalina.core.ApplicationDispatcher.processRequest(ApplicationDispatcher.java:401)
		at org.apache.catalina.core.ApplicationDispatcher.doForward(ApplicationDispatcher.java:338)
		at org.apache.catalina.core.ApplicationDispatcher.forward(ApplicationDispatcher.java:283)
		at org.apache.catalina.core.StandardHostValve.custom(StandardHostValve.java:392)
		at org.apache.catalina.core.StandardHostValve.status(StandardHostValve.java:220)
		at org.apache.catalina.core.StandardHostValve.invoke(StandardHostValve.java:163)
		at org.apache.catalina.valves.ErrorReportValve.invoke(ErrorReportValve.java:83)
		at org.apache.catalina.valves.AbstractAccessLogValve.invoke(AbstractAccessLogValve.java:643)
		at org.apache.catalina.core.StandardEngineValve.invoke(StandardEngineValve.java:72)
		at org.apache.catalina.connector.CoyoteAdapter.service(CoyoteAdapter.java:344)
		at org.apache.coyote.http11.Http11Processor.service(Http11Processor.java:398)
		at org.apache.coyote.AbstractProcessorLight.process(AbstractProcessorLight.java:63)
		at org.apache.coyote.AbstractProtocol$ConnectionHandler.process(AbstractProtocol.java:939)
		at org.apache.tomcat.util.net.NioEndpoint$SocketProcessor.doRun(NioEndpoint.java:1831)
		at org.apache.tomcat.util.net.SocketProcessorBase.run(SocketProcessorBase.java:52)
		at org.apache.tomcat.util.threads.ThreadPoolExecutor.runWorker(ThreadPoolExecutor.java:973)
		at org.apache.tomcat.util.threads.ThreadPoolExecutor$Worker.run(ThreadPoolExecutor.java:491)
		at org.apache.tomcat.util.threads.TaskThread$WrappingRunnable.run(TaskThread.java:63)
		at java.lang.Thread.run(Thread.java:748)
	Caused by: java.io.FileNotFoundException: C:\apache-tomcat\webapps\onlinebookstore\WEB-INF\lib\checker-qual-3.5.0.jar (The system cannot find the path specified)
		at java.util.zip.ZipFile.open(Native Method)
		at java.util.zip.ZipFile.<init>(ZipFile.java:225)
		at java.util.zip.ZipFile.<init>(ZipFile.java:155)
		at java.util.jar.JarFile.<init>(JarFile.java:166)
		at java.util.jar.JarFile.<init>(JarFile.java:130)
		at org.apache.tomcat.util.compat.JreCompat.jarFileNewInstance(JreCompat.java:338)
		at org.apache.tomcat.util.compat.JreCompat.jarFileNewInstance(JreCompat.java:324)
		at org.apache.catalina.webresources.AbstractArchiveResourceSet.openJarFile(AbstractArchiveResourceSet.java:324)
		at org.apache.catalina.webresources.AbstractSingleArchiveResourceSet.getArchiveEntry(AbstractSingleArchiveResourceSet.java:96)
		... 34 more
04-Jan-2026 22:53:35.622 SEVERE [http-nio-8080-exec-61] org.apache.catalina.core.StandardHostValve.custom Exception Processing [ErrorPage[errorCode=404, location=/error]]
	java.lang.IllegalStateException: java.io.FileNotFoundException: C:\apache-tomcat\webapps\onlinebookstore\WEB-INF\lib\checker-qual-3.5.0.jar (The system cannot find the path specified)
		at org.apache.catalina.webresources.AbstractSingleArchiveResourceSet.getArchiveEntry(AbstractSingleArchiveResourceSet.java:100)
		at org.apache.catalina.webresources.AbstractArchiveResourceSet.getResource(AbstractArchiveResourceSet.java:255)
		at org.apache.catalina.webresources.StandardRoot.getResourceInternal(StandardRoot.java:273)
		at org.apache.catalina.webresources.Cache.getResource(Cache.java:64)
		at org.apache.catalina.webresources.StandardRoot.getResource(StandardRoot.java:212)
		at org.apache.catalina.webresources.StandardRoot.getClassLoaderResource(StandardRoot.java:221)
		at org.apache.catalina.loader.WebappClassLoaderBase.findClassInternal(WebappClassLoaderBase.java:2221)
		at org.apache.catalina.loader.WebappClassLoaderBase.findClassInternal(WebappClassLoaderBase.java:2212)
		at org.apache.catalina.loader.WebappClassLoaderBase.findClass(WebappClassLoaderBase.java:821)
		at org.apache.catalina.loader.WebappClassLoaderBase.loadClass(WebappClassLoaderBase.java:1312)
		at org.apache.catalina.loader.WebappClassLoaderBase.loadClass(WebappClassLoaderBase.java:1160)
		at servlets.ErrorHandlerServlet.service(ErrorHandlerServlet.java:29)
		at javax.servlet.http.HttpServlet.service(HttpServlet.java:623)
		at org.apache.catalina.core.ApplicationFilterChain.internalDoFilter(ApplicationFilterChain.java:197)
		at org.apache.catalina.core.ApplicationFilterChain.doFilter(ApplicationFilterChain.java:142)
		at org.apache.catalina.core.ApplicationDispatcher.invoke(ApplicationDispatcher.java:619)
		at org.apache.catalina.core.ApplicationDispatcher.processRequest(ApplicationDispatcher.java:401)
		at org.apache.catalina.core.ApplicationDispatcher.doForward(ApplicationDispatcher.java:338)
		at org.apache.catalina.core.ApplicationDispatcher.forward(ApplicationDispatcher.java:283)
		at org.apache.catalina.core.StandardHostValve.custom(StandardHostValve.java:392)
		at org.apache.catalina.core.StandardHostValve.status(StandardHostValve.java:220)
		at org.apache.catalina.core.StandardHostValve.invoke(StandardHostValve.java:163)
		at org.apache.catalina.valves.ErrorReportValve.invoke(ErrorReportValve.java:83)
		at org.apache.catalina.valves.AbstractAccessLogValve.invoke(AbstractAccessLogValve.java:643)
		at org.apache.catalina.core.StandardEngineValve.invoke(StandardEngineValve.java:72)
		at org.apache.catalina.connector.CoyoteAdapter.service(CoyoteAdapter.java:344)
		at org.apache.coyote.http11.Http11Processor.service(Http11Processor.java:398)
		at org.apache.coyote.AbstractProcessorLight.process(AbstractProcessorLight.java:63)
		at org.apache.coyote.AbstractProtocol$ConnectionHandler.process(AbstractProtocol.java:939)
		at org.apache.tomcat.util.net.NioEndpoint$SocketProcessor.doRun(NioEndpoint.java:1831)
		at org.apache.tomcat.util.net.SocketProcessorBase.run(SocketProcessorBase.java:52)
		at org.apache.tomcat.util.threads.ThreadPoolExecutor.runWorker(ThreadPoolExecutor.java:973)
		at org.apache.tomcat.util.threads.ThreadPoolExecutor$Worker.run(ThreadPoolExecutor.java:491)
		at org.apache.tomcat.util.threads.TaskThread$WrappingRunnable.run(TaskThread.java:63)
		at java.lang.Thread.run(Thread.java:748)
	Caused by: java.io.FileNotFoundException: C:\apache-tomcat\webapps\onlinebookstore\WEB-INF\lib\checker-qual-3.5.0.jar (The system cannot find the path specified)
		at java.util.zip.ZipFile.open(Native Method)
		at java.util.zip.ZipFile.<init>(ZipFile.java:225)
		at java.util.zip.ZipFile.<init>(ZipFile.java:155)
		at java.util.jar.JarFile.<init>(JarFile.java:166)
		at java.util.jar.JarFile.<init>(JarFile.java:130)
		at org.apache.tomcat.util.compat.JreCompat.jarFileNewInstance(JreCompat.java:338)
		at org.apache.tomcat.util.compat.JreCompat.jarFileNewInstance(JreCompat.java:324)
		at org.apache.catalina.webresources.AbstractArchiveResourceSet.openJarFile(AbstractArchiveResourceSet.java:324)
		at org.apache.catalina.webresources.AbstractSingleArchiveResourceSet.getArchiveEntry(AbstractSingleArchiveResourceSet.java:96)
		... 34 more
04-Jan-2026 22:53:36.314 SEVERE [http-nio-8080-exec-64] org.apache.catalina.core.ApplicationDispatcher.invoke Servlet.service() for servlet [ErrorHandlerServlet] threw exception
	java.lang.IllegalStateException: java.io.FileNotFoundException: C:\apache-tomcat\webapps\onlinebookstore\WEB-INF\lib\checker-qual-3.5.0.jar (The system cannot find the path specified)
		at org.apache.catalina.webresources.AbstractSingleArchiveResourceSet.getArchiveEntry(AbstractSingleArchiveResourceSet.java:100)
		at org.apache.catalina.webresources.AbstractArchiveResourceSet.getResource(AbstractArchiveResourceSet.java:255)
		at org.apache.catalina.webresources.StandardRoot.getResourceInternal(StandardRoot.java:273)
		at org.apache.catalina.webresources.Cache.getResource(Cache.java:64)
		at org.apache.catalina.webresources.StandardRoot.getResource(StandardRoot.java:212)
		at org.apache.catalina.webresources.StandardRoot.getClassLoaderResource(StandardRoot.java:221)
		at org.apache.catalina.loader.WebappClassLoaderBase.findClassInternal(WebappClassLoaderBase.java:2221)
		at org.apache.catalina.loader.WebappClassLoaderBase.findClassInternal(WebappClassLoaderBase.java:2212)
		at org.apache.catalina.loader.WebappClassLoaderBase.findClass(WebappClassLoaderBase.java:821)
		at org.apache.catalina.loader.WebappClassLoaderBase.loadClass(WebappClassLoaderBase.java:1312)
		at org.apache.catalina.loader.WebappClassLoaderBase.loadClass(WebappClassLoaderBase.java:1160)
		at servlets.ErrorHandlerServlet.service(ErrorHandlerServlet.java:29)
		at javax.servlet.http.HttpServlet.service(HttpServlet.java:623)
		at org.apache.catalina.core.ApplicationFilterChain.internalDoFilter(ApplicationFilterChain.java:197)
		at org.apache.catalina.core.ApplicationFilterChain.doFilter(ApplicationFilterChain.java:142)
		at org.apache.catalina.core.ApplicationDispatcher.invoke(ApplicationDispatcher.java:619)
		at org.apache.catalina.core.ApplicationDispatcher.processRequest(ApplicationDispatcher.java:401)
		at org.apache.catalina.core.ApplicationDispatcher.doForward(ApplicationDispatcher.java:338)
		at org.apache.catalina.core.ApplicationDispatcher.forward(ApplicationDispatcher.java:283)
		at org.apache.catalina.core.StandardHostValve.custom(StandardHostValve.java:392)
		at org.apache.catalina.core.StandardHostValve.status(StandardHostValve.java:220)
		at org.apache.catalina.core.StandardHostValve.invoke(StandardHostValve.java:163)
		at org.apache.catalina.valves.ErrorReportValve.invoke(ErrorReportValve.java:83)
		at org.apache.catalina.valves.AbstractAccessLogValve.invoke(AbstractAccessLogValve.java:643)
		at org.apache.catalina.core.StandardEngineValve.invoke(StandardEngineValve.java:72)
		at org.apache.catalina.connector.CoyoteAdapter.service(CoyoteAdapter.java:344)
		at org.apache.coyote.http11.Http11Processor.service(Http11Processor.java:398)
		at org.apache.coyote.AbstractProcessorLight.process(AbstractProcessorLight.java:63)
		at org.apache.coyote.AbstractProtocol$ConnectionHandler.process(AbstractProtocol.java:939)
		at org.apache.tomcat.util.net.NioEndpoint$SocketProcessor.doRun(NioEndpoint.java:1831)
		at org.apache.tomcat.util.net.SocketProcessorBase.run(SocketProcessorBase.java:52)
		at org.apache.tomcat.util.threads.ThreadPoolExecutor.runWorker(ThreadPoolExecutor.java:973)
		at org.apache.tomcat.util.threads.ThreadPoolExecutor$Worker.run(ThreadPoolExecutor.java:491)
		at org.apache.tomcat.util.threads.TaskThread$WrappingRunnable.run(TaskThread.java:63)
		at java.lang.Thread.run(Thread.java:748)
	Caused by: java.io.FileNotFoundException: C:\apache-tomcat\webapps\onlinebookstore\WEB-INF\lib\checker-qual-3.5.0.jar (The system cannot find the path specified)
		at java.util.zip.ZipFile.open(Native Method)
		at java.util.zip.ZipFile.<init>(ZipFile.java:225)
		at java.util.zip.ZipFile.<init>(ZipFile.java:155)
		at java.util.jar.JarFile.<init>(JarFile.java:166)
		at java.util.jar.JarFile.<init>(JarFile.java:130)
		at org.apache.tomcat.util.compat.JreCompat.jarFileNewInstance(JreCompat.java:338)
		at org.apache.tomcat.util.compat.JreCompat.jarFileNewInstance(JreCompat.java:324)
		at org.apache.catalina.webresources.AbstractArchiveResourceSet.openJarFile(AbstractArchiveResourceSet.java:324)
		at org.apache.catalina.webresources.AbstractSingleArchiveResourceSet.getArchiveEntry(AbstractSingleArchiveResourceSet.java:96)
		... 34 more
04-Jan-2026 22:53:36.314 SEVERE [http-nio-8080-exec-64] org.apache.catalina.core.StandardHostValve.custom Exception Processing [ErrorPage[errorCode=404, location=/error]]
	java.lang.IllegalStateException: java.io.FileNotFoundException: C:\apache-tomcat\webapps\onlinebookstore\WEB-INF\lib\checker-qual-3.5.0.jar (The system cannot find the path specified)
		at org.apache.catalina.webresources.AbstractSingleArchiveResourceSet.getArchiveEntry(AbstractSingleArchiveResourceSet.java:100)
		at org.apache.catalina.webresources.AbstractArchiveResourceSet.getResource(AbstractArchiveResourceSet.java:255)
		at org.apache.catalina.webresources.StandardRoot.getResourceInternal(StandardRoot.java:273)
		at org.apache.catalina.webresources.Cache.getResource(Cache.java:64)
		at org.apache.catalina.webresources.StandardRoot.getResource(StandardRoot.java:212)
		at org.apache.catalina.webresources.StandardRoot.getClassLoaderResource(StandardRoot.java:221)
		at org.apache.catalina.loader.WebappClassLoaderBase.findClassInternal(WebappClassLoaderBase.java:2221)
		at org.apache.catalina.loader.WebappClassLoaderBase.findClassInternal(WebappClassLoaderBase.java:2212)
		at org.apache.catalina.loader.WebappClassLoaderBase.findClass(WebappClassLoaderBase.java:821)
		at org.apache.catalina.loader.WebappClassLoaderBase.loadClass(WebappClassLoaderBase.java:1312)
		at org.apache.catalina.loader.WebappClassLoaderBase.loadClass(WebappClassLoaderBase.java:1160)
		at servlets.ErrorHandlerServlet.service(ErrorHandlerServlet.java:29)
		at javax.servlet.http.HttpServlet.service(HttpServlet.java:623)
		at org.apache.catalina.core.ApplicationFilterChain.internalDoFilter(ApplicationFilterChain.java:197)
		at org.apache.catalina.core.ApplicationFilterChain.doFilter(ApplicationFilterChain.java:142)
		at org.apache.catalina.core.ApplicationDispatcher.invoke(ApplicationDispatcher.java:619)
		at org.apache.catalina.core.ApplicationDispatcher.processRequest(ApplicationDispatcher.java:401)
		at org.apache.catalina.core.ApplicationDispatcher.doForward(ApplicationDispatcher.java:338)
		at org.apache.catalina.core.ApplicationDispatcher.forward(ApplicationDispatcher.java:283)
		at org.apache.catalina.core.StandardHostValve.custom(StandardHostValve.java:392)
		at org.apache.catalina.core.StandardHostValve.status(StandardHostValve.java:220)
		at org.apache.catalina.core.StandardHostValve.invoke(StandardHostValve.java:163)
		at org.apache.catalina.valves.ErrorReportValve.invoke(ErrorReportValve.java:83)
		at org.apache.catalina.valves.AbstractAccessLogValve.invoke(AbstractAccessLogValve.java:643)
		at org.apache.catalina.core.StandardEngineValve.invoke(StandardEngineValve.java:72)
		at org.apache.catalina.connector.CoyoteAdapter.service(CoyoteAdapter.java:344)
		at org.apache.coyote.http11.Http11Processor.service(Http11Processor.java:398)
		at org.apache.coyote.AbstractProcessorLight.process(AbstractProcessorLight.java:63)
		at org.apache.coyote.AbstractProtocol$ConnectionHandler.process(AbstractProtocol.java:939)
		at org.apache.tomcat.util.net.NioEndpoint$SocketProcessor.doRun(NioEndpoint.java:1831)
		at org.apache.tomcat.util.net.SocketProcessorBase.run(SocketProcessorBase.java:52)
		at org.apache.tomcat.util.threads.ThreadPoolExecutor.runWorker(ThreadPoolExecutor.java:973)
		at org.apache.tomcat.util.threads.ThreadPoolExecutor$Worker.run(ThreadPoolExecutor.java:491)
		at org.apache.tomcat.util.threads.TaskThread$WrappingRunnable.run(TaskThread.java:63)
		at java.lang.Thread.run(Thread.java:748)
	Caused by: java.io.FileNotFoundException: C:\apache-tomcat\webapps\onlinebookstore\WEB-INF\lib\checker-qual-3.5.0.jar (The system cannot find the path specified)
		at java.util.zip.ZipFile.open(Native Method)
		at java.util.zip.ZipFile.<init>(ZipFile.java:225)
		at java.util.zip.ZipFile.<init>(ZipFile.java:155)
		at java.util.jar.JarFile.<init>(JarFile.java:166)
		at java.util.jar.JarFile.<init>(JarFile.java:130)
		at org.apache.tomcat.util.compat.JreCompat.jarFileNewInstance(JreCompat.java:338)
		at org.apache.tomcat.util.compat.JreCompat.jarFileNewInstance(JreCompat.java:324)
		at org.apache.catalina.webresources.AbstractArchiveResourceSet.openJarFile(AbstractArchiveResourceSet.java:324)
		at org.apache.catalina.webresources.AbstractSingleArchiveResourceSet.getArchiveEntry(AbstractSingleArchiveResourceSet.java:96)
		... 34 more
04-Jan-2026 22:53:37.216 SEVERE [http-nio-8080-exec-56] org.apache.catalina.core.ApplicationDispatcher.invoke Servlet.service() for servlet [ErrorHandlerServlet] threw exception
	java.lang.IllegalStateException: java.io.FileNotFoundException: C:\apache-tomcat\webapps\onlinebookstore\WEB-INF\lib\checker-qual-3.5.0.jar (The system cannot find the path specified)
		at org.apache.catalina.webresources.AbstractSingleArchiveResourceSet.getArchiveEntry(AbstractSingleArchiveResourceSet.java:100)
		at org.apache.catalina.webresources.AbstractArchiveResourceSet.getResource(AbstractArchiveResourceSet.java:255)
		at org.apache.catalina.webresources.StandardRoot.getResourceInternal(StandardRoot.java:273)
		at org.apache.catalina.webresources.Cache.getResource(Cache.java:64)
		at org.apache.catalina.webresources.StandardRoot.getResource(StandardRoot.java:212)
		at org.apache.catalina.webresources.StandardRoot.getClassLoaderResource(StandardRoot.java:221)
		at org.apache.catalina.loader.WebappClassLoaderBase.findClassInternal(WebappClassLoaderBase.java:2221)
		at org.apache.catalina.loader.WebappClassLoaderBase.findClassInternal(WebappClassLoaderBase.java:2212)
		at org.apache.catalina.loader.WebappClassLoaderBase.findClass(WebappClassLoaderBase.java:821)
		at org.apache.catalina.loader.WebappClassLoaderBase.loadClass(WebappClassLoaderBase.java:1312)
		at org.apache.catalina.loader.WebappClassLoaderBase.loadClass(WebappClassLoaderBase.java:1160)
		at servlets.ErrorHandlerServlet.service(ErrorHandlerServlet.java:29)
		at javax.servlet.http.HttpServlet.service(HttpServlet.java:623)
		at org.apache.catalina.core.ApplicationFilterChain.internalDoFilter(ApplicationFilterChain.java:197)
		at org.apache.catalina.core.ApplicationFilterChain.doFilter(ApplicationFilterChain.java:142)
		at org.apache.catalina.core.ApplicationDispatcher.invoke(ApplicationDispatcher.java:619)
		at org.apache.catalina.core.ApplicationDispatcher.processRequest(ApplicationDispatcher.java:401)
		at org.apache.catalina.core.ApplicationDispatcher.doForward(ApplicationDispatcher.java:338)
		at org.apache.catalina.core.ApplicationDispatcher.forward(ApplicationDispatcher.java:283)
		at org.apache.catalina.core.StandardHostValve.custom(StandardHostValve.java:392)
		at org.apache.catalina.core.StandardHostValve.status(StandardHostValve.java:220)
		at org.apache.catalina.core.StandardHostValve.invoke(StandardHostValve.java:163)
		at org.apache.catalina.valves.ErrorReportValve.invoke(ErrorReportValve.java:83)
		at org.apache.catalina.valves.AbstractAccessLogValve.invoke(AbstractAccessLogValve.java:643)
		at org.apache.catalina.core.StandardEngineValve.invoke(StandardEngineValve.java:72)
		at org.apache.catalina.connector.CoyoteAdapter.service(CoyoteAdapter.java:344)
		at org.apache.coyote.http11.Http11Processor.service(Http11Processor.java:398)
		at org.apache.coyote.AbstractProcessorLight.process(AbstractProcessorLight.java:63)
		at org.apache.coyote.AbstractProtocol$ConnectionHandler.process(AbstractProtocol.java:939)
		at org.apache.tomcat.util.net.NioEndpoint$SocketProcessor.doRun(NioEndpoint.java:1831)
		at org.apache.tomcat.util.net.SocketProcessorBase.run(SocketProcessorBase.java:52)
		at org.apache.tomcat.util.threads.ThreadPoolExecutor.runWorker(ThreadPoolExecutor.java:973)
		at org.apache.tomcat.util.threads.ThreadPoolExecutor$Worker.run(ThreadPoolExecutor.java:491)
		at org.apache.tomcat.util.threads.TaskThread$WrappingRunnable.run(TaskThread.java:63)
		at java.lang.Thread.run(Thread.java:748)
	Caused by: java.io.FileNotFoundException: C:\apache-tomcat\webapps\onlinebookstore\WEB-INF\lib\checker-qual-3.5.0.jar (The system cannot find the path specified)
		at java.util.zip.ZipFile.open(Native Method)
		at java.util.zip.ZipFile.<init>(ZipFile.java:225)
		at java.util.zip.ZipFile.<init>(ZipFile.java:155)
		at java.util.jar.JarFile.<init>(JarFile.java:166)
		at java.util.jar.JarFile.<init>(JarFile.java:130)
		at org.apache.tomcat.util.compat.JreCompat.jarFileNewInstance(JreCompat.java:338)
		at org.apache.tomcat.util.compat.JreCompat.jarFileNewInstance(JreCompat.java:324)
		at org.apache.catalina.webresources.AbstractArchiveResourceSet.openJarFile(AbstractArchiveResourceSet.java:324)
		at org.apache.catalina.webresources.AbstractSingleArchiveResourceSet.getArchiveEntry(AbstractSingleArchiveResourceSet.java:96)
		... 34 more
04-Jan-2026 22:53:37.216 SEVERE [http-nio-8080-exec-56] org.apache.catalina.core.StandardHostValve.custom Exception Processing [ErrorPage[errorCode=404, location=/error]]
	java.lang.IllegalStateException: java.io.FileNotFoundException: C:\apache-tomcat\webapps\onlinebookstore\WEB-INF\lib\checker-qual-3.5.0.jar (The system cannot find the path specified)
		at org.apache.catalina.webresources.AbstractSingleArchiveResourceSet.getArchiveEntry(AbstractSingleArchiveResourceSet.java:100)
		at org.apache.catalina.webresources.AbstractArchiveResourceSet.getResource(AbstractArchiveResourceSet.java:255)
		at org.apache.catalina.webresources.StandardRoot.getResourceInternal(StandardRoot.java:273)
		at org.apache.catalina.webresources.Cache.getResource(Cache.java:64)
		at org.apache.catalina.webresources.StandardRoot.getResource(StandardRoot.java:212)
		at org.apache.catalina.webresources.StandardRoot.getClassLoaderResource(StandardRoot.java:221)
		at org.apache.catalina.loader.WebappClassLoaderBase.findClassInternal(WebappClassLoaderBase.java:2221)
		at org.apache.catalina.loader.WebappClassLoaderBase.findClassInternal(WebappClassLoaderBase.java:2212)
		at org.apache.catalina.loader.WebappClassLoaderBase.findClass(WebappClassLoaderBase.java:821)
		at org.apache.catalina.loader.WebappClassLoaderBase.loadClass(WebappClassLoaderBase.java:1312)
		at org.apache.catalina.loader.WebappClassLoaderBase.loadClass(WebappClassLoaderBase.java:1160)
		at servlets.ErrorHandlerServlet.service(ErrorHandlerServlet.java:29)
		at javax.servlet.http.HttpServlet.service(HttpServlet.java:623)
		at org.apache.catalina.core.ApplicationFilterChain.internalDoFilter(ApplicationFilterChain.java:197)
		at org.apache.catalina.core.ApplicationFilterChain.doFilter(ApplicationFilterChain.java:142)
		at org.apache.catalina.core.ApplicationDispatcher.invoke(ApplicationDispatcher.java:619)
		at org.apache.catalina.core.ApplicationDispatcher.processRequest(ApplicationDispatcher.java:401)
		at org.apache.catalina.core.ApplicationDispatcher.doForward(ApplicationDispatcher.java:338)
		at org.apache.catalina.core.ApplicationDispatcher.forward(ApplicationDispatcher.java:283)
		at org.apache.catalina.core.StandardHostValve.custom(StandardHostValve.java:392)
		at org.apache.catalina.core.StandardHostValve.status(StandardHostValve.java:220)
		at org.apache.catalina.core.StandardHostValve.invoke(StandardHostValve.java:163)
		at org.apache.catalina.valves.ErrorReportValve.invoke(ErrorReportValve.java:83)
		at org.apache.catalina.valves.AbstractAccessLogValve.invoke(AbstractAccessLogValve.java:643)
		at org.apache.catalina.core.StandardEngineValve.invoke(StandardEngineValve.java:72)
		at org.apache.catalina.connector.CoyoteAdapter.service(CoyoteAdapter.java:344)
		at org.apache.coyote.http11.Http11Processor.service(Http11Processor.java:398)
		at org.apache.coyote.AbstractProcessorLight.process(AbstractProcessorLight.java:63)
		at org.apache.coyote.AbstractProtocol$ConnectionHandler.process(AbstractProtocol.java:939)
		at org.apache.tomcat.util.net.NioEndpoint$SocketProcessor.doRun(NioEndpoint.java:1831)
		at org.apache.tomcat.util.net.SocketProcessorBase.run(SocketProcessorBase.java:52)
		at org.apache.tomcat.util.threads.ThreadPoolExecutor.runWorker(ThreadPoolExecutor.java:973)
		at org.apache.tomcat.util.threads.ThreadPoolExecutor$Worker.run(ThreadPoolExecutor.java:491)
		at org.apache.tomcat.util.threads.TaskThread$WrappingRunnable.run(TaskThread.java:63)
		at java.lang.Thread.run(Thread.java:748)
	Caused by: java.io.FileNotFoundException: C:\apache-tomcat\webapps\onlinebookstore\WEB-INF\lib\checker-qual-3.5.0.jar (The system cannot find the path specified)
		at java.util.zip.ZipFile.open(Native Method)
		at java.util.zip.ZipFile.<init>(ZipFile.java:225)
		at java.util.zip.ZipFile.<init>(ZipFile.java:155)
		at java.util.jar.JarFile.<init>(JarFile.java:166)
		at java.util.jar.JarFile.<init>(JarFile.java:130)
		at org.apache.tomcat.util.compat.JreCompat.jarFileNewInstance(JreCompat.java:338)
		at org.apache.tomcat.util.compat.JreCompat.jarFileNewInstance(JreCompat.java:324)
		at org.apache.catalina.webresources.AbstractArchiveResourceSet.openJarFile(AbstractArchiveResourceSet.java:324)
		at org.apache.catalina.webresources.AbstractSingleArchiveResourceSet.getArchiveEntry(AbstractSingleArchiveResourceSet.java:96)
		... 34 more
04-Jan-2026 22:53:38.009 SEVERE [http-nio-8080-exec-58] org.apache.catalina.core.ApplicationDispatcher.invoke Servlet.service() for servlet [ErrorHandlerServlet] threw exception
	java.lang.IllegalStateException: java.io.FileNotFoundException: C:\apache-tomcat\webapps\onlinebookstore\WEB-INF\lib\checker-qual-3.5.0.jar (The system cannot find the path specified)
		at org.apache.catalina.webresources.AbstractSingleArchiveResourceSet.getArchiveEntry(AbstractSingleArchiveResourceSet.java:100)
		at org.apache.catalina.webresources.AbstractArchiveResourceSet.getResource(AbstractArchiveResourceSet.java:255)
		at org.apache.catalina.webresources.StandardRoot.getResourceInternal(StandardRoot.java:273)
		at org.apache.catalina.webresources.Cache.getResource(Cache.java:64)
		at org.apache.catalina.webresources.StandardRoot.getResource(StandardRoot.java:212)
		at org.apache.catalina.webresources.StandardRoot.getClassLoaderResource(StandardRoot.java:221)
		at org.apache.catalina.loader.WebappClassLoaderBase.findClassInternal(WebappClassLoaderBase.java:2221)
		at org.apache.catalina.loader.WebappClassLoaderBase.findClassInternal(WebappClassLoaderBase.java:2212)
		at org.apache.catalina.loader.WebappClassLoaderBase.findClass(WebappClassLoaderBase.java:821)
		at org.apache.catalina.loader.WebappClassLoaderBase.loadClass(WebappClassLoaderBase.java:1312)
		at org.apache.catalina.loader.WebappClassLoaderBase.loadClass(WebappClassLoaderBase.java:1160)
		at servlets.ErrorHandlerServlet.service(ErrorHandlerServlet.java:29)
		at javax.servlet.http.HttpServlet.service(HttpServlet.java:623)
		at org.apache.catalina.core.ApplicationFilterChain.internalDoFilter(ApplicationFilterChain.java:197)
		at org.apache.catalina.core.ApplicationFilterChain.doFilter(ApplicationFilterChain.java:142)
		at org.apache.catalina.core.ApplicationDispatcher.invoke(ApplicationDispatcher.java:619)
		at org.apache.catalina.core.ApplicationDispatcher.processRequest(ApplicationDispatcher.java:401)
		at org.apache.catalina.core.ApplicationDispatcher.doForward(ApplicationDispatcher.java:338)
		at org.apache.catalina.core.ApplicationDispatcher.forward(ApplicationDispatcher.java:283)
		at org.apache.catalina.core.StandardHostValve.custom(StandardHostValve.java:392)
		at org.apache.catalina.core.StandardHostValve.status(StandardHostValve.java:220)
		at org.apache.catalina.core.StandardHostValve.invoke(StandardHostValve.java:163)
		at org.apache.catalina.valves.ErrorReportValve.invoke(ErrorReportValve.java:83)
		at org.apache.catalina.valves.AbstractAccessLogValve.invoke(AbstractAccessLogValve.java:643)
		at org.apache.catalina.core.StandardEngineValve.invoke(StandardEngineValve.java:72)
		at org.apache.catalina.connector.CoyoteAdapter.service(CoyoteAdapter.java:344)
		at org.apache.coyote.http11.Http11Processor.service(Http11Processor.java:398)
		at org.apache.coyote.AbstractProcessorLight.process(AbstractProcessorLight.java:63)
		at org.apache.coyote.AbstractProtocol$ConnectionHandler.process(AbstractProtocol.java:939)
		at org.apache.tomcat.util.net.NioEndpoint$SocketProcessor.doRun(NioEndpoint.java:1831)
		at org.apache.tomcat.util.net.SocketProcessorBase.run(SocketProcessorBase.java:52)
		at org.apache.tomcat.util.threads.ThreadPoolExecutor.runWorker(ThreadPoolExecutor.java:973)
		at org.apache.tomcat.util.threads.ThreadPoolExecutor$Worker.run(ThreadPoolExecutor.java:491)
		at org.apache.tomcat.util.threads.TaskThread$WrappingRunnable.run(TaskThread.java:63)
		at java.lang.Thread.run(Thread.java:748)
	Caused by: java.io.FileNotFoundException: C:\apache-tomcat\webapps\onlinebookstore\WEB-INF\lib\checker-qual-3.5.0.jar (The system cannot find the path specified)
		at java.util.zip.ZipFile.open(Native Method)
		at java.util.zip.ZipFile.<init>(ZipFile.java:225)
		at java.util.zip.ZipFile.<init>(ZipFile.java:155)
		at java.util.jar.JarFile.<init>(JarFile.java:166)
		at java.util.jar.JarFile.<init>(JarFile.java:130)
		at org.apache.tomcat.util.compat.JreCompat.jarFileNewInstance(JreCompat.java:338)
		at org.apache.tomcat.util.compat.JreCompat.jarFileNewInstance(JreCompat.java:324)
		at org.apache.catalina.webresources.AbstractArchiveResourceSet.openJarFile(AbstractArchiveResourceSet.java:324)
		at org.apache.catalina.webresources.AbstractSingleArchiveResourceSet.getArchiveEntry(AbstractSingleArchiveResourceSet.java:96)
		... 34 more
04-Jan-2026 22:53:38.009 SEVERE [http-nio-8080-exec-58] org.apache.catalina.core.StandardHostValve.custom Exception Processing [ErrorPage[errorCode=404, location=/error]]
	java.lang.IllegalStateException: java.io.FileNotFoundException: C:\apache-tomcat\webapps\onlinebookstore\WEB-INF\lib\checker-qual-3.5.0.jar (The system cannot find the path specified)
		at org.apache.catalina.webresources.AbstractSingleArchiveResourceSet.getArchiveEntry(AbstractSingleArchiveResourceSet.java:100)
		at org.apache.catalina.webresources.AbstractArchiveResourceSet.getResource(AbstractArchiveResourceSet.java:255)
		at org.apache.catalina.webresources.StandardRoot.getResourceInternal(StandardRoot.java:273)
		at org.apache.catalina.webresources.Cache.getResource(Cache.java:64)
		at org.apache.catalina.webresources.StandardRoot.getResource(StandardRoot.java:212)
		at org.apache.catalina.webresources.StandardRoot.getClassLoaderResource(StandardRoot.java:221)
		at org.apache.catalina.loader.WebappClassLoaderBase.findClassInternal(WebappClassLoaderBase.java:2221)
		at org.apache.catalina.loader.WebappClassLoaderBase.findClassInternal(WebappClassLoaderBase.java:2212)
		at org.apache.catalina.loader.WebappClassLoaderBase.findClass(WebappClassLoaderBase.java:821)
		at org.apache.catalina.loader.WebappClassLoaderBase.loadClass(WebappClassLoaderBase.java:1312)
		at org.apache.catalina.loader.WebappClassLoaderBase.loadClass(WebappClassLoaderBase.java:1160)
		at servlets.ErrorHandlerServlet.service(ErrorHandlerServlet.java:29)
		at javax.servlet.http.HttpServlet.service(HttpServlet.java:623)
		at org.apache.catalina.core.ApplicationFilterChain.internalDoFilter(ApplicationFilterChain.java:197)
		at org.apache.catalina.core.ApplicationFilterChain.doFilter(ApplicationFilterChain.java:142)
		at org.apache.catalina.core.ApplicationDispatcher.invoke(ApplicationDispatcher.java:619)
		at org.apache.catalina.core.ApplicationDispatcher.processRequest(ApplicationDispatcher.java:401)
		at org.apache.catalina.core.ApplicationDispatcher.doForward(ApplicationDispatcher.java:338)
		at org.apache.catalina.core.ApplicationDispatcher.forward(ApplicationDispatcher.java:283)
		at org.apache.catalina.core.StandardHostValve.custom(StandardHostValve.java:392)
		at org.apache.catalina.core.StandardHostValve.status(StandardHostValve.java:220)
		at org.apache.catalina.core.StandardHostValve.invoke(StandardHostValve.java:163)
		at org.apache.catalina.valves.ErrorReportValve.invoke(ErrorReportValve.java:83)
		at org.apache.catalina.valves.AbstractAccessLogValve.invoke(AbstractAccessLogValve.java:643)
		at org.apache.catalina.core.StandardEngineValve.invoke(StandardEngineValve.java:72)
		at org.apache.catalina.connector.CoyoteAdapter.service(CoyoteAdapter.java:344)
		at org.apache.coyote.http11.Http11Processor.service(Http11Processor.java:398)
		at org.apache.coyote.AbstractProcessorLight.process(AbstractProcessorLight.java:63)
		at org.apache.coyote.AbstractProtocol$ConnectionHandler.process(AbstractProtocol.java:939)
		at org.apache.tomcat.util.net.NioEndpoint$SocketProcessor.doRun(NioEndpoint.java:1831)
		at org.apache.tomcat.util.net.SocketProcessorBase.run(SocketProcessorBase.java:52)
		at org.apache.tomcat.util.threads.ThreadPoolExecutor.runWorker(ThreadPoolExecutor.java:973)
		at org.apache.tomcat.util.threads.ThreadPoolExecutor$Worker.run(ThreadPoolExecutor.java:491)
		at org.apache.tomcat.util.threads.TaskThread$WrappingRunnable.run(TaskThread.java:63)
		at java.lang.Thread.run(Thread.java:748)
	Caused by: java.io.FileNotFoundException: C:\apache-tomcat\webapps\onlinebookstore\WEB-INF\lib\checker-qual-3.5.0.jar (The system cannot find the path specified)
		at java.util.zip.ZipFile.open(Native Method)
		at java.util.zip.ZipFile.<init>(ZipFile.java:225)
		at java.util.zip.ZipFile.<init>(ZipFile.java:155)
		at java.util.jar.JarFile.<init>(JarFile.java:166)
		at java.util.jar.JarFile.<init>(JarFile.java:130)
		at org.apache.tomcat.util.compat.JreCompat.jarFileNewInstance(JreCompat.java:338)
		at org.apache.tomcat.util.compat.JreCompat.jarFileNewInstance(JreCompat.java:324)
		at org.apache.catalina.webresources.AbstractArchiveResourceSet.openJarFile(AbstractArchiveResourceSet.java:324)
		at org.apache.catalina.webresources.AbstractSingleArchiveResourceSet.getArchiveEntry(AbstractSingleArchiveResourceSet.java:96)
		... 34 more
04-Jan-2026 23:16:39.063 SEVERE [http-nio-8080-exec-65] org.apache.catalina.core.ApplicationDispatcher.invoke Servlet.service() for servlet [ErrorHandlerServlet] threw exception
	java.lang.IllegalStateException: java.io.FileNotFoundException: C:\apache-tomcat\webapps\onlinebookstore\WEB-INF\lib\checker-qual-3.5.0.jar (The system cannot find the path specified)
		at org.apache.catalina.webresources.AbstractSingleArchiveResourceSet.getArchiveEntry(AbstractSingleArchiveResourceSet.java:100)
		at org.apache.catalina.webresources.AbstractArchiveResourceSet.getResource(AbstractArchiveResourceSet.java:255)
		at org.apache.catalina.webresources.StandardRoot.getResourceInternal(StandardRoot.java:273)
		at org.apache.catalina.webresources.Cache.getResource(Cache.java:64)
		at org.apache.catalina.webresources.StandardRoot.getResource(StandardRoot.java:212)
		at org.apache.catalina.webresources.StandardRoot.getClassLoaderResource(StandardRoot.java:221)
		at org.apache.catalina.loader.WebappClassLoaderBase.findClassInternal(WebappClassLoaderBase.java:2221)
		at org.apache.catalina.loader.WebappClassLoaderBase.findClassInternal(WebappClassLoaderBase.java:2212)
		at org.apache.catalina.loader.WebappClassLoaderBase.findClass(WebappClassLoaderBase.java:821)
		at org.apache.catalina.loader.WebappClassLoaderBase.loadClass(WebappClassLoaderBase.java:1312)
		at org.apache.catalina.loader.WebappClassLoaderBase.loadClass(WebappClassLoaderBase.java:1160)
		at servlets.ErrorHandlerServlet.service(ErrorHandlerServlet.java:58)
		at javax.servlet.http.HttpServlet.service(HttpServlet.java:623)
		at org.apache.catalina.core.ApplicationFilterChain.internalDoFilter(ApplicationFilterChain.java:197)
		at org.apache.catalina.core.ApplicationFilterChain.doFilter(ApplicationFilterChain.java:142)
		at org.apache.catalina.core.ApplicationDispatcher.invoke(ApplicationDispatcher.java:619)
		at org.apache.catalina.core.ApplicationDispatcher.processRequest(ApplicationDispatcher.java:401)
		at org.apache.catalina.core.ApplicationDispatcher.doForward(ApplicationDispatcher.java:338)
		at org.apache.catalina.core.ApplicationDispatcher.forward(ApplicationDispatcher.java:283)
		at org.apache.catalina.core.StandardHostValve.custom(StandardHostValve.java:392)
		at org.apache.catalina.core.StandardHostValve.status(StandardHostValve.java:220)
		at org.apache.catalina.core.StandardHostValve.invoke(StandardHostValve.java:163)
		at org.apache.catalina.valves.ErrorReportValve.invoke(ErrorReportValve.java:83)
		at org.apache.catalina.valves.AbstractAccessLogValve.invoke(AbstractAccessLogValve.java:643)
		at org.apache.catalina.core.StandardEngineValve.invoke(StandardEngineValve.java:72)
		at org.apache.catalina.connector.CoyoteAdapter.service(CoyoteAdapter.java:344)
		at org.apache.coyote.http11.Http11Processor.service(Http11Processor.java:398)
		at org.apache.coyote.AbstractProcessorLight.process(AbstractProcessorLight.java:63)
		at org.apache.coyote.AbstractProtocol$ConnectionHandler.process(AbstractProtocol.java:939)
		at org.apache.tomcat.util.net.NioEndpoint$SocketProcessor.doRun(NioEndpoint.java:1831)
		at org.apache.tomcat.util.net.SocketProcessorBase.run(SocketProcessorBase.java:52)
		at org.apache.tomcat.util.threads.ThreadPoolExecutor.runWorker(ThreadPoolExecutor.java:973)
		at org.apache.tomcat.util.threads.ThreadPoolExecutor$Worker.run(ThreadPoolExecutor.java:491)
		at org.apache.tomcat.util.threads.TaskThread$WrappingRunnable.run(TaskThread.java:63)
		at java.lang.Thread.run(Thread.java:748)
	Caused by: java.io.FileNotFoundException: C:\apache-tomcat\webapps\onlinebookstore\WEB-INF\lib\checker-qual-3.5.0.jar (The system cannot find the path specified)
		at java.util.zip.ZipFile.open(Native Method)
		at java.util.zip.ZipFile.<init>(ZipFile.java:225)
		at java.util.zip.ZipFile.<init>(ZipFile.java:155)
		at java.util.jar.JarFile.<init>(JarFile.java:166)
		at java.util.jar.JarFile.<init>(JarFile.java:130)
		at org.apache.tomcat.util.compat.JreCompat.jarFileNewInstance(JreCompat.java:338)
		at org.apache.tomcat.util.compat.JreCompat.jarFileNewInstance(JreCompat.java:324)
		at org.apache.catalina.webresources.AbstractArchiveResourceSet.openJarFile(AbstractArchiveResourceSet.java:324)
		at org.apache.catalina.webresources.AbstractSingleArchiveResourceSet.getArchiveEntry(AbstractSingleArchiveResourceSet.java:96)
		... 34 more
04-Jan-2026 23:16:39.065 SEVERE [http-nio-8080-exec-65] org.apache.catalina.core.StandardHostValve.custom Exception Processing [ErrorPage[errorCode=404, location=/error]]
	java.lang.IllegalStateException: java.io.FileNotFoundException: C:\apache-tomcat\webapps\onlinebookstore\WEB-INF\lib\checker-qual-3.5.0.jar (The system cannot find the path specified)
		at org.apache.catalina.webresources.AbstractSingleArchiveResourceSet.getArchiveEntry(AbstractSingleArchiveResourceSet.java:100)
		at org.apache.catalina.webresources.AbstractArchiveResourceSet.getResource(AbstractArchiveResourceSet.java:255)
		at org.apache.catalina.webresources.StandardRoot.getResourceInternal(StandardRoot.java:273)
		at org.apache.catalina.webresources.Cache.getResource(Cache.java:64)
		at org.apache.catalina.webresources.StandardRoot.getResource(StandardRoot.java:212)
		at org.apache.catalina.webresources.StandardRoot.getClassLoaderResource(StandardRoot.java:221)
		at org.apache.catalina.loader.WebappClassLoaderBase.findClassInternal(WebappClassLoaderBase.java:2221)
		at org.apache.catalina.loader.WebappClassLoaderBase.findClassInternal(WebappClassLoaderBase.java:2212)
		at org.apache.catalina.loader.WebappClassLoaderBase.findClass(WebappClassLoaderBase.java:821)
		at org.apache.catalina.loader.WebappClassLoaderBase.loadClass(WebappClassLoaderBase.java:1312)
		at org.apache.catalina.loader.WebappClassLoaderBase.loadClass(WebappClassLoaderBase.java:1160)
		at servlets.ErrorHandlerServlet.service(ErrorHandlerServlet.java:58)
		at javax.servlet.http.HttpServlet.service(HttpServlet.java:623)
		at org.apache.catalina.core.ApplicationFilterChain.internalDoFilter(ApplicationFilterChain.java:197)
		at org.apache.catalina.core.ApplicationFilterChain.doFilter(ApplicationFilterChain.java:142)
		at org.apache.catalina.core.ApplicationDispatcher.invoke(ApplicationDispatcher.java:619)
		at org.apache.catalina.core.ApplicationDispatcher.processRequest(ApplicationDispatcher.java:401)
		at org.apache.catalina.core.ApplicationDispatcher.doForward(ApplicationDispatcher.java:338)
		at org.apache.catalina.core.ApplicationDispatcher.forward(ApplicationDispatcher.java:283)
		at org.apache.catalina.core.StandardHostValve.custom(StandardHostValve.java:392)
		at org.apache.catalina.core.StandardHostValve.status(StandardHostValve.java:220)
		at org.apache.catalina.core.StandardHostValve.invoke(StandardHostValve.java:163)
		at org.apache.catalina.valves.ErrorReportValve.invoke(ErrorReportValve.java:83)
		at org.apache.catalina.valves.AbstractAccessLogValve.invoke(AbstractAccessLogValve.java:643)
		at org.apache.catalina.core.StandardEngineValve.invoke(StandardEngineValve.java:72)
		at org.apache.catalina.connector.CoyoteAdapter.service(CoyoteAdapter.java:344)
		at org.apache.coyote.http11.Http11Processor.service(Http11Processor.java:398)
		at org.apache.coyote.AbstractProcessorLight.process(AbstractProcessorLight.java:63)
		at org.apache.coyote.AbstractProtocol$ConnectionHandler.process(AbstractProtocol.java:939)
		at org.apache.tomcat.util.net.NioEndpoint$SocketProcessor.doRun(NioEndpoint.java:1831)
		at org.apache.tomcat.util.net.SocketProcessorBase.run(SocketProcessorBase.java:52)
		at org.apache.tomcat.util.threads.ThreadPoolExecutor.runWorker(ThreadPoolExecutor.java:973)
		at org.apache.tomcat.util.threads.ThreadPoolExecutor$Worker.run(ThreadPoolExecutor.java:491)
		at org.apache.tomcat.util.threads.TaskThread$WrappingRunnable.run(TaskThread.java:63)
		at java.lang.Thread.run(Thread.java:748)
	Caused by: java.io.FileNotFoundException: C:\apache-tomcat\webapps\onlinebookstore\WEB-INF\lib\checker-qual-3.5.0.jar (The system cannot find the path specified)
		at java.util.zip.ZipFile.open(Native Method)
		at java.util.zip.ZipFile.<init>(ZipFile.java:225)
		at java.util.zip.ZipFile.<init>(ZipFile.java:155)
		at java.util.jar.JarFile.<init>(JarFile.java:166)
		at java.util.jar.JarFile.<init>(JarFile.java:130)
		at org.apache.tomcat.util.compat.JreCompat.jarFileNewInstance(JreCompat.java:338)
		at org.apache.tomcat.util.compat.JreCompat.jarFileNewInstance(JreCompat.java:324)
		at org.apache.catalina.webresources.AbstractArchiveResourceSet.openJarFile(AbstractArchiveResourceSet.java:324)
		at org.apache.catalina.webresources.AbstractSingleArchiveResourceSet.getArchiveEntry(AbstractSingleArchiveResourceSet.java:96)
		... 34 more
04-Jan-2026 23:16:39.220 SEVERE [http-nio-8080-exec-66] org.apache.catalina.core.ApplicationDispatcher.invoke Servlet.service() for servlet [ErrorHandlerServlet] threw exception
	java.lang.IllegalStateException: java.io.FileNotFoundException: C:\apache-tomcat\webapps\onlinebookstore\WEB-INF\lib\checker-qual-3.5.0.jar (The system cannot find the path specified)
		at org.apache.catalina.webresources.AbstractSingleArchiveResourceSet.getArchiveEntry(AbstractSingleArchiveResourceSet.java:100)
		at org.apache.catalina.webresources.AbstractArchiveResourceSet.getResource(AbstractArchiveResourceSet.java:255)
		at org.apache.catalina.webresources.StandardRoot.getResourceInternal(StandardRoot.java:273)
		at org.apache.catalina.webresources.Cache.getResource(Cache.java:64)
		at org.apache.catalina.webresources.StandardRoot.getResource(StandardRoot.java:212)
		at org.apache.catalina.webresources.StandardRoot.getClassLoaderResource(StandardRoot.java:221)
		at org.apache.catalina.loader.WebappClassLoaderBase.findClassInternal(WebappClassLoaderBase.java:2221)
		at org.apache.catalina.loader.WebappClassLoaderBase.findClassInternal(WebappClassLoaderBase.java:2212)
		at org.apache.catalina.loader.WebappClassLoaderBase.findClass(WebappClassLoaderBase.java:821)
		at org.apache.catalina.loader.WebappClassLoaderBase.loadClass(WebappClassLoaderBase.java:1312)
		at org.apache.catalina.loader.WebappClassLoaderBase.loadClass(WebappClassLoaderBase.java:1160)
		at servlets.ErrorHandlerServlet.service(ErrorHandlerServlet.java:58)
		at javax.servlet.http.HttpServlet.service(HttpServlet.java:623)
		at org.apache.catalina.core.ApplicationFilterChain.internalDoFilter(ApplicationFilterChain.java:197)
		at org.apache.catalina.core.ApplicationFilterChain.doFilter(ApplicationFilterChain.java:142)
		at org.apache.catalina.core.ApplicationDispatcher.invoke(ApplicationDispatcher.java:619)
		at org.apache.catalina.core.ApplicationDispatcher.processRequest(ApplicationDispatcher.java:401)
		at org.apache.catalina.core.ApplicationDispatcher.doForward(ApplicationDispatcher.java:338)
		at org.apache.catalina.core.ApplicationDispatcher.forward(ApplicationDispatcher.java:283)
		at org.apache.catalina.core.StandardHostValve.custom(StandardHostValve.java:392)
		at org.apache.catalina.core.StandardHostValve.status(StandardHostValve.java:220)
		at org.apache.catalina.core.StandardHostValve.invoke(StandardHostValve.java:163)
		at org.apache.catalina.valves.ErrorReportValve.invoke(ErrorReportValve.java:83)
		at org.apache.catalina.valves.AbstractAccessLogValve.invoke(AbstractAccessLogValve.java:643)
		at org.apache.catalina.core.StandardEngineValve.invoke(StandardEngineValve.java:72)
		at org.apache.catalina.connector.CoyoteAdapter.service(CoyoteAdapter.java:344)
		at org.apache.coyote.http11.Http11Processor.service(Http11Processor.java:398)
		at org.apache.coyote.AbstractProcessorLight.process(AbstractProcessorLight.java:63)
		at org.apache.coyote.AbstractProtocol$ConnectionHandler.process(AbstractProtocol.java:939)
		at org.apache.tomcat.util.net.NioEndpoint$SocketProcessor.doRun(NioEndpoint.java:1831)
		at org.apache.tomcat.util.net.SocketProcessorBase.run(SocketProcessorBase.java:52)
		at org.apache.tomcat.util.threads.ThreadPoolExecutor.runWorker(ThreadPoolExecutor.java:973)
		at org.apache.tomcat.util.threads.ThreadPoolExecutor$Worker.run(ThreadPoolExecutor.java:491)
		at org.apache.tomcat.util.threads.TaskThread$WrappingRunnable.run(TaskThread.java:63)
		at java.lang.Thread.run(Thread.java:748)
	Caused by: java.io.FileNotFoundException: C:\apache-tomcat\webapps\onlinebookstore\WEB-INF\lib\checker-qual-3.5.0.jar (The system cannot find the path specified)
		at java.util.zip.ZipFile.open(Native Method)
		at java.util.zip.ZipFile.<init>(ZipFile.java:225)
		at java.util.zip.ZipFile.<init>(ZipFile.java:155)
		at java.util.jar.JarFile.<init>(JarFile.java:166)
		at java.util.jar.JarFile.<init>(JarFile.java:130)
		at org.apache.tomcat.util.compat.JreCompat.jarFileNewInstance(JreCompat.java:338)
		at org.apache.tomcat.util.compat.JreCompat.jarFileNewInstance(JreCompat.java:324)
		at org.apache.catalina.webresources.AbstractArchiveResourceSet.openJarFile(AbstractArchiveResourceSet.java:324)
		at org.apache.catalina.webresources.AbstractSingleArchiveResourceSet.getArchiveEntry(AbstractSingleArchiveResourceSet.java:96)
		... 34 more
04-Jan-2026 23:16:39.222 SEVERE [http-nio-8080-exec-66] org.apache.catalina.core.StandardHostValve.custom Exception Processing [ErrorPage[errorCode=404, location=/error]]
	java.lang.IllegalStateException: java.io.FileNotFoundException: C:\apache-tomcat\webapps\onlinebookstore\WEB-INF\lib\checker-qual-3.5.0.jar (The system cannot find the path specified)
		at org.apache.catalina.webresources.AbstractSingleArchiveResourceSet.getArchiveEntry(AbstractSingleArchiveResourceSet.java:100)
		at org.apache.catalina.webresources.AbstractArchiveResourceSet.getResource(AbstractArchiveResourceSet.java:255)
		at org.apache.catalina.webresources.StandardRoot.getResourceInternal(StandardRoot.java:273)
		at org.apache.catalina.webresources.Cache.getResource(Cache.java:64)
		at org.apache.catalina.webresources.StandardRoot.getResource(StandardRoot.java:212)
		at org.apache.catalina.webresources.StandardRoot.getClassLoaderResource(StandardRoot.java:221)
		at org.apache.catalina.loader.WebappClassLoaderBase.findClassInternal(WebappClassLoaderBase.java:2221)
		at org.apache.catalina.loader.WebappClassLoaderBase.findClassInternal(WebappClassLoaderBase.java:2212)
		at org.apache.catalina.loader.WebappClassLoaderBase.findClass(WebappClassLoaderBase.java:821)
		at org.apache.catalina.loader.WebappClassLoaderBase.loadClass(WebappClassLoaderBase.java:1312)
		at org.apache.catalina.loader.WebappClassLoaderBase.loadClass(WebappClassLoaderBase.java:1160)
		at servlets.ErrorHandlerServlet.service(ErrorHandlerServlet.java:58)
		at javax.servlet.http.HttpServlet.service(HttpServlet.java:623)
		at org.apache.catalina.core.ApplicationFilterChain.internalDoFilter(ApplicationFilterChain.java:197)
		at org.apache.catalina.core.ApplicationFilterChain.doFilter(ApplicationFilterChain.java:142)
		at org.apache.catalina.core.ApplicationDispatcher.invoke(ApplicationDispatcher.java:619)
		at org.apache.catalina.core.ApplicationDispatcher.processRequest(ApplicationDispatcher.java:401)
		at org.apache.catalina.core.ApplicationDispatcher.doForward(ApplicationDispatcher.java:338)
		at org.apache.catalina.core.ApplicationDispatcher.forward(ApplicationDispatcher.java:283)
		at org.apache.catalina.core.StandardHostValve.custom(StandardHostValve.java:392)
		at org.apache.catalina.core.StandardHostValve.status(StandardHostValve.java:220)
		at org.apache.catalina.core.StandardHostValve.invoke(StandardHostValve.java:163)
		at org.apache.catalina.valves.ErrorReportValve.invoke(ErrorReportValve.java:83)
		at org.apache.catalina.valves.AbstractAccessLogValve.invoke(AbstractAccessLogValve.java:643)
		at org.apache.catalina.core.StandardEngineValve.invoke(StandardEngineValve.java:72)
		at org.apache.catalina.connector.CoyoteAdapter.service(CoyoteAdapter.java:344)
		at org.apache.coyote.http11.Http11Processor.service(Http11Processor.java:398)
		at org.apache.coyote.AbstractProcessorLight.process(AbstractProcessorLight.java:63)
		at org.apache.coyote.AbstractProtocol$ConnectionHandler.process(AbstractProtocol.java:939)
		at org.apache.tomcat.util.net.NioEndpoint$SocketProcessor.doRun(NioEndpoint.java:1831)
		at org.apache.tomcat.util.net.SocketProcessorBase.run(SocketProcessorBase.java:52)
		at org.apache.tomcat.util.threads.ThreadPoolExecutor.runWorker(ThreadPoolExecutor.java:973)
		at org.apache.tomcat.util.threads.ThreadPoolExecutor$Worker.run(ThreadPoolExecutor.java:491)
		at org.apache.tomcat.util.threads.TaskThread$WrappingRunnable.run(TaskThread.java:63)
		at java.lang.Thread.run(Thread.java:748)
	Caused by: java.io.FileNotFoundException: C:\apache-tomcat\webapps\onlinebookstore\WEB-INF\lib\checker-qual-3.5.0.jar (The system cannot find the path specified)
		at java.util.zip.ZipFile.open(Native Method)
		at java.util.zip.ZipFile.<init>(ZipFile.java:225)
		at java.util.zip.ZipFile.<init>(ZipFile.java:155)
		at java.util.jar.JarFile.<init>(JarFile.java:166)
		at java.util.jar.JarFile.<init>(JarFile.java:130)
		at org.apache.tomcat.util.compat.JreCompat.jarFileNewInstance(JreCompat.java:338)
		at org.apache.tomcat.util.compat.JreCompat.jarFileNewInstance(JreCompat.java:324)
		at org.apache.catalina.webresources.AbstractArchiveResourceSet.openJarFile(AbstractArchiveResourceSet.java:324)
		at org.apache.catalina.webresources.AbstractSingleArchiveResourceSet.getArchiveEntry(AbstractSingleArchiveResourceSet.java:96)
		... 34 more
04-Jan-2026 23:16:39.376 SEVERE [http-nio-8080-exec-67] org.apache.catalina.core.ApplicationDispatcher.invoke Servlet.service() for servlet [ErrorHandlerServlet] threw exception
	java.lang.IllegalStateException: java.io.FileNotFoundException: C:\apache-tomcat\webapps\onlinebookstore\WEB-INF\lib\checker-qual-3.5.0.jar (The system cannot find the path specified)
		at org.apache.catalina.webresources.AbstractSingleArchiveResourceSet.getArchiveEntry(AbstractSingleArchiveResourceSet.java:100)
		at org.apache.catalina.webresources.AbstractArchiveResourceSet.getResource(AbstractArchiveResourceSet.java:255)
		at org.apache.catalina.webresources.StandardRoot.getResourceInternal(StandardRoot.java:273)
		at org.apache.catalina.webresources.Cache.getResource(Cache.java:64)
		at org.apache.catalina.webresources.StandardRoot.getResource(StandardRoot.java:212)
		at org.apache.catalina.webresources.StandardRoot.getClassLoaderResource(StandardRoot.java:221)
		at org.apache.catalina.loader.WebappClassLoaderBase.findClassInternal(WebappClassLoaderBase.java:2221)
		at org.apache.catalina.loader.WebappClassLoaderBase.findClassInternal(WebappClassLoaderBase.java:2212)
		at org.apache.catalina.loader.WebappClassLoaderBase.findClass(WebappClassLoaderBase.java:821)
		at org.apache.catalina.loader.WebappClassLoaderBase.loadClass(WebappClassLoaderBase.java:1312)
		at org.apache.catalina.loader.WebappClassLoaderBase.loadClass(WebappClassLoaderBase.java:1160)
		at servlets.ErrorHandlerServlet.service(ErrorHandlerServlet.java:58)
		at javax.servlet.http.HttpServlet.service(HttpServlet.java:623)
		at org.apache.catalina.core.ApplicationFilterChain.internalDoFilter(ApplicationFilterChain.java:197)
		at org.apache.catalina.core.ApplicationFilterChain.doFilter(ApplicationFilterChain.java:142)
		at org.apache.catalina.core.ApplicationDispatcher.invoke(ApplicationDispatcher.java:619)
		at org.apache.catalina.core.ApplicationDispatcher.processRequest(ApplicationDispatcher.java:401)
		at org.apache.catalina.core.ApplicationDispatcher.doForward(ApplicationDispatcher.java:338)
		at org.apache.catalina.core.ApplicationDispatcher.forward(ApplicationDispatcher.java:283)
		at org.apache.catalina.core.StandardHostValve.custom(StandardHostValve.java:392)
		at org.apache.catalina.core.StandardHostValve.status(StandardHostValve.java:220)
		at org.apache.catalina.core.StandardHostValve.invoke(StandardHostValve.java:163)
		at org.apache.catalina.valves.ErrorReportValve.invoke(ErrorReportValve.java:83)
		at org.apache.catalina.valves.AbstractAccessLogValve.invoke(AbstractAccessLogValve.java:643)
		at org.apache.catalina.core.StandardEngineValve.invoke(StandardEngineValve.java:72)
		at org.apache.catalina.connector.CoyoteAdapter.service(CoyoteAdapter.java:344)
		at org.apache.coyote.http11.Http11Processor.service(Http11Processor.java:398)
		at org.apache.coyote.AbstractProcessorLight.process(AbstractProcessorLight.java:63)
		at org.apache.coyote.AbstractProtocol$ConnectionHandler.process(AbstractProtocol.java:939)
		at org.apache.tomcat.util.net.NioEndpoint$SocketProcessor.doRun(NioEndpoint.java:1831)
		at org.apache.tomcat.util.net.SocketProcessorBase.run(SocketProcessorBase.java:52)
		at org.apache.tomcat.util.threads.ThreadPoolExecutor.runWorker(ThreadPoolExecutor.java:973)
		at org.apache.tomcat.util.threads.ThreadPoolExecutor$Worker.run(ThreadPoolExecutor.java:491)
		at org.apache.tomcat.util.threads.TaskThread$WrappingRunnable.run(TaskThread.java:63)
		at java.lang.Thread.run(Thread.java:748)
	Caused by: java.io.FileNotFoundException: C:\apache-tomcat\webapps\onlinebookstore\WEB-INF\lib\checker-qual-3.5.0.jar (The system cannot find the path specified)
		at java.util.zip.ZipFile.open(Native Method)
		at java.util.zip.ZipFile.<init>(ZipFile.java:225)
		at java.util.zip.ZipFile.<init>(ZipFile.java:155)
		at java.util.jar.JarFile.<init>(JarFile.java:166)
		at java.util.jar.JarFile.<init>(JarFile.java:130)
		at org.apache.tomcat.util.compat.JreCompat.jarFileNewInstance(JreCompat.java:338)
		at org.apache.tomcat.util.compat.JreCompat.jarFileNewInstance(JreCompat.java:324)
		at org.apache.catalina.webresources.AbstractArchiveResourceSet.openJarFile(AbstractArchiveResourceSet.java:324)
		at org.apache.catalina.webresources.AbstractSingleArchiveResourceSet.getArchiveEntry(AbstractSingleArchiveResourceSet.java:96)
		... 34 more
04-Jan-2026 23:16:39.376 SEVERE [http-nio-8080-exec-67] org.apache.catalina.core.StandardHostValve.custom Exception Processing [ErrorPage[errorCode=404, location=/error]]
	java.lang.IllegalStateException: java.io.FileNotFoundException: C:\apache-tomcat\webapps\onlinebookstore\WEB-INF\lib\checker-qual-3.5.0.jar (The system cannot find the path specified)
		at org.apache.catalina.webresources.AbstractSingleArchiveResourceSet.getArchiveEntry(AbstractSingleArchiveResourceSet.java:100)
		at org.apache.catalina.webresources.AbstractArchiveResourceSet.getResource(AbstractArchiveResourceSet.java:255)
		at org.apache.catalina.webresources.StandardRoot.getResourceInternal(StandardRoot.java:273)
		at org.apache.catalina.webresources.Cache.getResource(Cache.java:64)
		at org.apache.catalina.webresources.StandardRoot.getResource(StandardRoot.java:212)
		at org.apache.catalina.webresources.StandardRoot.getClassLoaderResource(StandardRoot.java:221)
		at org.apache.catalina.loader.WebappClassLoaderBase.findClassInternal(WebappClassLoaderBase.java:2221)
		at org.apache.catalina.loader.WebappClassLoaderBase.findClassInternal(WebappClassLoaderBase.java:2212)
		at org.apache.catalina.loader.WebappClassLoaderBase.findClass(WebappClassLoaderBase.java:821)
		at org.apache.catalina.loader.WebappClassLoaderBase.loadClass(WebappClassLoaderBase.java:1312)
		at org.apache.catalina.loader.WebappClassLoaderBase.loadClass(WebappClassLoaderBase.java:1160)
		at servlets.ErrorHandlerServlet.service(ErrorHandlerServlet.java:58)
		at javax.servlet.http.HttpServlet.service(HttpServlet.java:623)
		at org.apache.catalina.core.ApplicationFilterChain.internalDoFilter(ApplicationFilterChain.java:197)
		at org.apache.catalina.core.ApplicationFilterChain.doFilter(ApplicationFilterChain.java:142)
		at org.apache.catalina.core.ApplicationDispatcher.invoke(ApplicationDispatcher.java:619)
		at org.apache.catalina.core.ApplicationDispatcher.processRequest(ApplicationDispatcher.java:401)
		at org.apache.catalina.core.ApplicationDispatcher.doForward(ApplicationDispatcher.java:338)
		at org.apache.catalina.core.ApplicationDispatcher.forward(ApplicationDispatcher.java:283)
		at org.apache.catalina.core.StandardHostValve.custom(StandardHostValve.java:392)
		at org.apache.catalina.core.StandardHostValve.status(StandardHostValve.java:220)
		at org.apache.catalina.core.StandardHostValve.invoke(StandardHostValve.java:163)
		at org.apache.catalina.valves.ErrorReportValve.invoke(ErrorReportValve.java:83)
		at org.apache.catalina.valves.AbstractAccessLogValve.invoke(AbstractAccessLogValve.java:643)
		at org.apache.catalina.core.StandardEngineValve.invoke(StandardEngineValve.java:72)
		at org.apache.catalina.connector.CoyoteAdapter.service(CoyoteAdapter.java:344)
		at org.apache.coyote.http11.Http11Processor.service(Http11Processor.java:398)
		at org.apache.coyote.AbstractProcessorLight.process(AbstractProcessorLight.java:63)
		at org.apache.coyote.AbstractProtocol$ConnectionHandler.process(AbstractProtocol.java:939)
		at org.apache.tomcat.util.net.NioEndpoint$SocketProcessor.doRun(NioEndpoint.java:1831)
		at org.apache.tomcat.util.net.SocketProcessorBase.run(SocketProcessorBase.java:52)
		at org.apache.tomcat.util.threads.ThreadPoolExecutor.runWorker(ThreadPoolExecutor.java:973)
		at org.apache.tomcat.util.threads.ThreadPoolExecutor$Worker.run(ThreadPoolExecutor.java:491)
		at org.apache.tomcat.util.threads.TaskThread$WrappingRunnable.run(TaskThread.java:63)
		at java.lang.Thread.run(Thread.java:748)
	Caused by: java.io.FileNotFoundException: C:\apache-tomcat\webapps\onlinebookstore\WEB-INF\lib\checker-qual-3.5.0.jar (The system cannot find the path specified)
		at java.util.zip.ZipFile.open(Native Method)
		at java.util.zip.ZipFile.<init>(ZipFile.java:225)
		at java.util.zip.ZipFile.<init>(ZipFile.java:155)
		at java.util.jar.JarFile.<init>(JarFile.java:166)
		at java.util.jar.JarFile.<init>(JarFile.java:130)
		at org.apache.tomcat.util.compat.JreCompat.jarFileNewInstance(JreCompat.java:338)
		at org.apache.tomcat.util.compat.JreCompat.jarFileNewInstance(JreCompat.java:324)
		at org.apache.catalina.webresources.AbstractArchiveResourceSet.openJarFile(AbstractArchiveResourceSet.java:324)
		at org.apache.catalina.webresources.AbstractSingleArchiveResourceSet.getArchiveEntry(AbstractSingleArchiveResourceSet.java:96)
		... 34 more
04-Jan-2026 23:16:39.593 SEVERE [http-nio-8080-exec-68] org.apache.catalina.core.ApplicationDispatcher.invoke Servlet.service() for servlet [ErrorHandlerServlet] threw exception
	java.lang.IllegalStateException: java.io.FileNotFoundException: C:\apache-tomcat\webapps\onlinebookstore\WEB-INF\lib\checker-qual-3.5.0.jar (The system cannot find the path specified)
		at org.apache.catalina.webresources.AbstractSingleArchiveResourceSet.getArchiveEntry(AbstractSingleArchiveResourceSet.java:100)
		at org.apache.catalina.webresources.AbstractArchiveResourceSet.getResource(AbstractArchiveResourceSet.java:255)
		at org.apache.catalina.webresources.StandardRoot.getResourceInternal(StandardRoot.java:273)
		at org.apache.catalina.webresources.Cache.getResource(Cache.java:64)
		at org.apache.catalina.webresources.StandardRoot.getResource(StandardRoot.java:212)
		at org.apache.catalina.webresources.StandardRoot.getClassLoaderResource(StandardRoot.java:221)
		at org.apache.catalina.loader.WebappClassLoaderBase.findClassInternal(WebappClassLoaderBase.java:2221)
		at org.apache.catalina.loader.WebappClassLoaderBase.findClassInternal(WebappClassLoaderBase.java:2212)
		at org.apache.catalina.loader.WebappClassLoaderBase.findClass(WebappClassLoaderBase.java:821)
		at org.apache.catalina.loader.WebappClassLoaderBase.loadClass(WebappClassLoaderBase.java:1312)
		at org.apache.catalina.loader.WebappClassLoaderBase.loadClass(WebappClassLoaderBase.java:1160)
		at servlets.ErrorHandlerServlet.service(ErrorHandlerServlet.java:58)
		at javax.servlet.http.HttpServlet.service(HttpServlet.java:623)
		at org.apache.catalina.core.ApplicationFilterChain.internalDoFilter(ApplicationFilterChain.java:197)
		at org.apache.catalina.core.ApplicationFilterChain.doFilter(ApplicationFilterChain.java:142)
		at org.apache.catalina.core.ApplicationDispatcher.invoke(ApplicationDispatcher.java:619)
		at org.apache.catalina.core.ApplicationDispatcher.processRequest(ApplicationDispatcher.java:401)
		at org.apache.catalina.core.ApplicationDispatcher.doForward(ApplicationDispatcher.java:338)
		at org.apache.catalina.core.ApplicationDispatcher.forward(ApplicationDispatcher.java:283)
		at org.apache.catalina.core.StandardHostValve.custom(StandardHostValve.java:392)
		at org.apache.catalina.core.StandardHostValve.status(StandardHostValve.java:220)
		at org.apache.catalina.core.StandardHostValve.invoke(StandardHostValve.java:163)
		at org.apache.catalina.valves.ErrorReportValve.invoke(ErrorReportValve.java:83)
		at org.apache.catalina.valves.AbstractAccessLogValve.invoke(AbstractAccessLogValve.java:643)
		at org.apache.catalina.core.StandardEngineValve.invoke(StandardEngineValve.java:72)
		at org.apache.catalina.connector.CoyoteAdapter.service(CoyoteAdapter.java:344)
		at org.apache.coyote.http11.Http11Processor.service(Http11Processor.java:398)
		at org.apache.coyote.AbstractProcessorLight.process(AbstractProcessorLight.java:63)
		at org.apache.coyote.AbstractProtocol$ConnectionHandler.process(AbstractProtocol.java:939)
		at org.apache.tomcat.util.net.NioEndpoint$SocketProcessor.doRun(NioEndpoint.java:1831)
		at org.apache.tomcat.util.net.SocketProcessorBase.run(SocketProcessorBase.java:52)
		at org.apache.tomcat.util.threads.ThreadPoolExecutor.runWorker(ThreadPoolExecutor.java:973)
		at org.apache.tomcat.util.threads.ThreadPoolExecutor$Worker.run(ThreadPoolExecutor.java:491)
		at org.apache.tomcat.util.threads.TaskThread$WrappingRunnable.run(TaskThread.java:63)
		at java.lang.Thread.run(Thread.java:748)
	Caused by: java.io.FileNotFoundException: C:\apache-tomcat\webapps\onlinebookstore\WEB-INF\lib\checker-qual-3.5.0.jar (The system cannot find the path specified)
		at java.util.zip.ZipFile.open(Native Method)
		at java.util.zip.ZipFile.<init>(ZipFile.java:225)
		at java.util.zip.ZipFile.<init>(ZipFile.java:155)
		at java.util.jar.JarFile.<init>(JarFile.java:166)
		at java.util.jar.JarFile.<init>(JarFile.java:130)
		at org.apache.tomcat.util.compat.JreCompat.jarFileNewInstance(JreCompat.java:338)
		at org.apache.tomcat.util.compat.JreCompat.jarFileNewInstance(JreCompat.java:324)
		at org.apache.catalina.webresources.AbstractArchiveResourceSet.openJarFile(AbstractArchiveResourceSet.java:324)
		at org.apache.catalina.webresources.AbstractSingleArchiveResourceSet.getArchiveEntry(AbstractSingleArchiveResourceSet.java:96)
		... 34 more
04-Jan-2026 23:16:39.593 SEVERE [http-nio-8080-exec-68] org.apache.catalina.core.StandardHostValve.custom Exception Processing [ErrorPage[errorCode=404, location=/error]]
	java.lang.IllegalStateException: java.io.FileNotFoundException: C:\apache-tomcat\webapps\onlinebookstore\WEB-INF\lib\checker-qual-3.5.0.jar (The system cannot find the path specified)
		at org.apache.catalina.webresources.AbstractSingleArchiveResourceSet.getArchiveEntry(AbstractSingleArchiveResourceSet.java:100)
		at org.apache.catalina.webresources.AbstractArchiveResourceSet.getResource(AbstractArchiveResourceSet.java:255)
		at org.apache.catalina.webresources.StandardRoot.getResourceInternal(StandardRoot.java:273)
		at org.apache.catalina.webresources.Cache.getResource(Cache.java:64)
		at org.apache.catalina.webresources.StandardRoot.getResource(StandardRoot.java:212)
		at org.apache.catalina.webresources.StandardRoot.getClassLoaderResource(StandardRoot.java:221)
		at org.apache.catalina.loader.WebappClassLoaderBase.findClassInternal(WebappClassLoaderBase.java:2221)
		at org.apache.catalina.loader.WebappClassLoaderBase.findClassInternal(WebappClassLoaderBase.java:2212)
		at org.apache.catalina.loader.WebappClassLoaderBase.findClass(WebappClassLoaderBase.java:821)
		at org.apache.catalina.loader.WebappClassLoaderBase.loadClass(WebappClassLoaderBase.java:1312)
		at org.apache.catalina.loader.WebappClassLoaderBase.loadClass(WebappClassLoaderBase.java:1160)
		at servlets.ErrorHandlerServlet.service(ErrorHandlerServlet.java:58)
		at javax.servlet.http.HttpServlet.service(HttpServlet.java:623)
		at org.apache.catalina.core.ApplicationFilterChain.internalDoFilter(ApplicationFilterChain.java:197)
		at org.apache.catalina.core.ApplicationFilterChain.doFilter(ApplicationFilterChain.java:142)
		at org.apache.catalina.core.ApplicationDispatcher.invoke(ApplicationDispatcher.java:619)
		at org.apache.catalina.core.ApplicationDispatcher.processRequest(ApplicationDispatcher.java:401)
		at org.apache.catalina.core.ApplicationDispatcher.doForward(ApplicationDispatcher.java:338)
		at org.apache.catalina.core.ApplicationDispatcher.forward(ApplicationDispatcher.java:283)
		at org.apache.catalina.core.StandardHostValve.custom(StandardHostValve.java:392)
		at org.apache.catalina.core.StandardHostValve.status(StandardHostValve.java:220)
		at org.apache.catalina.core.StandardHostValve.invoke(StandardHostValve.java:163)
		at org.apache.catalina.valves.ErrorReportValve.invoke(ErrorReportValve.java:83)
		at org.apache.catalina.valves.AbstractAccessLogValve.invoke(AbstractAccessLogValve.java:643)
		at org.apache.catalina.core.StandardEngineValve.invoke(StandardEngineValve.java:72)
		at org.apache.catalina.connector.CoyoteAdapter.service(CoyoteAdapter.java:344)
		at org.apache.coyote.http11.Http11Processor.service(Http11Processor.java:398)
		at org.apache.coyote.AbstractProcessorLight.process(AbstractProcessorLight.java:63)
		at org.apache.coyote.AbstractProtocol$ConnectionHandler.process(AbstractProtocol.java:939)
		at org.apache.tomcat.util.net.NioEndpoint$SocketProcessor.doRun(NioEndpoint.java:1831)
		at org.apache.tomcat.util.net.SocketProcessorBase.run(SocketProcessorBase.java:52)
		at org.apache.tomcat.util.threads.ThreadPoolExecutor.runWorker(ThreadPoolExecutor.java:973)
		at org.apache.tomcat.util.threads.ThreadPoolExecutor$Worker.run(ThreadPoolExecutor.java:491)
		at org.apache.tomcat.util.threads.TaskThread$WrappingRunnable.run(TaskThread.java:63)
		at java.lang.Thread.run(Thread.java:748)
	Caused by: java.io.FileNotFoundException: C:\apache-tomcat\webapps\onlinebookstore\WEB-INF\lib\checker-qual-3.5.0.jar (The system cannot find the path specified)
		at java.util.zip.ZipFile.open(Native Method)
		at java.util.zip.ZipFile.<init>(ZipFile.java:225)
		at java.util.zip.ZipFile.<init>(ZipFile.java:155)
		at java.util.jar.JarFile.<init>(JarFile.java:166)
		at java.util.jar.JarFile.<init>(JarFile.java:130)
		at org.apache.tomcat.util.compat.JreCompat.jarFileNewInstance(JreCompat.java:338)
		at org.apache.tomcat.util.compat.JreCompat.jarFileNewInstance(JreCompat.java:324)
		at org.apache.catalina.webresources.AbstractArchiveResourceSet.openJarFile(AbstractArchiveResourceSet.java:324)
		at org.apache.catalina.webresources.AbstractSingleArchiveResourceSet.getArchiveEntry(AbstractSingleArchiveResourceSet.java:96)
		... 34 more
04-Jan-2026 23:16:39.946 SEVERE [http-nio-8080-exec-69] org.apache.catalina.core.ApplicationDispatcher.invoke Servlet.service() for servlet [ErrorHandlerServlet] threw exception
	java.lang.IllegalStateException: java.io.FileNotFoundException: C:\apache-tomcat\webapps\onlinebookstore\WEB-INF\lib\checker-qual-3.5.0.jar (The system cannot find the path specified)
		at org.apache.catalina.webresources.AbstractSingleArchiveResourceSet.getArchiveEntry(AbstractSingleArchiveResourceSet.java:100)
		at org.apache.catalina.webresources.AbstractArchiveResourceSet.getResource(AbstractArchiveResourceSet.java:255)
		at org.apache.catalina.webresources.StandardRoot.getResourceInternal(StandardRoot.java:273)
		at org.apache.catalina.webresources.Cache.getResource(Cache.java:64)
		at org.apache.catalina.webresources.StandardRoot.getResource(StandardRoot.java:212)
		at org.apache.catalina.webresources.StandardRoot.getClassLoaderResource(StandardRoot.java:221)
		at org.apache.catalina.loader.WebappClassLoaderBase.findClassInternal(WebappClassLoaderBase.java:2221)
		at org.apache.catalina.loader.WebappClassLoaderBase.findClassInternal(WebappClassLoaderBase.java:2212)
		at org.apache.catalina.loader.WebappClassLoaderBase.findClass(WebappClassLoaderBase.java:821)
		at org.apache.catalina.loader.WebappClassLoaderBase.loadClass(WebappClassLoaderBase.java:1312)
		at org.apache.catalina.loader.WebappClassLoaderBase.loadClass(WebappClassLoaderBase.java:1160)
		at servlets.ErrorHandlerServlet.service(ErrorHandlerServlet.java:58)
		at javax.servlet.http.HttpServlet.service(HttpServlet.java:623)
		at org.apache.catalina.core.ApplicationFilterChain.internalDoFilter(ApplicationFilterChain.java:197)
		at org.apache.catalina.core.ApplicationFilterChain.doFilter(ApplicationFilterChain.java:142)
		at org.apache.catalina.core.ApplicationDispatcher.invoke(ApplicationDispatcher.java:619)
		at org.apache.catalina.core.ApplicationDispatcher.processRequest(ApplicationDispatcher.java:401)
		at org.apache.catalina.core.ApplicationDispatcher.doForward(ApplicationDispatcher.java:338)
		at org.apache.catalina.core.ApplicationDispatcher.forward(ApplicationDispatcher.java:283)
		at org.apache.catalina.core.StandardHostValve.custom(StandardHostValve.java:392)
		at org.apache.catalina.core.StandardHostValve.status(StandardHostValve.java:220)
		at org.apache.catalina.core.StandardHostValve.invoke(StandardHostValve.java:163)
		at org.apache.catalina.valves.ErrorReportValve.invoke(ErrorReportValve.java:83)
		at org.apache.catalina.valves.AbstractAccessLogValve.invoke(AbstractAccessLogValve.java:643)
		at org.apache.catalina.core.StandardEngineValve.invoke(StandardEngineValve.java:72)
		at org.apache.catalina.connector.CoyoteAdapter.service(CoyoteAdapter.java:344)
		at org.apache.coyote.http11.Http11Processor.service(Http11Processor.java:398)
		at org.apache.coyote.AbstractProcessorLight.process(AbstractProcessorLight.java:63)
		at org.apache.coyote.AbstractProtocol$ConnectionHandler.process(AbstractProtocol.java:939)
		at org.apache.tomcat.util.net.NioEndpoint$SocketProcessor.doRun(NioEndpoint.java:1831)
		at org.apache.tomcat.util.net.SocketProcessorBase.run(SocketProcessorBase.java:52)
		at org.apache.tomcat.util.threads.ThreadPoolExecutor.runWorker(ThreadPoolExecutor.java:973)
		at org.apache.tomcat.util.threads.ThreadPoolExecutor$Worker.run(ThreadPoolExecutor.java:491)
		at org.apache.tomcat.util.threads.TaskThread$WrappingRunnable.run(TaskThread.java:63)
		at java.lang.Thread.run(Thread.java:748)
	Caused by: java.io.FileNotFoundException: C:\apache-tomcat\webapps\onlinebookstore\WEB-INF\lib\checker-qual-3.5.0.jar (The system cannot find the path specified)
		at java.util.zip.ZipFile.open(Native Method)
		at java.util.zip.ZipFile.<init>(ZipFile.java:225)
		at java.util.zip.ZipFile.<init>(ZipFile.java:155)
		at java.util.jar.JarFile.<init>(JarFile.java:166)
		at java.util.jar.JarFile.<init>(JarFile.java:130)
		at org.apache.tomcat.util.compat.JreCompat.jarFileNewInstance(JreCompat.java:338)
		at org.apache.tomcat.util.compat.JreCompat.jarFileNewInstance(JreCompat.java:324)
		at org.apache.catalina.webresources.AbstractArchiveResourceSet.openJarFile(AbstractArchiveResourceSet.java:324)
		at org.apache.catalina.webresources.AbstractSingleArchiveResourceSet.getArchiveEntry(AbstractSingleArchiveResourceSet.java:96)
		... 34 more
04-Jan-2026 23:16:39.946 SEVERE [http-nio-8080-exec-69] org.apache.catalina.core.StandardHostValve.custom Exception Processing [ErrorPage[errorCode=404, location=/error]]
	java.lang.IllegalStateException: java.io.FileNotFoundException: C:\apache-tomcat\webapps\onlinebookstore\WEB-INF\lib\checker-qual-3.5.0.jar (The system cannot find the path specified)
		at org.apache.catalina.webresources.AbstractSingleArchiveResourceSet.getArchiveEntry(AbstractSingleArchiveResourceSet.java:100)
		at org.apache.catalina.webresources.AbstractArchiveResourceSet.getResource(AbstractArchiveResourceSet.java:255)
		at org.apache.catalina.webresources.StandardRoot.getResourceInternal(StandardRoot.java:273)
		at org.apache.catalina.webresources.Cache.getResource(Cache.java:64)
		at org.apache.catalina.webresources.StandardRoot.getResource(StandardRoot.java:212)
		at org.apache.catalina.webresources.StandardRoot.getClassLoaderResource(StandardRoot.java:221)
		at org.apache.catalina.loader.WebappClassLoaderBase.findClassInternal(WebappClassLoaderBase.java:2221)
		at org.apache.catalina.loader.WebappClassLoaderBase.findClassInternal(WebappClassLoaderBase.java:2212)
		at org.apache.catalina.loader.WebappClassLoaderBase.findClass(WebappClassLoaderBase.java:821)
		at org.apache.catalina.loader.WebappClassLoaderBase.loadClass(WebappClassLoaderBase.java:1312)
		at org.apache.catalina.loader.WebappClassLoaderBase.loadClass(WebappClassLoaderBase.java:1160)
		at servlets.ErrorHandlerServlet.service(ErrorHandlerServlet.java:58)
		at javax.servlet.http.HttpServlet.service(HttpServlet.java:623)
		at org.apache.catalina.core.ApplicationFilterChain.internalDoFilter(ApplicationFilterChain.java:197)
		at org.apache.catalina.core.ApplicationFilterChain.doFilter(ApplicationFilterChain.java:142)
		at org.apache.catalina.core.ApplicationDispatcher.invoke(ApplicationDispatcher.java:619)
		at org.apache.catalina.core.ApplicationDispatcher.processRequest(ApplicationDispatcher.java:401)
		at org.apache.catalina.core.ApplicationDispatcher.doForward(ApplicationDispatcher.java:338)
		at org.apache.catalina.core.ApplicationDispatcher.forward(ApplicationDispatcher.java:283)
		at org.apache.catalina.core.StandardHostValve.custom(StandardHostValve.java:392)
		at org.apache.catalina.core.StandardHostValve.status(StandardHostValve.java:220)
		at org.apache.catalina.core.StandardHostValve.invoke(StandardHostValve.java:163)
		at org.apache.catalina.valves.ErrorReportValve.invoke(ErrorReportValve.java:83)
		at org.apache.catalina.valves.AbstractAccessLogValve.invoke(AbstractAccessLogValve.java:643)
		at org.apache.catalina.core.StandardEngineValve.invoke(StandardEngineValve.java:72)
		at org.apache.catalina.connector.CoyoteAdapter.service(CoyoteAdapter.java:344)
		at org.apache.coyote.http11.Http11Processor.service(Http11Processor.java:398)
		at org.apache.coyote.AbstractProcessorLight.process(AbstractProcessorLight.java:63)
		at org.apache.coyote.AbstractProtocol$ConnectionHandler.process(AbstractProtocol.java:939)
		at org.apache.tomcat.util.net.NioEndpoint$SocketProcessor.doRun(NioEndpoint.java:1831)
		at org.apache.tomcat.util.net.SocketProcessorBase.run(SocketProcessorBase.java:52)
		at org.apache.tomcat.util.threads.ThreadPoolExecutor.runWorker(ThreadPoolExecutor.java:973)
		at org.apache.tomcat.util.threads.ThreadPoolExecutor$Worker.run(ThreadPoolExecutor.java:491)
		at org.apache.tomcat.util.threads.TaskThread$WrappingRunnable.run(TaskThread.java:63)
		at java.lang.Thread.run(Thread.java:748)
	Caused by: java.io.FileNotFoundException: C:\apache-tomcat\webapps\onlinebookstore\WEB-INF\lib\checker-qual-3.5.0.jar (The system cannot find the path specified)
		at java.util.zip.ZipFile.open(Native Method)
		at java.util.zip.ZipFile.<init>(ZipFile.java:225)
		at java.util.zip.ZipFile.<init>(ZipFile.java:155)
		at java.util.jar.JarFile.<init>(JarFile.java:166)
		at java.util.jar.JarFile.<init>(JarFile.java:130)
		at org.apache.tomcat.util.compat.JreCompat.jarFileNewInstance(JreCompat.java:338)
		at org.apache.tomcat.util.compat.JreCompat.jarFileNewInstance(JreCompat.java:324)
		at org.apache.catalina.webresources.AbstractArchiveResourceSet.openJarFile(AbstractArchiveResourceSet.java:324)
		at org.apache.catalina.webresources.AbstractSingleArchiveResourceSet.getArchiveEntry(AbstractSingleArchiveResourceSet.java:96)
		... 34 more
04-Jan-2026 23:16:40.087 SEVERE [http-nio-8080-exec-70] org.apache.catalina.core.ApplicationDispatcher.invoke Servlet.service() for servlet [ErrorHandlerServlet] threw exception
	java.lang.IllegalStateException: java.io.FileNotFoundException: C:\apache-tomcat\webapps\onlinebookstore\WEB-INF\lib\checker-qual-3.5.0.jar (The system cannot find the path specified)
		at org.apache.catalina.webresources.AbstractSingleArchiveResourceSet.getArchiveEntry(AbstractSingleArchiveResourceSet.java:100)
		at org.apache.catalina.webresources.AbstractArchiveResourceSet.getResource(AbstractArchiveResourceSet.java:255)
		at org.apache.catalina.webresources.StandardRoot.getResourceInternal(StandardRoot.java:273)
		at org.apache.catalina.webresources.Cache.getResource(Cache.java:64)
		at org.apache.catalina.webresources.StandardRoot.getResource(StandardRoot.java:212)
		at org.apache.catalina.webresources.StandardRoot.getClassLoaderResource(StandardRoot.java:221)
		at org.apache.catalina.loader.WebappClassLoaderBase.findClassInternal(WebappClassLoaderBase.java:2221)
		at org.apache.catalina.loader.WebappClassLoaderBase.findClassInternal(WebappClassLoaderBase.java:2212)
		at org.apache.catalina.loader.WebappClassLoaderBase.findClass(WebappClassLoaderBase.java:821)
		at org.apache.catalina.loader.WebappClassLoaderBase.loadClass(WebappClassLoaderBase.java:1312)
		at org.apache.catalina.loader.WebappClassLoaderBase.loadClass(WebappClassLoaderBase.java:1160)
		at servlets.ErrorHandlerServlet.service(ErrorHandlerServlet.java:58)
		at javax.servlet.http.HttpServlet.service(HttpServlet.java:623)
		at org.apache.catalina.core.ApplicationFilterChain.internalDoFilter(ApplicationFilterChain.java:197)
		at org.apache.catalina.core.ApplicationFilterChain.doFilter(ApplicationFilterChain.java:142)
		at org.apache.catalina.core.ApplicationDispatcher.invoke(ApplicationDispatcher.java:619)
		at org.apache.catalina.core.ApplicationDispatcher.processRequest(ApplicationDispatcher.java:401)
		at org.apache.catalina.core.ApplicationDispatcher.doForward(ApplicationDispatcher.java:338)
		at org.apache.catalina.core.ApplicationDispatcher.forward(ApplicationDispatcher.java:283)
		at org.apache.catalina.core.StandardHostValve.custom(StandardHostValve.java:392)
		at org.apache.catalina.core.StandardHostValve.status(StandardHostValve.java:220)
		at org.apache.catalina.core.StandardHostValve.invoke(StandardHostValve.java:163)
		at org.apache.catalina.valves.ErrorReportValve.invoke(ErrorReportValve.java:83)
		at org.apache.catalina.valves.AbstractAccessLogValve.invoke(AbstractAccessLogValve.java:643)
		at org.apache.catalina.core.StandardEngineValve.invoke(StandardEngineValve.java:72)
		at org.apache.catalina.connector.CoyoteAdapter.service(CoyoteAdapter.java:344)
		at org.apache.coyote.http11.Http11Processor.service(Http11Processor.java:398)
		at org.apache.coyote.AbstractProcessorLight.process(AbstractProcessorLight.java:63)
		at org.apache.coyote.AbstractProtocol$ConnectionHandler.process(AbstractProtocol.java:939)
		at org.apache.tomcat.util.net.NioEndpoint$SocketProcessor.doRun(NioEndpoint.java:1831)
		at org.apache.tomcat.util.net.SocketProcessorBase.run(SocketProcessorBase.java:52)
		at org.apache.tomcat.util.threads.ThreadPoolExecutor.runWorker(ThreadPoolExecutor.java:973)
		at org.apache.tomcat.util.threads.ThreadPoolExecutor$Worker.run(ThreadPoolExecutor.java:491)
		at org.apache.tomcat.util.threads.TaskThread$WrappingRunnable.run(TaskThread.java:63)
		at java.lang.Thread.run(Thread.java:748)
	Caused by: java.io.FileNotFoundException: C:\apache-tomcat\webapps\onlinebookstore\WEB-INF\lib\checker-qual-3.5.0.jar (The system cannot find the path specified)
		at java.util.zip.ZipFile.open(Native Method)
		at java.util.zip.ZipFile.<init>(ZipFile.java:225)
		at java.util.zip.ZipFile.<init>(ZipFile.java:155)
		at java.util.jar.JarFile.<init>(JarFile.java:166)
		at java.util.jar.JarFile.<init>(JarFile.java:130)
		at org.apache.tomcat.util.compat.JreCompat.jarFileNewInstance(JreCompat.java:338)
		at org.apache.tomcat.util.compat.JreCompat.jarFileNewInstance(JreCompat.java:324)
		at org.apache.catalina.webresources.AbstractArchiveResourceSet.openJarFile(AbstractArchiveResourceSet.java:324)
		at org.apache.catalina.webresources.AbstractSingleArchiveResourceSet.getArchiveEntry(AbstractSingleArchiveResourceSet.java:96)
		... 34 more
04-Jan-2026 23:16:40.094 SEVERE [http-nio-8080-exec-70] org.apache.catalina.core.StandardHostValve.custom Exception Processing [ErrorPage[errorCode=404, location=/error]]
	java.lang.IllegalStateException: java.io.FileNotFoundException: C:\apache-tomcat\webapps\onlinebookstore\WEB-INF\lib\checker-qual-3.5.0.jar (The system cannot find the path specified)
		at org.apache.catalina.webresources.AbstractSingleArchiveResourceSet.getArchiveEntry(AbstractSingleArchiveResourceSet.java:100)
		at org.apache.catalina.webresources.AbstractArchiveResourceSet.getResource(AbstractArchiveResourceSet.java:255)
		at org.apache.catalina.webresources.StandardRoot.getResourceInternal(StandardRoot.java:273)
		at org.apache.catalina.webresources.Cache.getResource(Cache.java:64)
		at org.apache.catalina.webresources.StandardRoot.getResource(StandardRoot.java:212)
		at org.apache.catalina.webresources.StandardRoot.getClassLoaderResource(StandardRoot.java:221)
		at org.apache.catalina.loader.WebappClassLoaderBase.findClassInternal(WebappClassLoaderBase.java:2221)
		at org.apache.catalina.loader.WebappClassLoaderBase.findClassInternal(WebappClassLoaderBase.java:2212)
		at org.apache.catalina.loader.WebappClassLoaderBase.findClass(WebappClassLoaderBase.java:821)
		at org.apache.catalina.loader.WebappClassLoaderBase.loadClass(WebappClassLoaderBase.java:1312)
		at org.apache.catalina.loader.WebappClassLoaderBase.loadClass(WebappClassLoaderBase.java:1160)
		at servlets.ErrorHandlerServlet.service(ErrorHandlerServlet.java:58)
		at javax.servlet.http.HttpServlet.service(HttpServlet.java:623)
		at org.apache.catalina.core.ApplicationFilterChain.internalDoFilter(ApplicationFilterChain.java:197)
		at org.apache.catalina.core.ApplicationFilterChain.doFilter(ApplicationFilterChain.java:142)
		at org.apache.catalina.core.ApplicationDispatcher.invoke(ApplicationDispatcher.java:619)
		at org.apache.catalina.core.ApplicationDispatcher.processRequest(ApplicationDispatcher.java:401)
		at org.apache.catalina.core.ApplicationDispatcher.doForward(ApplicationDispatcher.java:338)
		at org.apache.catalina.core.ApplicationDispatcher.forward(ApplicationDispatcher.java:283)
		at org.apache.catalina.core.StandardHostValve.custom(StandardHostValve.java:392)
		at org.apache.catalina.core.StandardHostValve.status(StandardHostValve.java:220)
		at org.apache.catalina.core.StandardHostValve.invoke(StandardHostValve.java:163)
		at org.apache.catalina.valves.ErrorReportValve.invoke(ErrorReportValve.java:83)
		at org.apache.catalina.valves.AbstractAccessLogValve.invoke(AbstractAccessLogValve.java:643)
		at org.apache.catalina.core.StandardEngineValve.invoke(StandardEngineValve.java:72)
		at org.apache.catalina.connector.CoyoteAdapter.service(CoyoteAdapter.java:344)
		at org.apache.coyote.http11.Http11Processor.service(Http11Processor.java:398)
		at org.apache.coyote.AbstractProcessorLight.process(AbstractProcessorLight.java:63)
		at org.apache.coyote.AbstractProtocol$ConnectionHandler.process(AbstractProtocol.java:939)
		at org.apache.tomcat.util.net.NioEndpoint$SocketProcessor.doRun(NioEndpoint.java:1831)
		at org.apache.tomcat.util.net.SocketProcessorBase.run(SocketProcessorBase.java:52)
		at org.apache.tomcat.util.threads.ThreadPoolExecutor.runWorker(ThreadPoolExecutor.java:973)
		at org.apache.tomcat.util.threads.ThreadPoolExecutor$Worker.run(ThreadPoolExecutor.java:491)
		at org.apache.tomcat.util.threads.TaskThread$WrappingRunnable.run(TaskThread.java:63)
		at java.lang.Thread.run(Thread.java:748)
	Caused by: java.io.FileNotFoundException: C:\apache-tomcat\webapps\onlinebookstore\WEB-INF\lib\checker-qual-3.5.0.jar (The system cannot find the path specified)
		at java.util.zip.ZipFile.open(Native Method)
		at java.util.zip.ZipFile.<init>(ZipFile.java:225)
		at java.util.zip.ZipFile.<init>(ZipFile.java:155)
		at java.util.jar.JarFile.<init>(JarFile.java:166)
		at java.util.jar.JarFile.<init>(JarFile.java:130)
		at org.apache.tomcat.util.compat.JreCompat.jarFileNewInstance(JreCompat.java:338)
		at org.apache.tomcat.util.compat.JreCompat.jarFileNewInstance(JreCompat.java:324)
		at org.apache.catalina.webresources.AbstractArchiveResourceSet.openJarFile(AbstractArchiveResourceSet.java:324)
		at org.apache.catalina.webresources.AbstractSingleArchiveResourceSet.getArchiveEntry(AbstractSingleArchiveResourceSet.java:96)
		... 34 more
04-Jan-2026 23:16:40.310 SEVERE [http-nio-8080-exec-71] org.apache.catalina.core.ApplicationDispatcher.invoke Servlet.service() for servlet [ErrorHandlerServlet] threw exception
	java.lang.IllegalStateException: java.io.FileNotFoundException: C:\apache-tomcat\webapps\onlinebookstore\WEB-INF\lib\checker-qual-3.5.0.jar (The system cannot find the path specified)
		at org.apache.catalina.webresources.AbstractSingleArchiveResourceSet.getArchiveEntry(AbstractSingleArchiveResourceSet.java:100)
		at org.apache.catalina.webresources.AbstractArchiveResourceSet.getResource(AbstractArchiveResourceSet.java:255)
		at org.apache.catalina.webresources.StandardRoot.getResourceInternal(StandardRoot.java:273)
		at org.apache.catalina.webresources.Cache.getResource(Cache.java:64)
		at org.apache.catalina.webresources.StandardRoot.getResource(StandardRoot.java:212)
		at org.apache.catalina.webresources.StandardRoot.getClassLoaderResource(StandardRoot.java:221)
		at org.apache.catalina.loader.WebappClassLoaderBase.findClassInternal(WebappClassLoaderBase.java:2221)
		at org.apache.catalina.loader.WebappClassLoaderBase.findClassInternal(WebappClassLoaderBase.java:2212)
		at org.apache.catalina.loader.WebappClassLoaderBase.findClass(WebappClassLoaderBase.java:821)
		at org.apache.catalina.loader.WebappClassLoaderBase.loadClass(WebappClassLoaderBase.java:1312)
		at org.apache.catalina.loader.WebappClassLoaderBase.loadClass(WebappClassLoaderBase.java:1160)
		at servlets.ErrorHandlerServlet.service(ErrorHandlerServlet.java:58)
		at javax.servlet.http.HttpServlet.service(HttpServlet.java:623)
		at org.apache.catalina.core.ApplicationFilterChain.internalDoFilter(ApplicationFilterChain.java:197)
		at org.apache.catalina.core.ApplicationFilterChain.doFilter(ApplicationFilterChain.java:142)
		at org.apache.catalina.core.ApplicationDispatcher.invoke(ApplicationDispatcher.java:619)
		at org.apache.catalina.core.ApplicationDispatcher.processRequest(ApplicationDispatcher.java:401)
		at org.apache.catalina.core.ApplicationDispatcher.doForward(ApplicationDispatcher.java:338)
		at org.apache.catalina.core.ApplicationDispatcher.forward(ApplicationDispatcher.java:283)
		at org.apache.catalina.core.StandardHostValve.custom(StandardHostValve.java:392)
		at org.apache.catalina.core.StandardHostValve.status(StandardHostValve.java:220)
		at org.apache.catalina.core.StandardHostValve.invoke(StandardHostValve.java:163)
		at org.apache.catalina.valves.ErrorReportValve.invoke(ErrorReportValve.java:83)
		at org.apache.catalina.valves.AbstractAccessLogValve.invoke(AbstractAccessLogValve.java:643)
		at org.apache.catalina.core.StandardEngineValve.invoke(StandardEngineValve.java:72)
		at org.apache.catalina.connector.CoyoteAdapter.service(CoyoteAdapter.java:344)
		at org.apache.coyote.http11.Http11Processor.service(Http11Processor.java:398)
		at org.apache.coyote.AbstractProcessorLight.process(AbstractProcessorLight.java:63)
		at org.apache.coyote.AbstractProtocol$ConnectionHandler.process(AbstractProtocol.java:939)
		at org.apache.tomcat.util.net.NioEndpoint$SocketProcessor.doRun(NioEndpoint.java:1831)
		at org.apache.tomcat.util.net.SocketProcessorBase.run(SocketProcessorBase.java:52)
		at org.apache.tomcat.util.threads.ThreadPoolExecutor.runWorker(ThreadPoolExecutor.java:973)
		at org.apache.tomcat.util.threads.ThreadPoolExecutor$Worker.run(ThreadPoolExecutor.java:491)
		at org.apache.tomcat.util.threads.TaskThread$WrappingRunnable.run(TaskThread.java:63)
		at java.lang.Thread.run(Thread.java:748)
	Caused by: java.io.FileNotFoundException: C:\apache-tomcat\webapps\onlinebookstore\WEB-INF\lib\checker-qual-3.5.0.jar (The system cannot find the path specified)
		at java.util.zip.ZipFile.open(Native Method)
		at java.util.zip.ZipFile.<init>(ZipFile.java:225)
		at java.util.zip.ZipFile.<init>(ZipFile.java:155)
		at java.util.jar.JarFile.<init>(JarFile.java:166)
		at java.util.jar.JarFile.<init>(JarFile.java:130)
		at org.apache.tomcat.util.compat.JreCompat.jarFileNewInstance(JreCompat.java:338)
		at org.apache.tomcat.util.compat.JreCompat.jarFileNewInstance(JreCompat.java:324)
		at org.apache.catalina.webresources.AbstractArchiveResourceSet.openJarFile(AbstractArchiveResourceSet.java:324)
		at org.apache.catalina.webresources.AbstractSingleArchiveResourceSet.getArchiveEntry(AbstractSingleArchiveResourceSet.java:96)
		... 34 more
04-Jan-2026 23:16:40.310 SEVERE [http-nio-8080-exec-71] org.apache.catalina.core.StandardHostValve.custom Exception Processing [ErrorPage[errorCode=404, location=/error]]
	java.lang.IllegalStateException: java.io.FileNotFoundException: C:\apache-tomcat\webapps\onlinebookstore\WEB-INF\lib\checker-qual-3.5.0.jar (The system cannot find the path specified)
		at org.apache.catalina.webresources.AbstractSingleArchiveResourceSet.getArchiveEntry(AbstractSingleArchiveResourceSet.java:100)
		at org.apache.catalina.webresources.AbstractArchiveResourceSet.getResource(AbstractArchiveResourceSet.java:255)
		at org.apache.catalina.webresources.StandardRoot.getResourceInternal(StandardRoot.java:273)
		at org.apache.catalina.webresources.Cache.getResource(Cache.java:64)
		at org.apache.catalina.webresources.StandardRoot.getResource(StandardRoot.java:212)
		at org.apache.catalina.webresources.StandardRoot.getClassLoaderResource(StandardRoot.java:221)
		at org.apache.catalina.loader.WebappClassLoaderBase.findClassInternal(WebappClassLoaderBase.java:2221)
		at org.apache.catalina.loader.WebappClassLoaderBase.findClassInternal(WebappClassLoaderBase.java:2212)
		at org.apache.catalina.loader.WebappClassLoaderBase.findClass(WebappClassLoaderBase.java:821)
		at org.apache.catalina.loader.WebappClassLoaderBase.loadClass(WebappClassLoaderBase.java:1312)
		at org.apache.catalina.loader.WebappClassLoaderBase.loadClass(WebappClassLoaderBase.java:1160)
		at servlets.ErrorHandlerServlet.service(ErrorHandlerServlet.java:58)
		at javax.servlet.http.HttpServlet.service(HttpServlet.java:623)
		at org.apache.catalina.core.ApplicationFilterChain.internalDoFilter(ApplicationFilterChain.java:197)
		at org.apache.catalina.core.ApplicationFilterChain.doFilter(ApplicationFilterChain.java:142)
		at org.apache.catalina.core.ApplicationDispatcher.invoke(ApplicationDispatcher.java:619)
		at org.apache.catalina.core.ApplicationDispatcher.processRequest(ApplicationDispatcher.java:401)
		at org.apache.catalina.core.ApplicationDispatcher.doForward(ApplicationDispatcher.java:338)
		at org.apache.catalina.core.ApplicationDispatcher.forward(ApplicationDispatcher.java:283)
		at org.apache.catalina.core.StandardHostValve.custom(StandardHostValve.java:392)
		at org.apache.catalina.core.StandardHostValve.status(StandardHostValve.java:220)
		at org.apache.catalina.core.StandardHostValve.invoke(StandardHostValve.java:163)
		at org.apache.catalina.valves.ErrorReportValve.invoke(ErrorReportValve.java:83)
		at org.apache.catalina.valves.AbstractAccessLogValve.invoke(AbstractAccessLogValve.java:643)
		at org.apache.catalina.core.StandardEngineValve.invoke(StandardEngineValve.java:72)
		at org.apache.catalina.connector.CoyoteAdapter.service(CoyoteAdapter.java:344)
		at org.apache.coyote.http11.Http11Processor.service(Http11Processor.java:398)
		at org.apache.coyote.AbstractProcessorLight.process(AbstractProcessorLight.java:63)
		at org.apache.coyote.AbstractProtocol$ConnectionHandler.process(AbstractProtocol.java:939)
		at org.apache.tomcat.util.net.NioEndpoint$SocketProcessor.doRun(NioEndpoint.java:1831)
		at org.apache.tomcat.util.net.SocketProcessorBase.run(SocketProcessorBase.java:52)
		at org.apache.tomcat.util.threads.ThreadPoolExecutor.runWorker(ThreadPoolExecutor.java:973)
		at org.apache.tomcat.util.threads.ThreadPoolExecutor$Worker.run(ThreadPoolExecutor.java:491)
		at org.apache.tomcat.util.threads.TaskThread$WrappingRunnable.run(TaskThread.java:63)
		at java.lang.Thread.run(Thread.java:748)
	Caused by: java.io.FileNotFoundException: C:\apache-tomcat\webapps\onlinebookstore\WEB-INF\lib\checker-qual-3.5.0.jar (The system cannot find the path specified)
		at java.util.zip.ZipFile.open(Native Method)
		at java.util.zip.ZipFile.<init>(ZipFile.java:225)
		at java.util.zip.ZipFile.<init>(ZipFile.java:155)
		at java.util.jar.JarFile.<init>(JarFile.java:166)
		at java.util.jar.JarFile.<init>(JarFile.java:130)
		at org.apache.tomcat.util.compat.JreCompat.jarFileNewInstance(JreCompat.java:338)
		at org.apache.tomcat.util.compat.JreCompat.jarFileNewInstance(JreCompat.java:324)
		at org.apache.catalina.webresources.AbstractArchiveResourceSet.openJarFile(AbstractArchiveResourceSet.java:324)
		at org.apache.catalina.webresources.AbstractSingleArchiveResourceSet.getArchiveEntry(AbstractSingleArchiveResourceSet.java:96)
		... 34 more
04-Jan-2026 23:16:40.411 SEVERE [http-nio-8080-exec-72] org.apache.catalina.core.ApplicationDispatcher.invoke Servlet.service() for servlet [ErrorHandlerServlet] threw exception
	java.lang.IllegalStateException: java.io.FileNotFoundException: C:\apache-tomcat\webapps\onlinebookstore\WEB-INF\lib\checker-qual-3.5.0.jar (The system cannot find the path specified)
		at org.apache.catalina.webresources.AbstractSingleArchiveResourceSet.getArchiveEntry(AbstractSingleArchiveResourceSet.java:100)
		at org.apache.catalina.webresources.AbstractArchiveResourceSet.getResource(AbstractArchiveResourceSet.java:255)
		at org.apache.catalina.webresources.StandardRoot.getResourceInternal(StandardRoot.java:273)
		at org.apache.catalina.webresources.Cache.getResource(Cache.java:64)
		at org.apache.catalina.webresources.StandardRoot.getResource(StandardRoot.java:212)
		at org.apache.catalina.webresources.StandardRoot.getClassLoaderResource(StandardRoot.java:221)
		at org.apache.catalina.loader.WebappClassLoaderBase.findClassInternal(WebappClassLoaderBase.java:2221)
		at org.apache.catalina.loader.WebappClassLoaderBase.findClassInternal(WebappClassLoaderBase.java:2212)
		at org.apache.catalina.loader.WebappClassLoaderBase.findClass(WebappClassLoaderBase.java:821)
		at org.apache.catalina.loader.WebappClassLoaderBase.loadClass(WebappClassLoaderBase.java:1312)
		at org.apache.catalina.loader.WebappClassLoaderBase.loadClass(WebappClassLoaderBase.java:1160)
		at servlets.ErrorHandlerServlet.service(ErrorHandlerServlet.java:58)
		at javax.servlet.http.HttpServlet.service(HttpServlet.java:623)
		at org.apache.catalina.core.ApplicationFilterChain.internalDoFilter(ApplicationFilterChain.java:197)
		at org.apache.catalina.core.ApplicationFilterChain.doFilter(ApplicationFilterChain.java:142)
		at org.apache.catalina.core.ApplicationDispatcher.invoke(ApplicationDispatcher.java:619)
		at org.apache.catalina.core.ApplicationDispatcher.processRequest(ApplicationDispatcher.java:401)
		at org.apache.catalina.core.ApplicationDispatcher.doForward(ApplicationDispatcher.java:338)
		at org.apache.catalina.core.ApplicationDispatcher.forward(ApplicationDispatcher.java:283)
		at org.apache.catalina.core.StandardHostValve.custom(StandardHostValve.java:392)
		at org.apache.catalina.core.StandardHostValve.status(StandardHostValve.java:220)
		at org.apache.catalina.core.StandardHostValve.invoke(StandardHostValve.java:163)
		at org.apache.catalina.valves.ErrorReportValve.invoke(ErrorReportValve.java:83)
		at org.apache.catalina.valves.AbstractAccessLogValve.invoke(AbstractAccessLogValve.java:643)
		at org.apache.catalina.core.StandardEngineValve.invoke(StandardEngineValve.java:72)
		at org.apache.catalina.connector.CoyoteAdapter.service(CoyoteAdapter.java:344)
		at org.apache.coyote.http11.Http11Processor.service(Http11Processor.java:398)
		at org.apache.coyote.AbstractProcessorLight.process(AbstractProcessorLight.java:63)
		at org.apache.coyote.AbstractProtocol$ConnectionHandler.process(AbstractProtocol.java:939)
		at org.apache.tomcat.util.net.NioEndpoint$SocketProcessor.doRun(NioEndpoint.java:1831)
		at org.apache.tomcat.util.net.SocketProcessorBase.run(SocketProcessorBase.java:52)
		at org.apache.tomcat.util.threads.ThreadPoolExecutor.runWorker(ThreadPoolExecutor.java:973)
		at org.apache.tomcat.util.threads.ThreadPoolExecutor$Worker.run(ThreadPoolExecutor.java:491)
		at org.apache.tomcat.util.threads.TaskThread$WrappingRunnable.run(TaskThread.java:63)
		at java.lang.Thread.run(Thread.java:748)
	Caused by: java.io.FileNotFoundException: C:\apache-tomcat\webapps\onlinebookstore\WEB-INF\lib\checker-qual-3.5.0.jar (The system cannot find the path specified)
		at java.util.zip.ZipFile.open(Native Method)
		at java.util.zip.ZipFile.<init>(ZipFile.java:225)
		at java.util.zip.ZipFile.<init>(ZipFile.java:155)
		at java.util.jar.JarFile.<init>(JarFile.java:166)
		at java.util.jar.JarFile.<init>(JarFile.java:130)
		at org.apache.tomcat.util.compat.JreCompat.jarFileNewInstance(JreCompat.java:338)
		at org.apache.tomcat.util.compat.JreCompat.jarFileNewInstance(JreCompat.java:324)
		at org.apache.catalina.webresources.AbstractArchiveResourceSet.openJarFile(AbstractArchiveResourceSet.java:324)
		at org.apache.catalina.webresources.AbstractSingleArchiveResourceSet.getArchiveEntry(AbstractSingleArchiveResourceSet.java:96)
		... 34 more
04-Jan-2026 23:16:40.420 SEVERE [http-nio-8080-exec-72] org.apache.catalina.core.StandardHostValve.custom Exception Processing [ErrorPage[errorCode=404, location=/error]]
	java.lang.IllegalStateException: java.io.FileNotFoundException: C:\apache-tomcat\webapps\onlinebookstore\WEB-INF\lib\checker-qual-3.5.0.jar (The system cannot find the path specified)
		at org.apache.catalina.webresources.AbstractSingleArchiveResourceSet.getArchiveEntry(AbstractSingleArchiveResourceSet.java:100)
		at org.apache.catalina.webresources.AbstractArchiveResourceSet.getResource(AbstractArchiveResourceSet.java:255)
		at org.apache.catalina.webresources.StandardRoot.getResourceInternal(StandardRoot.java:273)
		at org.apache.catalina.webresources.Cache.getResource(Cache.java:64)
		at org.apache.catalina.webresources.StandardRoot.getResource(StandardRoot.java:212)
		at org.apache.catalina.webresources.StandardRoot.getClassLoaderResource(StandardRoot.java:221)
		at org.apache.catalina.loader.WebappClassLoaderBase.findClassInternal(WebappClassLoaderBase.java:2221)
		at org.apache.catalina.loader.WebappClassLoaderBase.findClassInternal(WebappClassLoaderBase.java:2212)
		at org.apache.catalina.loader.WebappClassLoaderBase.findClass(WebappClassLoaderBase.java:821)
		at org.apache.catalina.loader.WebappClassLoaderBase.loadClass(WebappClassLoaderBase.java:1312)
		at org.apache.catalina.loader.WebappClassLoaderBase.loadClass(WebappClassLoaderBase.java:1160)
		at servlets.ErrorHandlerServlet.service(ErrorHandlerServlet.java:58)
		at javax.servlet.http.HttpServlet.service(HttpServlet.java:623)
		at org.apache.catalina.core.ApplicationFilterChain.internalDoFilter(ApplicationFilterChain.java:197)
		at org.apache.catalina.core.ApplicationFilterChain.doFilter(ApplicationFilterChain.java:142)
		at org.apache.catalina.core.ApplicationDispatcher.invoke(ApplicationDispatcher.java:619)
		at org.apache.catalina.core.ApplicationDispatcher.processRequest(ApplicationDispatcher.java:401)
		at org.apache.catalina.core.ApplicationDispatcher.doForward(ApplicationDispatcher.java:338)
		at org.apache.catalina.core.ApplicationDispatcher.forward(ApplicationDispatcher.java:283)
		at org.apache.catalina.core.StandardHostValve.custom(StandardHostValve.java:392)
		at org.apache.catalina.core.StandardHostValve.status(StandardHostValve.java:220)
		at org.apache.catalina.core.StandardHostValve.invoke(StandardHostValve.java:163)
		at org.apache.catalina.valves.ErrorReportValve.invoke(ErrorReportValve.java:83)
		at org.apache.catalina.valves.AbstractAccessLogValve.invoke(AbstractAccessLogValve.java:643)
		at org.apache.catalina.core.StandardEngineValve.invoke(StandardEngineValve.java:72)
		at org.apache.catalina.connector.CoyoteAdapter.service(CoyoteAdapter.java:344)
		at org.apache.coyote.http11.Http11Processor.service(Http11Processor.java:398)
		at org.apache.coyote.AbstractProcessorLight.process(AbstractProcessorLight.java:63)
		at org.apache.coyote.AbstractProtocol$ConnectionHandler.process(AbstractProtocol.java:939)
		at org.apache.tomcat.util.net.NioEndpoint$SocketProcessor.doRun(NioEndpoint.java:1831)
		at org.apache.tomcat.util.net.SocketProcessorBase.run(SocketProcessorBase.java:52)
		at org.apache.tomcat.util.threads.ThreadPoolExecutor.runWorker(ThreadPoolExecutor.java:973)
		at org.apache.tomcat.util.threads.ThreadPoolExecutor$Worker.run(ThreadPoolExecutor.java:491)
		at org.apache.tomcat.util.threads.TaskThread$WrappingRunnable.run(TaskThread.java:63)
		at java.lang.Thread.run(Thread.java:748)
	Caused by: java.io.FileNotFoundException: C:\apache-tomcat\webapps\onlinebookstore\WEB-INF\lib\checker-qual-3.5.0.jar (The system cannot find the path specified)
		at java.util.zip.ZipFile.open(Native Method)
		at java.util.zip.ZipFile.<init>(ZipFile.java:225)
		at java.util.zip.ZipFile.<init>(ZipFile.java:155)
		at java.util.jar.JarFile.<init>(JarFile.java:166)
		at java.util.jar.JarFile.<init>(JarFile.java:130)
		at org.apache.tomcat.util.compat.JreCompat.jarFileNewInstance(JreCompat.java:338)
		at org.apache.tomcat.util.compat.JreCompat.jarFileNewInstance(JreCompat.java:324)
		at org.apache.catalina.webresources.AbstractArchiveResourceSet.openJarFile(AbstractArchiveResourceSet.java:324)
		at org.apache.catalina.webresources.AbstractSingleArchiveResourceSet.getArchiveEntry(AbstractSingleArchiveResourceSet.java:96)
		... 34 more
04-Jan-2026 23:16:40.618 SEVERE [http-nio-8080-exec-73] org.apache.catalina.core.ApplicationDispatcher.invoke Servlet.service() for servlet [ErrorHandlerServlet] threw exception
	java.lang.IllegalStateException: java.io.FileNotFoundException: C:\apache-tomcat\webapps\onlinebookstore\WEB-INF\lib\checker-qual-3.5.0.jar (The system cannot find the path specified)
		at org.apache.catalina.webresources.AbstractSingleArchiveResourceSet.getArchiveEntry(AbstractSingleArchiveResourceSet.java:100)
		at org.apache.catalina.webresources.AbstractArchiveResourceSet.getResource(AbstractArchiveResourceSet.java:255)
		at org.apache.catalina.webresources.StandardRoot.getResourceInternal(StandardRoot.java:273)
		at org.apache.catalina.webresources.Cache.getResource(Cache.java:64)
		at org.apache.catalina.webresources.StandardRoot.getResource(StandardRoot.java:212)
		at org.apache.catalina.webresources.StandardRoot.getClassLoaderResource(StandardRoot.java:221)
		at org.apache.catalina.loader.WebappClassLoaderBase.findClassInternal(WebappClassLoaderBase.java:2221)
		at org.apache.catalina.loader.WebappClassLoaderBase.findClassInternal(WebappClassLoaderBase.java:2212)
		at org.apache.catalina.loader.WebappClassLoaderBase.findClass(WebappClassLoaderBase.java:821)
		at org.apache.catalina.loader.WebappClassLoaderBase.loadClass(WebappClassLoaderBase.java:1312)
		at org.apache.catalina.loader.WebappClassLoaderBase.loadClass(WebappClassLoaderBase.java:1160)
		at servlets.ErrorHandlerServlet.service(ErrorHandlerServlet.java:58)
		at javax.servlet.http.HttpServlet.service(HttpServlet.java:623)
		at org.apache.catalina.core.ApplicationFilterChain.internalDoFilter(ApplicationFilterChain.java:197)
		at org.apache.catalina.core.ApplicationFilterChain.doFilter(ApplicationFilterChain.java:142)
		at org.apache.catalina.core.ApplicationDispatcher.invoke(ApplicationDispatcher.java:619)
		at org.apache.catalina.core.ApplicationDispatcher.processRequest(ApplicationDispatcher.java:401)
		at org.apache.catalina.core.ApplicationDispatcher.doForward(ApplicationDispatcher.java:338)
		at org.apache.catalina.core.ApplicationDispatcher.forward(ApplicationDispatcher.java:283)
		at org.apache.catalina.core.StandardHostValve.custom(StandardHostValve.java:392)
		at org.apache.catalina.core.StandardHostValve.status(StandardHostValve.java:220)
		at org.apache.catalina.core.StandardHostValve.invoke(StandardHostValve.java:163)
		at org.apache.catalina.valves.ErrorReportValve.invoke(ErrorReportValve.java:83)
		at org.apache.catalina.valves.AbstractAccessLogValve.invoke(AbstractAccessLogValve.java:643)
		at org.apache.catalina.core.StandardEngineValve.invoke(StandardEngineValve.java:72)
		at org.apache.catalina.connector.CoyoteAdapter.service(CoyoteAdapter.java:344)
		at org.apache.coyote.http11.Http11Processor.service(Http11Processor.java:398)
		at org.apache.coyote.AbstractProcessorLight.process(AbstractProcessorLight.java:63)
		at org.apache.coyote.AbstractProtocol$ConnectionHandler.process(AbstractProtocol.java:939)
		at org.apache.tomcat.util.net.NioEndpoint$SocketProcessor.doRun(NioEndpoint.java:1831)
		at org.apache.tomcat.util.net.SocketProcessorBase.run(SocketProcessorBase.java:52)
		at org.apache.tomcat.util.threads.ThreadPoolExecutor.runWorker(ThreadPoolExecutor.java:973)
		at org.apache.tomcat.util.threads.ThreadPoolExecutor$Worker.run(ThreadPoolExecutor.java:491)
		at org.apache.tomcat.util.threads.TaskThread$WrappingRunnable.run(TaskThread.java:63)
		at java.lang.Thread.run(Thread.java:748)
	Caused by: java.io.FileNotFoundException: C:\apache-tomcat\webapps\onlinebookstore\WEB-INF\lib\checker-qual-3.5.0.jar (The system cannot find the path specified)
		at java.util.zip.ZipFile.open(Native Method)
		at java.util.zip.ZipFile.<init>(ZipFile.java:225)
		at java.util.zip.ZipFile.<init>(ZipFile.java:155)
		at java.util.jar.JarFile.<init>(JarFile.java:166)
		at java.util.jar.JarFile.<init>(JarFile.java:130)
		at org.apache.tomcat.util.compat.JreCompat.jarFileNewInstance(JreCompat.java:338)
		at org.apache.tomcat.util.compat.JreCompat.jarFileNewInstance(JreCompat.java:324)
		at org.apache.catalina.webresources.AbstractArchiveResourceSet.openJarFile(AbstractArchiveResourceSet.java:324)
		at org.apache.catalina.webresources.AbstractSingleArchiveResourceSet.getArchiveEntry(AbstractSingleArchiveResourceSet.java:96)
		... 34 more
04-Jan-2026 23:16:40.621 SEVERE [http-nio-8080-exec-73] org.apache.catalina.core.StandardHostValve.custom Exception Processing [ErrorPage[errorCode=404, location=/error]]
	java.lang.IllegalStateException: java.io.FileNotFoundException: C:\apache-tomcat\webapps\onlinebookstore\WEB-INF\lib\checker-qual-3.5.0.jar (The system cannot find the path specified)
		at org.apache.catalina.webresources.AbstractSingleArchiveResourceSet.getArchiveEntry(AbstractSingleArchiveResourceSet.java:100)
		at org.apache.catalina.webresources.AbstractArchiveResourceSet.getResource(AbstractArchiveResourceSet.java:255)
		at org.apache.catalina.webresources.StandardRoot.getResourceInternal(StandardRoot.java:273)
		at org.apache.catalina.webresources.Cache.getResource(Cache.java:64)
		at org.apache.catalina.webresources.StandardRoot.getResource(StandardRoot.java:212)
		at org.apache.catalina.webresources.StandardRoot.getClassLoaderResource(StandardRoot.java:221)
		at org.apache.catalina.loader.WebappClassLoaderBase.findClassInternal(WebappClassLoaderBase.java:2221)
		at org.apache.catalina.loader.WebappClassLoaderBase.findClassInternal(WebappClassLoaderBase.java:2212)
		at org.apache.catalina.loader.WebappClassLoaderBase.findClass(WebappClassLoaderBase.java:821)
		at org.apache.catalina.loader.WebappClassLoaderBase.loadClass(WebappClassLoaderBase.java:1312)
		at org.apache.catalina.loader.WebappClassLoaderBase.loadClass(WebappClassLoaderBase.java:1160)
		at servlets.ErrorHandlerServlet.service(ErrorHandlerServlet.java:58)
		at javax.servlet.http.HttpServlet.service(HttpServlet.java:623)
		at org.apache.catalina.core.ApplicationFilterChain.internalDoFilter(ApplicationFilterChain.java:197)
		at org.apache.catalina.core.ApplicationFilterChain.doFilter(ApplicationFilterChain.java:142)
		at org.apache.catalina.core.ApplicationDispatcher.invoke(ApplicationDispatcher.java:619)
		at org.apache.catalina.core.ApplicationDispatcher.processRequest(ApplicationDispatcher.java:401)
		at org.apache.catalina.core.ApplicationDispatcher.doForward(ApplicationDispatcher.java:338)
		at org.apache.catalina.core.ApplicationDispatcher.forward(ApplicationDispatcher.java:283)
		at org.apache.catalina.core.StandardHostValve.custom(StandardHostValve.java:392)
		at org.apache.catalina.core.StandardHostValve.status(StandardHostValve.java:220)
		at org.apache.catalina.core.StandardHostValve.invoke(StandardHostValve.java:163)
		at org.apache.catalina.valves.ErrorReportValve.invoke(ErrorReportValve.java:83)
		at org.apache.catalina.valves.AbstractAccessLogValve.invoke(AbstractAccessLogValve.java:643)
		at org.apache.catalina.core.StandardEngineValve.invoke(StandardEngineValve.java:72)
		at org.apache.catalina.connector.CoyoteAdapter.service(CoyoteAdapter.java:344)
		at org.apache.coyote.http11.Http11Processor.service(Http11Processor.java:398)
		at org.apache.coyote.AbstractProcessorLight.process(AbstractProcessorLight.java:63)
		at org.apache.coyote.AbstractProtocol$ConnectionHandler.process(AbstractProtocol.java:939)
		at org.apache.tomcat.util.net.NioEndpoint$SocketProcessor.doRun(NioEndpoint.java:1831)
		at org.apache.tomcat.util.net.SocketProcessorBase.run(SocketProcessorBase.java:52)
		at org.apache.tomcat.util.threads.ThreadPoolExecutor.runWorker(ThreadPoolExecutor.java:973)
		at org.apache.tomcat.util.threads.ThreadPoolExecutor$Worker.run(ThreadPoolExecutor.java:491)
		at org.apache.tomcat.util.threads.TaskThread$WrappingRunnable.run(TaskThread.java:63)
		at java.lang.Thread.run(Thread.java:748)
	Caused by: java.io.FileNotFoundException: C:\apache-tomcat\webapps\onlinebookstore\WEB-INF\lib\checker-qual-3.5.0.jar (The system cannot find the path specified)
		at java.util.zip.ZipFile.open(Native Method)
		at java.util.zip.ZipFile.<init>(ZipFile.java:225)
		at java.util.zip.ZipFile.<init>(ZipFile.java:155)
		at java.util.jar.JarFile.<init>(JarFile.java:166)
		at java.util.jar.JarFile.<init>(JarFile.java:130)
		at org.apache.tomcat.util.compat.JreCompat.jarFileNewInstance(JreCompat.java:338)
		at org.apache.tomcat.util.compat.JreCompat.jarFileNewInstance(JreCompat.java:324)
		at org.apache.catalina.webresources.AbstractArchiveResourceSet.openJarFile(AbstractArchiveResourceSet.java:324)
		at org.apache.catalina.webresources.AbstractSingleArchiveResourceSet.getArchiveEntry(AbstractSingleArchiveResourceSet.java:96)
		... 34 more
04-Jan-2026 23:16:40.787 SEVERE [http-nio-8080-exec-74] org.apache.catalina.core.ApplicationDispatcher.invoke Servlet.service() for servlet [ErrorHandlerServlet] threw exception
	java.lang.IllegalStateException: java.io.FileNotFoundException: C:\apache-tomcat\webapps\onlinebookstore\WEB-INF\lib\checker-qual-3.5.0.jar (The system cannot find the path specified)
		at org.apache.catalina.webresources.AbstractSingleArchiveResourceSet.getArchiveEntry(AbstractSingleArchiveResourceSet.java:100)
		at org.apache.catalina.webresources.AbstractArchiveResourceSet.getResource(AbstractArchiveResourceSet.java:255)
		at org.apache.catalina.webresources.StandardRoot.getResourceInternal(StandardRoot.java:273)
		at org.apache.catalina.webresources.Cache.getResource(Cache.java:64)
		at org.apache.catalina.webresources.StandardRoot.getResource(StandardRoot.java:212)
		at org.apache.catalina.webresources.StandardRoot.getClassLoaderResource(StandardRoot.java:221)
		at org.apache.catalina.loader.WebappClassLoaderBase.findClassInternal(WebappClassLoaderBase.java:2221)
		at org.apache.catalina.loader.WebappClassLoaderBase.findClassInternal(WebappClassLoaderBase.java:2212)
		at org.apache.catalina.loader.WebappClassLoaderBase.findClass(WebappClassLoaderBase.java:821)
		at org.apache.catalina.loader.WebappClassLoaderBase.loadClass(WebappClassLoaderBase.java:1312)
		at org.apache.catalina.loader.WebappClassLoaderBase.loadClass(WebappClassLoaderBase.java:1160)
		at servlets.ErrorHandlerServlet.service(ErrorHandlerServlet.java:58)
		at javax.servlet.http.HttpServlet.service(HttpServlet.java:623)
		at org.apache.catalina.core.ApplicationFilterChain.internalDoFilter(ApplicationFilterChain.java:197)
		at org.apache.catalina.core.ApplicationFilterChain.doFilter(ApplicationFilterChain.java:142)
		at org.apache.catalina.core.ApplicationDispatcher.invoke(ApplicationDispatcher.java:619)
		at org.apache.catalina.core.ApplicationDispatcher.processRequest(ApplicationDispatcher.java:401)
		at org.apache.catalina.core.ApplicationDispatcher.doForward(ApplicationDispatcher.java:338)
		at org.apache.catalina.core.ApplicationDispatcher.forward(ApplicationDispatcher.java:283)
		at org.apache.catalina.core.StandardHostValve.custom(StandardHostValve.java:392)
		at org.apache.catalina.core.StandardHostValve.status(StandardHostValve.java:220)
		at org.apache.catalina.core.StandardHostValve.invoke(StandardHostValve.java:163)
		at org.apache.catalina.valves.ErrorReportValve.invoke(ErrorReportValve.java:83)
		at org.apache.catalina.valves.AbstractAccessLogValve.invoke(AbstractAccessLogValve.java:643)
		at org.apache.catalina.core.StandardEngineValve.invoke(StandardEngineValve.java:72)
		at org.apache.catalina.connector.CoyoteAdapter.service(CoyoteAdapter.java:344)
		at org.apache.coyote.http11.Http11Processor.service(Http11Processor.java:398)
		at org.apache.coyote.AbstractProcessorLight.process(AbstractProcessorLight.java:63)
		at org.apache.coyote.AbstractProtocol$ConnectionHandler.process(AbstractProtocol.java:939)
		at org.apache.tomcat.util.net.NioEndpoint$SocketProcessor.doRun(NioEndpoint.java:1831)
		at org.apache.tomcat.util.net.SocketProcessorBase.run(SocketProcessorBase.java:52)
		at org.apache.tomcat.util.threads.ThreadPoolExecutor.runWorker(ThreadPoolExecutor.java:973)
		at org.apache.tomcat.util.threads.ThreadPoolExecutor$Worker.run(ThreadPoolExecutor.java:491)
		at org.apache.tomcat.util.threads.TaskThread$WrappingRunnable.run(TaskThread.java:63)
		at java.lang.Thread.run(Thread.java:748)
	Caused by: java.io.FileNotFoundException: C:\apache-tomcat\webapps\onlinebookstore\WEB-INF\lib\checker-qual-3.5.0.jar (The system cannot find the path specified)
		at java.util.zip.ZipFile.open(Native Method)
		at java.util.zip.ZipFile.<init>(ZipFile.java:225)
		at java.util.zip.ZipFile.<init>(ZipFile.java:155)
		at java.util.jar.JarFile.<init>(JarFile.java:166)
		at java.util.jar.JarFile.<init>(JarFile.java:130)
		at org.apache.tomcat.util.compat.JreCompat.jarFileNewInstance(JreCompat.java:338)
		at org.apache.tomcat.util.compat.JreCompat.jarFileNewInstance(JreCompat.java:324)
		at org.apache.catalina.webresources.AbstractArchiveResourceSet.openJarFile(AbstractArchiveResourceSet.java:324)
		at org.apache.catalina.webresources.AbstractSingleArchiveResourceSet.getArchiveEntry(AbstractSingleArchiveResourceSet.java:96)
		... 34 more
04-Jan-2026 23:16:40.793 SEVERE [http-nio-8080-exec-74] org.apache.catalina.core.StandardHostValve.custom Exception Processing [ErrorPage[errorCode=404, location=/error]]
	java.lang.IllegalStateException: java.io.FileNotFoundException: C:\apache-tomcat\webapps\onlinebookstore\WEB-INF\lib\checker-qual-3.5.0.jar (The system cannot find the path specified)
		at org.apache.catalina.webresources.AbstractSingleArchiveResourceSet.getArchiveEntry(AbstractSingleArchiveResourceSet.java:100)
		at org.apache.catalina.webresources.AbstractArchiveResourceSet.getResource(AbstractArchiveResourceSet.java:255)
		at org.apache.catalina.webresources.StandardRoot.getResourceInternal(StandardRoot.java:273)
		at org.apache.catalina.webresources.Cache.getResource(Cache.java:64)
		at org.apache.catalina.webresources.StandardRoot.getResource(StandardRoot.java:212)
		at org.apache.catalina.webresources.StandardRoot.getClassLoaderResource(StandardRoot.java:221)
		at org.apache.catalina.loader.WebappClassLoaderBase.findClassInternal(WebappClassLoaderBase.java:2221)
		at org.apache.catalina.loader.WebappClassLoaderBase.findClassInternal(WebappClassLoaderBase.java:2212)
		at org.apache.catalina.loader.WebappClassLoaderBase.findClass(WebappClassLoaderBase.java:821)
		at org.apache.catalina.loader.WebappClassLoaderBase.loadClass(WebappClassLoaderBase.java:1312)
		at org.apache.catalina.loader.WebappClassLoaderBase.loadClass(WebappClassLoaderBase.java:1160)
		at servlets.ErrorHandlerServlet.service(ErrorHandlerServlet.java:58)
		at javax.servlet.http.HttpServlet.service(HttpServlet.java:623)
		at org.apache.catalina.core.ApplicationFilterChain.internalDoFilter(ApplicationFilterChain.java:197)
		at org.apache.catalina.core.ApplicationFilterChain.doFilter(ApplicationFilterChain.java:142)
		at org.apache.catalina.core.ApplicationDispatcher.invoke(ApplicationDispatcher.java:619)
		at org.apache.catalina.core.ApplicationDispatcher.processRequest(ApplicationDispatcher.java:401)
		at org.apache.catalina.core.ApplicationDispatcher.doForward(ApplicationDispatcher.java:338)
		at org.apache.catalina.core.ApplicationDispatcher.forward(ApplicationDispatcher.java:283)
		at org.apache.catalina.core.StandardHostValve.custom(StandardHostValve.java:392)
		at org.apache.catalina.core.StandardHostValve.status(StandardHostValve.java:220)
		at org.apache.catalina.core.StandardHostValve.invoke(StandardHostValve.java:163)
		at org.apache.catalina.valves.ErrorReportValve.invoke(ErrorReportValve.java:83)
		at org.apache.catalina.valves.AbstractAccessLogValve.invoke(AbstractAccessLogValve.java:643)
		at org.apache.catalina.core.StandardEngineValve.invoke(StandardEngineValve.java:72)
		at org.apache.catalina.connector.CoyoteAdapter.service(CoyoteAdapter.java:344)
		at org.apache.coyote.http11.Http11Processor.service(Http11Processor.java:398)
		at org.apache.coyote.AbstractProcessorLight.process(AbstractProcessorLight.java:63)
		at org.apache.coyote.AbstractProtocol$ConnectionHandler.process(AbstractProtocol.java:939)
		at org.apache.tomcat.util.net.NioEndpoint$SocketProcessor.doRun(NioEndpoint.java:1831)
		at org.apache.tomcat.util.net.SocketProcessorBase.run(SocketProcessorBase.java:52)
		at org.apache.tomcat.util.threads.ThreadPoolExecutor.runWorker(ThreadPoolExecutor.java:973)
		at org.apache.tomcat.util.threads.ThreadPoolExecutor$Worker.run(ThreadPoolExecutor.java:491)
		at org.apache.tomcat.util.threads.TaskThread$WrappingRunnable.run(TaskThread.java:63)
		at java.lang.Thread.run(Thread.java:748)
	Caused by: java.io.FileNotFoundException: C:\apache-tomcat\webapps\onlinebookstore\WEB-INF\lib\checker-qual-3.5.0.jar (The system cannot find the path specified)
		at java.util.zip.ZipFile.open(Native Method)
		at java.util.zip.ZipFile.<init>(ZipFile.java:225)
		at java.util.zip.ZipFile.<init>(ZipFile.java:155)
		at java.util.jar.JarFile.<init>(JarFile.java:166)
		at java.util.jar.JarFile.<init>(JarFile.java:130)
		at org.apache.tomcat.util.compat.JreCompat.jarFileNewInstance(JreCompat.java:338)
		at org.apache.tomcat.util.compat.JreCompat.jarFileNewInstance(JreCompat.java:324)
		at org.apache.catalina.webresources.AbstractArchiveResourceSet.openJarFile(AbstractArchiveResourceSet.java:324)
		at org.apache.catalina.webresources.AbstractSingleArchiveResourceSet.getArchiveEntry(AbstractSingleArchiveResourceSet.java:96)
		... 34 more
04-Jan-2026 23:16:40.975 SEVERE [http-nio-8080-exec-65] org.apache.catalina.core.ApplicationDispatcher.invoke Servlet.service() for servlet [ErrorHandlerServlet] threw exception
	java.lang.IllegalStateException: java.io.FileNotFoundException: C:\apache-tomcat\webapps\onlinebookstore\WEB-INF\lib\checker-qual-3.5.0.jar (The system cannot find the path specified)
		at org.apache.catalina.webresources.AbstractSingleArchiveResourceSet.getArchiveEntry(AbstractSingleArchiveResourceSet.java:100)
		at org.apache.catalina.webresources.AbstractArchiveResourceSet.getResource(AbstractArchiveResourceSet.java:255)
		at org.apache.catalina.webresources.StandardRoot.getResourceInternal(StandardRoot.java:273)
		at org.apache.catalina.webresources.Cache.getResource(Cache.java:64)
		at org.apache.catalina.webresources.StandardRoot.getResource(StandardRoot.java:212)
		at org.apache.catalina.webresources.StandardRoot.getClassLoaderResource(StandardRoot.java:221)
		at org.apache.catalina.loader.WebappClassLoaderBase.findClassInternal(WebappClassLoaderBase.java:2221)
		at org.apache.catalina.loader.WebappClassLoaderBase.findClassInternal(WebappClassLoaderBase.java:2212)
		at org.apache.catalina.loader.WebappClassLoaderBase.findClass(WebappClassLoaderBase.java:821)
		at org.apache.catalina.loader.WebappClassLoaderBase.loadClass(WebappClassLoaderBase.java:1312)
		at org.apache.catalina.loader.WebappClassLoaderBase.loadClass(WebappClassLoaderBase.java:1160)
		at servlets.ErrorHandlerServlet.service(ErrorHandlerServlet.java:58)
		at javax.servlet.http.HttpServlet.service(HttpServlet.java:623)
		at org.apache.catalina.core.ApplicationFilterChain.internalDoFilter(ApplicationFilterChain.java:197)
		at org.apache.catalina.core.ApplicationFilterChain.doFilter(ApplicationFilterChain.java:142)
		at org.apache.catalina.core.ApplicationDispatcher.invoke(ApplicationDispatcher.java:619)
		at org.apache.catalina.core.ApplicationDispatcher.processRequest(ApplicationDispatcher.java:401)
		at org.apache.catalina.core.ApplicationDispatcher.doForward(ApplicationDispatcher.java:338)
		at org.apache.catalina.core.ApplicationDispatcher.forward(ApplicationDispatcher.java:283)
		at org.apache.catalina.core.StandardHostValve.custom(StandardHostValve.java:392)
		at org.apache.catalina.core.StandardHostValve.status(StandardHostValve.java:220)
		at org.apache.catalina.core.StandardHostValve.invoke(StandardHostValve.java:163)
		at org.apache.catalina.valves.ErrorReportValve.invoke(ErrorReportValve.java:83)
		at org.apache.catalina.valves.AbstractAccessLogValve.invoke(AbstractAccessLogValve.java:643)
		at org.apache.catalina.core.StandardEngineValve.invoke(StandardEngineValve.java:72)
		at org.apache.catalina.connector.CoyoteAdapter.service(CoyoteAdapter.java:344)
		at org.apache.coyote.http11.Http11Processor.service(Http11Processor.java:398)
		at org.apache.coyote.AbstractProcessorLight.process(AbstractProcessorLight.java:63)
		at org.apache.coyote.AbstractProtocol$ConnectionHandler.process(AbstractProtocol.java:939)
		at org.apache.tomcat.util.net.NioEndpoint$SocketProcessor.doRun(NioEndpoint.java:1831)
		at org.apache.tomcat.util.net.SocketProcessorBase.run(SocketProcessorBase.java:52)
		at org.apache.tomcat.util.threads.ThreadPoolExecutor.runWorker(ThreadPoolExecutor.java:973)
		at org.apache.tomcat.util.threads.ThreadPoolExecutor$Worker.run(ThreadPoolExecutor.java:491)
		at org.apache.tomcat.util.threads.TaskThread$WrappingRunnable.run(TaskThread.java:63)
		at java.lang.Thread.run(Thread.java:748)
	Caused by: java.io.FileNotFoundException: C:\apache-tomcat\webapps\onlinebookstore\WEB-INF\lib\checker-qual-3.5.0.jar (The system cannot find the path specified)
		at java.util.zip.ZipFile.open(Native Method)
		at java.util.zip.ZipFile.<init>(ZipFile.java:225)
		at java.util.zip.ZipFile.<init>(ZipFile.java:155)
		at java.util.jar.JarFile.<init>(JarFile.java:166)
		at java.util.jar.JarFile.<init>(JarFile.java:130)
		at org.apache.tomcat.util.compat.JreCompat.jarFileNewInstance(JreCompat.java:338)
		at org.apache.tomcat.util.compat.JreCompat.jarFileNewInstance(JreCompat.java:324)
		at org.apache.catalina.webresources.AbstractArchiveResourceSet.openJarFile(AbstractArchiveResourceSet.java:324)
		at org.apache.catalina.webresources.AbstractSingleArchiveResourceSet.getArchiveEntry(AbstractSingleArchiveResourceSet.java:96)
		... 34 more
04-Jan-2026 23:16:40.975 SEVERE [http-nio-8080-exec-65] org.apache.catalina.core.StandardHostValve.custom Exception Processing [ErrorPage[errorCode=404, location=/error]]
	java.lang.IllegalStateException: java.io.FileNotFoundException: C:\apache-tomcat\webapps\onlinebookstore\WEB-INF\lib\checker-qual-3.5.0.jar (The system cannot find the path specified)
		at org.apache.catalina.webresources.AbstractSingleArchiveResourceSet.getArchiveEntry(AbstractSingleArchiveResourceSet.java:100)
		at org.apache.catalina.webresources.AbstractArchiveResourceSet.getResource(AbstractArchiveResourceSet.java:255)
		at org.apache.catalina.webresources.StandardRoot.getResourceInternal(StandardRoot.java:273)
		at org.apache.catalina.webresources.Cache.getResource(Cache.java:64)
		at org.apache.catalina.webresources.StandardRoot.getResource(StandardRoot.java:212)
		at org.apache.catalina.webresources.StandardRoot.getClassLoaderResource(StandardRoot.java:221)
		at org.apache.catalina.loader.WebappClassLoaderBase.findClassInternal(WebappClassLoaderBase.java:2221)
		at org.apache.catalina.loader.WebappClassLoaderBase.findClassInternal(WebappClassLoaderBase.java:2212)
		at org.apache.catalina.loader.WebappClassLoaderBase.findClass(WebappClassLoaderBase.java:821)
		at org.apache.catalina.loader.WebappClassLoaderBase.loadClass(WebappClassLoaderBase.java:1312)
		at org.apache.catalina.loader.WebappClassLoaderBase.loadClass(WebappClassLoaderBase.java:1160)
		at servlets.ErrorHandlerServlet.service(ErrorHandlerServlet.java:58)
		at javax.servlet.http.HttpServlet.service(HttpServlet.java:623)
		at org.apache.catalina.core.ApplicationFilterChain.internalDoFilter(ApplicationFilterChain.java:197)
		at org.apache.catalina.core.ApplicationFilterChain.doFilter(ApplicationFilterChain.java:142)
		at org.apache.catalina.core.ApplicationDispatcher.invoke(ApplicationDispatcher.java:619)
		at org.apache.catalina.core.ApplicationDispatcher.processRequest(ApplicationDispatcher.java:401)
		at org.apache.catalina.core.ApplicationDispatcher.doForward(ApplicationDispatcher.java:338)
		at org.apache.catalina.core.ApplicationDispatcher.forward(ApplicationDispatcher.java:283)
		at org.apache.catalina.core.StandardHostValve.custom(StandardHostValve.java:392)
		at org.apache.catalina.core.StandardHostValve.status(StandardHostValve.java:220)
		at org.apache.catalina.core.StandardHostValve.invoke(StandardHostValve.java:163)
		at org.apache.catalina.valves.ErrorReportValve.invoke(ErrorReportValve.java:83)
		at org.apache.catalina.valves.AbstractAccessLogValve.invoke(AbstractAccessLogValve.java:643)
		at org.apache.catalina.core.StandardEngineValve.invoke(StandardEngineValve.java:72)
		at org.apache.catalina.connector.CoyoteAdapter.service(CoyoteAdapter.java:344)
		at org.apache.coyote.http11.Http11Processor.service(Http11Processor.java:398)
		at org.apache.coyote.AbstractProcessorLight.process(AbstractProcessorLight.java:63)
		at org.apache.coyote.AbstractProtocol$ConnectionHandler.process(AbstractProtocol.java:939)
		at org.apache.tomcat.util.net.NioEndpoint$SocketProcessor.doRun(NioEndpoint.java:1831)
		at org.apache.tomcat.util.net.SocketProcessorBase.run(SocketProcessorBase.java:52)
		at org.apache.tomcat.util.threads.ThreadPoolExecutor.runWorker(ThreadPoolExecutor.java:973)
		at org.apache.tomcat.util.threads.ThreadPoolExecutor$Worker.run(ThreadPoolExecutor.java:491)
		at org.apache.tomcat.util.threads.TaskThread$WrappingRunnable.run(TaskThread.java:63)
		at java.lang.Thread.run(Thread.java:748)
	Caused by: java.io.FileNotFoundException: C:\apache-tomcat\webapps\onlinebookstore\WEB-INF\lib\checker-qual-3.5.0.jar (The system cannot find the path specified)
		at java.util.zip.ZipFile.open(Native Method)
		at java.util.zip.ZipFile.<init>(ZipFile.java:225)
		at java.util.zip.ZipFile.<init>(ZipFile.java:155)
		at java.util.jar.JarFile.<init>(JarFile.java:166)
		at java.util.jar.JarFile.<init>(JarFile.java:130)
		at org.apache.tomcat.util.compat.JreCompat.jarFileNewInstance(JreCompat.java:338)
		at org.apache.tomcat.util.compat.JreCompat.jarFileNewInstance(JreCompat.java:324)
		at org.apache.catalina.webresources.AbstractArchiveResourceSet.openJarFile(AbstractArchiveResourceSet.java:324)
		at org.apache.catalina.webresources.AbstractSingleArchiveResourceSet.getArchiveEntry(AbstractSingleArchiveResourceSet.java:96)
		... 34 more
04-Jan-2026 23:16:41.150 SEVERE [http-nio-8080-exec-66] org.apache.catalina.core.ApplicationDispatcher.invoke Servlet.service() for servlet [ErrorHandlerServlet] threw exception
	java.lang.IllegalStateException: java.io.FileNotFoundException: C:\apache-tomcat\webapps\onlinebookstore\WEB-INF\lib\checker-qual-3.5.0.jar (The system cannot find the path specified)
		at org.apache.catalina.webresources.AbstractSingleArchiveResourceSet.getArchiveEntry(AbstractSingleArchiveResourceSet.java:100)
		at org.apache.catalina.webresources.AbstractArchiveResourceSet.getResource(AbstractArchiveResourceSet.java:255)
		at org.apache.catalina.webresources.StandardRoot.getResourceInternal(StandardRoot.java:273)
		at org.apache.catalina.webresources.Cache.getResource(Cache.java:64)
		at org.apache.catalina.webresources.StandardRoot.getResource(StandardRoot.java:212)
		at org.apache.catalina.webresources.StandardRoot.getClassLoaderResource(StandardRoot.java:221)
		at org.apache.catalina.loader.WebappClassLoaderBase.findClassInternal(WebappClassLoaderBase.java:2221)
		at org.apache.catalina.loader.WebappClassLoaderBase.findClassInternal(WebappClassLoaderBase.java:2212)
		at org.apache.catalina.loader.WebappClassLoaderBase.findClass(WebappClassLoaderBase.java:821)
		at org.apache.catalina.loader.WebappClassLoaderBase.loadClass(WebappClassLoaderBase.java:1312)
		at org.apache.catalina.loader.WebappClassLoaderBase.loadClass(WebappClassLoaderBase.java:1160)
		at servlets.ErrorHandlerServlet.service(ErrorHandlerServlet.java:58)
		at javax.servlet.http.HttpServlet.service(HttpServlet.java:623)
		at org.apache.catalina.core.ApplicationFilterChain.internalDoFilter(ApplicationFilterChain.java:197)
		at org.apache.catalina.core.ApplicationFilterChain.doFilter(ApplicationFilterChain.java:142)
		at org.apache.catalina.core.ApplicationDispatcher.invoke(ApplicationDispatcher.java:619)
		at org.apache.catalina.core.ApplicationDispatcher.processRequest(ApplicationDispatcher.java:401)
		at org.apache.catalina.core.ApplicationDispatcher.doForward(ApplicationDispatcher.java:338)
		at org.apache.catalina.core.ApplicationDispatcher.forward(ApplicationDispatcher.java:283)
		at org.apache.catalina.core.StandardHostValve.custom(StandardHostValve.java:392)
		at org.apache.catalina.core.StandardHostValve.status(StandardHostValve.java:220)
		at org.apache.catalina.core.StandardHostValve.invoke(StandardHostValve.java:163)
		at org.apache.catalina.valves.ErrorReportValve.invoke(ErrorReportValve.java:83)
		at org.apache.catalina.valves.AbstractAccessLogValve.invoke(AbstractAccessLogValve.java:643)
		at org.apache.catalina.core.StandardEngineValve.invoke(StandardEngineValve.java:72)
		at org.apache.catalina.connector.CoyoteAdapter.service(CoyoteAdapter.java:344)
		at org.apache.coyote.http11.Http11Processor.service(Http11Processor.java:398)
		at org.apache.coyote.AbstractProcessorLight.process(AbstractProcessorLight.java:63)
		at org.apache.coyote.AbstractProtocol$ConnectionHandler.process(AbstractProtocol.java:939)
		at org.apache.tomcat.util.net.NioEndpoint$SocketProcessor.doRun(NioEndpoint.java:1831)
		at org.apache.tomcat.util.net.SocketProcessorBase.run(SocketProcessorBase.java:52)
		at org.apache.tomcat.util.threads.ThreadPoolExecutor.runWorker(ThreadPoolExecutor.java:973)
		at org.apache.tomcat.util.threads.ThreadPoolExecutor$Worker.run(ThreadPoolExecutor.java:491)
		at org.apache.tomcat.util.threads.TaskThread$WrappingRunnable.run(TaskThread.java:63)
		at java.lang.Thread.run(Thread.java:748)
	Caused by: java.io.FileNotFoundException: C:\apache-tomcat\webapps\onlinebookstore\WEB-INF\lib\checker-qual-3.5.0.jar (The system cannot find the path specified)
		at java.util.zip.ZipFile.open(Native Method)
		at java.util.zip.ZipFile.<init>(ZipFile.java:225)
		at java.util.zip.ZipFile.<init>(ZipFile.java:155)
		at java.util.jar.JarFile.<init>(JarFile.java:166)
		at java.util.jar.JarFile.<init>(JarFile.java:130)
		at org.apache.tomcat.util.compat.JreCompat.jarFileNewInstance(JreCompat.java:338)
		at org.apache.tomcat.util.compat.JreCompat.jarFileNewInstance(JreCompat.java:324)
		at org.apache.catalina.webresources.AbstractArchiveResourceSet.openJarFile(AbstractArchiveResourceSet.java:324)
		at org.apache.catalina.webresources.AbstractSingleArchiveResourceSet.getArchiveEntry(AbstractSingleArchiveResourceSet.java:96)
		... 34 more
04-Jan-2026 23:16:41.150 SEVERE [http-nio-8080-exec-66] org.apache.catalina.core.StandardHostValve.custom Exception Processing [ErrorPage[errorCode=404, location=/error]]
	java.lang.IllegalStateException: java.io.FileNotFoundException: C:\apache-tomcat\webapps\onlinebookstore\WEB-INF\lib\checker-qual-3.5.0.jar (The system cannot find the path specified)
		at org.apache.catalina.webresources.AbstractSingleArchiveResourceSet.getArchiveEntry(AbstractSingleArchiveResourceSet.java:100)
		at org.apache.catalina.webresources.AbstractArchiveResourceSet.getResource(AbstractArchiveResourceSet.java:255)
		at org.apache.catalina.webresources.StandardRoot.getResourceInternal(StandardRoot.java:273)
		at org.apache.catalina.webresources.Cache.getResource(Cache.java:64)
		at org.apache.catalina.webresources.StandardRoot.getResource(StandardRoot.java:212)
		at org.apache.catalina.webresources.StandardRoot.getClassLoaderResource(StandardRoot.java:221)
		at org.apache.catalina.loader.WebappClassLoaderBase.findClassInternal(WebappClassLoaderBase.java:2221)
		at org.apache.catalina.loader.WebappClassLoaderBase.findClassInternal(WebappClassLoaderBase.java:2212)
		at org.apache.catalina.loader.WebappClassLoaderBase.findClass(WebappClassLoaderBase.java:821)
		at org.apache.catalina.loader.WebappClassLoaderBase.loadClass(WebappClassLoaderBase.java:1312)
		at org.apache.catalina.loader.WebappClassLoaderBase.loadClass(WebappClassLoaderBase.java:1160)
		at servlets.ErrorHandlerServlet.service(ErrorHandlerServlet.java:58)
		at javax.servlet.http.HttpServlet.service(HttpServlet.java:623)
		at org.apache.catalina.core.ApplicationFilterChain.internalDoFilter(ApplicationFilterChain.java:197)
		at org.apache.catalina.core.ApplicationFilterChain.doFilter(ApplicationFilterChain.java:142)
		at org.apache.catalina.core.ApplicationDispatcher.invoke(ApplicationDispatcher.java:619)
		at org.apache.catalina.core.ApplicationDispatcher.processRequest(ApplicationDispatcher.java:401)
		at org.apache.catalina.core.ApplicationDispatcher.doForward(ApplicationDispatcher.java:338)
		at org.apache.catalina.core.ApplicationDispatcher.forward(ApplicationDispatcher.java:283)
		at org.apache.catalina.core.StandardHostValve.custom(StandardHostValve.java:392)
		at org.apache.catalina.core.StandardHostValve.status(StandardHostValve.java:220)
		at org.apache.catalina.core.StandardHostValve.invoke(StandardHostValve.java:163)
		at org.apache.catalina.valves.ErrorReportValve.invoke(ErrorReportValve.java:83)
		at org.apache.catalina.valves.AbstractAccessLogValve.invoke(AbstractAccessLogValve.java:643)
		at org.apache.catalina.core.StandardEngineValve.invoke(StandardEngineValve.java:72)
		at org.apache.catalina.connector.CoyoteAdapter.service(CoyoteAdapter.java:344)
		at org.apache.coyote.http11.Http11Processor.service(Http11Processor.java:398)
		at org.apache.coyote.AbstractProcessorLight.process(AbstractProcessorLight.java:63)
		at org.apache.coyote.AbstractProtocol$ConnectionHandler.process(AbstractProtocol.java:939)
		at org.apache.tomcat.util.net.NioEndpoint$SocketProcessor.doRun(NioEndpoint.java:1831)
		at org.apache.tomcat.util.net.SocketProcessorBase.run(SocketProcessorBase.java:52)
		at org.apache.tomcat.util.threads.ThreadPoolExecutor.runWorker(ThreadPoolExecutor.java:973)
		at org.apache.tomcat.util.threads.ThreadPoolExecutor$Worker.run(ThreadPoolExecutor.java:491)
		at org.apache.tomcat.util.threads.TaskThread$WrappingRunnable.run(TaskThread.java:63)
		at java.lang.Thread.run(Thread.java:748)
	Caused by: java.io.FileNotFoundException: C:\apache-tomcat\webapps\onlinebookstore\WEB-INF\lib\checker-qual-3.5.0.jar (The system cannot find the path specified)
		at java.util.zip.ZipFile.open(Native Method)
		at java.util.zip.ZipFile.<init>(ZipFile.java:225)
		at java.util.zip.ZipFile.<init>(ZipFile.java:155)
		at java.util.jar.JarFile.<init>(JarFile.java:166)
		at java.util.jar.JarFile.<init>(JarFile.java:130)
		at org.apache.tomcat.util.compat.JreCompat.jarFileNewInstance(JreCompat.java:338)
		at org.apache.tomcat.util.compat.JreCompat.jarFileNewInstance(JreCompat.java:324)
		at org.apache.catalina.webresources.AbstractArchiveResourceSet.openJarFile(AbstractArchiveResourceSet.java:324)
		at org.apache.catalina.webresources.AbstractSingleArchiveResourceSet.getArchiveEntry(AbstractSingleArchiveResourceSet.java:96)
		... 34 more
04-Jan-2026 23:16:41.595 SEVERE [http-nio-8080-exec-67] org.apache.catalina.core.ApplicationDispatcher.invoke Servlet.service() for servlet [ErrorHandlerServlet] threw exception
	java.lang.IllegalStateException: java.io.FileNotFoundException: C:\apache-tomcat\webapps\onlinebookstore\WEB-INF\lib\checker-qual-3.5.0.jar (The system cannot find the path specified)
		at org.apache.catalina.webresources.AbstractSingleArchiveResourceSet.getArchiveEntry(AbstractSingleArchiveResourceSet.java:100)
		at org.apache.catalina.webresources.AbstractArchiveResourceSet.getResource(AbstractArchiveResourceSet.java:255)
		at org.apache.catalina.webresources.StandardRoot.getResourceInternal(StandardRoot.java:273)
		at org.apache.catalina.webresources.Cache.getResource(Cache.java:64)
		at org.apache.catalina.webresources.StandardRoot.getResource(StandardRoot.java:212)
		at org.apache.catalina.webresources.StandardRoot.getClassLoaderResource(StandardRoot.java:221)
		at org.apache.catalina.loader.WebappClassLoaderBase.findClassInternal(WebappClassLoaderBase.java:2221)
		at org.apache.catalina.loader.WebappClassLoaderBase.findClassInternal(WebappClassLoaderBase.java:2212)
		at org.apache.catalina.loader.WebappClassLoaderBase.findClass(WebappClassLoaderBase.java:821)
		at org.apache.catalina.loader.WebappClassLoaderBase.loadClass(WebappClassLoaderBase.java:1312)
		at org.apache.catalina.loader.WebappClassLoaderBase.loadClass(WebappClassLoaderBase.java:1160)
		at servlets.ErrorHandlerServlet.service(ErrorHandlerServlet.java:58)
		at javax.servlet.http.HttpServlet.service(HttpServlet.java:623)
		at org.apache.catalina.core.ApplicationFilterChain.internalDoFilter(ApplicationFilterChain.java:197)
		at org.apache.catalina.core.ApplicationFilterChain.doFilter(ApplicationFilterChain.java:142)
		at org.apache.catalina.core.ApplicationDispatcher.invoke(ApplicationDispatcher.java:619)
		at org.apache.catalina.core.ApplicationDispatcher.processRequest(ApplicationDispatcher.java:401)
		at org.apache.catalina.core.ApplicationDispatcher.doForward(ApplicationDispatcher.java:338)
		at org.apache.catalina.core.ApplicationDispatcher.forward(ApplicationDispatcher.java:283)
		at org.apache.catalina.core.StandardHostValve.custom(StandardHostValve.java:392)
		at org.apache.catalina.core.StandardHostValve.status(StandardHostValve.java:220)
		at org.apache.catalina.core.StandardHostValve.invoke(StandardHostValve.java:163)
		at org.apache.catalina.valves.ErrorReportValve.invoke(ErrorReportValve.java:83)
		at org.apache.catalina.valves.AbstractAccessLogValve.invoke(AbstractAccessLogValve.java:643)
		at org.apache.catalina.core.StandardEngineValve.invoke(StandardEngineValve.java:72)
		at org.apache.catalina.connector.CoyoteAdapter.service(CoyoteAdapter.java:344)
		at org.apache.coyote.http11.Http11Processor.service(Http11Processor.java:398)
		at org.apache.coyote.AbstractProcessorLight.process(AbstractProcessorLight.java:63)
		at org.apache.coyote.AbstractProtocol$ConnectionHandler.process(AbstractProtocol.java:939)
		at org.apache.tomcat.util.net.NioEndpoint$SocketProcessor.doRun(NioEndpoint.java:1831)
		at org.apache.tomcat.util.net.SocketProcessorBase.run(SocketProcessorBase.java:52)
		at org.apache.tomcat.util.threads.ThreadPoolExecutor.runWorker(ThreadPoolExecutor.java:973)
		at org.apache.tomcat.util.threads.ThreadPoolExecutor$Worker.run(ThreadPoolExecutor.java:491)
		at org.apache.tomcat.util.threads.TaskThread$WrappingRunnable.run(TaskThread.java:63)
		at java.lang.Thread.run(Thread.java:748)
	Caused by: java.io.FileNotFoundException: C:\apache-tomcat\webapps\onlinebookstore\WEB-INF\lib\checker-qual-3.5.0.jar (The system cannot find the path specified)
		at java.util.zip.ZipFile.open(Native Method)
		at java.util.zip.ZipFile.<init>(ZipFile.java:225)
		at java.util.zip.ZipFile.<init>(ZipFile.java:155)
		at java.util.jar.JarFile.<init>(JarFile.java:166)
		at java.util.jar.JarFile.<init>(JarFile.java:130)
		at org.apache.tomcat.util.compat.JreCompat.jarFileNewInstance(JreCompat.java:338)
		at org.apache.tomcat.util.compat.JreCompat.jarFileNewInstance(JreCompat.java:324)
		at org.apache.catalina.webresources.AbstractArchiveResourceSet.openJarFile(AbstractArchiveResourceSet.java:324)
		at org.apache.catalina.webresources.AbstractSingleArchiveResourceSet.getArchiveEntry(AbstractSingleArchiveResourceSet.java:96)
		... 34 more
04-Jan-2026 23:16:41.598 SEVERE [http-nio-8080-exec-67] org.apache.catalina.core.StandardHostValve.custom Exception Processing [ErrorPage[errorCode=404, location=/error]]
	java.lang.IllegalStateException: java.io.FileNotFoundException: C:\apache-tomcat\webapps\onlinebookstore\WEB-INF\lib\checker-qual-3.5.0.jar (The system cannot find the path specified)
		at org.apache.catalina.webresources.AbstractSingleArchiveResourceSet.getArchiveEntry(AbstractSingleArchiveResourceSet.java:100)
		at org.apache.catalina.webresources.AbstractArchiveResourceSet.getResource(AbstractArchiveResourceSet.java:255)
		at org.apache.catalina.webresources.StandardRoot.getResourceInternal(StandardRoot.java:273)
		at org.apache.catalina.webresources.Cache.getResource(Cache.java:64)
		at org.apache.catalina.webresources.StandardRoot.getResource(StandardRoot.java:212)
		at org.apache.catalina.webresources.StandardRoot.getClassLoaderResource(StandardRoot.java:221)
		at org.apache.catalina.loader.WebappClassLoaderBase.findClassInternal(WebappClassLoaderBase.java:2221)
		at org.apache.catalina.loader.WebappClassLoaderBase.findClassInternal(WebappClassLoaderBase.java:2212)
		at org.apache.catalina.loader.WebappClassLoaderBase.findClass(WebappClassLoaderBase.java:821)
		at org.apache.catalina.loader.WebappClassLoaderBase.loadClass(WebappClassLoaderBase.java:1312)
		at org.apache.catalina.loader.WebappClassLoaderBase.loadClass(WebappClassLoaderBase.java:1160)
		at servlets.ErrorHandlerServlet.service(ErrorHandlerServlet.java:58)
		at javax.servlet.http.HttpServlet.service(HttpServlet.java:623)
		at org.apache.catalina.core.ApplicationFilterChain.internalDoFilter(ApplicationFilterChain.java:197)
		at org.apache.catalina.core.ApplicationFilterChain.doFilter(ApplicationFilterChain.java:142)
		at org.apache.catalina.core.ApplicationDispatcher.invoke(ApplicationDispatcher.java:619)
		at org.apache.catalina.core.ApplicationDispatcher.processRequest(ApplicationDispatcher.java:401)
		at org.apache.catalina.core.ApplicationDispatcher.doForward(ApplicationDispatcher.java:338)
		at org.apache.catalina.core.ApplicationDispatcher.forward(ApplicationDispatcher.java:283)
		at org.apache.catalina.core.StandardHostValve.custom(StandardHostValve.java:392)
		at org.apache.catalina.core.StandardHostValve.status(StandardHostValve.java:220)
		at org.apache.catalina.core.StandardHostValve.invoke(StandardHostValve.java:163)
		at org.apache.catalina.valves.ErrorReportValve.invoke(ErrorReportValve.java:83)
		at org.apache.catalina.valves.AbstractAccessLogValve.invoke(AbstractAccessLogValve.java:643)
		at org.apache.catalina.core.StandardEngineValve.invoke(StandardEngineValve.java:72)
		at org.apache.catalina.connector.CoyoteAdapter.service(CoyoteAdapter.java:344)
		at org.apache.coyote.http11.Http11Processor.service(Http11Processor.java:398)
		at org.apache.coyote.AbstractProcessorLight.process(AbstractProcessorLight.java:63)
		at org.apache.coyote.AbstractProtocol$ConnectionHandler.process(AbstractProtocol.java:939)
		at org.apache.tomcat.util.net.NioEndpoint$SocketProcessor.doRun(NioEndpoint.java:1831)
		at org.apache.tomcat.util.net.SocketProcessorBase.run(SocketProcessorBase.java:52)
		at org.apache.tomcat.util.threads.ThreadPoolExecutor.runWorker(ThreadPoolExecutor.java:973)
		at org.apache.tomcat.util.threads.ThreadPoolExecutor$Worker.run(ThreadPoolExecutor.java:491)
		at org.apache.tomcat.util.threads.TaskThread$WrappingRunnable.run(TaskThread.java:63)
		at java.lang.Thread.run(Thread.java:748)
	Caused by: java.io.FileNotFoundException: C:\apache-tomcat\webapps\onlinebookstore\WEB-INF\lib\checker-qual-3.5.0.jar (The system cannot find the path specified)
		at java.util.zip.ZipFile.open(Native Method)
		at java.util.zip.ZipFile.<init>(ZipFile.java:225)
		at java.util.zip.ZipFile.<init>(ZipFile.java:155)
		at java.util.jar.JarFile.<init>(JarFile.java:166)
		at java.util.jar.JarFile.<init>(JarFile.java:130)
		at org.apache.tomcat.util.compat.JreCompat.jarFileNewInstance(JreCompat.java:338)
		at org.apache.tomcat.util.compat.JreCompat.jarFileNewInstance(JreCompat.java:324)
		at org.apache.catalina.webresources.AbstractArchiveResourceSet.openJarFile(AbstractArchiveResourceSet.java:324)
		at org.apache.catalina.webresources.AbstractSingleArchiveResourceSet.getArchiveEntry(AbstractSingleArchiveResourceSet.java:96)
		... 34 more
04-Jan-2026 23:16:41.978 SEVERE [http-nio-8080-exec-68] org.apache.catalina.core.ApplicationDispatcher.invoke Servlet.service() for servlet [ErrorHandlerServlet] threw exception
	java.lang.IllegalStateException: java.io.FileNotFoundException: C:\apache-tomcat\webapps\onlinebookstore\WEB-INF\lib\checker-qual-3.5.0.jar (The system cannot find the path specified)
		at org.apache.catalina.webresources.AbstractSingleArchiveResourceSet.getArchiveEntry(AbstractSingleArchiveResourceSet.java:100)
		at org.apache.catalina.webresources.AbstractArchiveResourceSet.getResource(AbstractArchiveResourceSet.java:255)
		at org.apache.catalina.webresources.StandardRoot.getResourceInternal(StandardRoot.java:273)
		at org.apache.catalina.webresources.Cache.getResource(Cache.java:64)
		at org.apache.catalina.webresources.StandardRoot.getResource(StandardRoot.java:212)
		at org.apache.catalina.webresources.StandardRoot.getClassLoaderResource(StandardRoot.java:221)
		at org.apache.catalina.loader.WebappClassLoaderBase.findClassInternal(WebappClassLoaderBase.java:2221)
		at org.apache.catalina.loader.WebappClassLoaderBase.findClassInternal(WebappClassLoaderBase.java:2212)
		at org.apache.catalina.loader.WebappClassLoaderBase.findClass(WebappClassLoaderBase.java:821)
		at org.apache.catalina.loader.WebappClassLoaderBase.loadClass(WebappClassLoaderBase.java:1312)
		at org.apache.catalina.loader.WebappClassLoaderBase.loadClass(WebappClassLoaderBase.java:1160)
		at servlets.ErrorHandlerServlet.service(ErrorHandlerServlet.java:58)
		at javax.servlet.http.HttpServlet.service(HttpServlet.java:623)
		at org.apache.catalina.core.ApplicationFilterChain.internalDoFilter(ApplicationFilterChain.java:197)
		at org.apache.catalina.core.ApplicationFilterChain.doFilter(ApplicationFilterChain.java:142)
		at org.apache.catalina.core.ApplicationDispatcher.invoke(ApplicationDispatcher.java:619)
		at org.apache.catalina.core.ApplicationDispatcher.processRequest(ApplicationDispatcher.java:401)
		at org.apache.catalina.core.ApplicationDispatcher.doForward(ApplicationDispatcher.java:338)
		at org.apache.catalina.core.ApplicationDispatcher.forward(ApplicationDispatcher.java:283)
		at org.apache.catalina.core.StandardHostValve.custom(StandardHostValve.java:392)
		at org.apache.catalina.core.StandardHostValve.status(StandardHostValve.java:220)
		at org.apache.catalina.core.StandardHostValve.invoke(StandardHostValve.java:163)
		at org.apache.catalina.valves.ErrorReportValve.invoke(ErrorReportValve.java:83)
		at org.apache.catalina.valves.AbstractAccessLogValve.invoke(AbstractAccessLogValve.java:643)
		at org.apache.catalina.core.StandardEngineValve.invoke(StandardEngineValve.java:72)
		at org.apache.catalina.connector.CoyoteAdapter.service(CoyoteAdapter.java:344)
		at org.apache.coyote.http11.Http11Processor.service(Http11Processor.java:398)
		at org.apache.coyote.AbstractProcessorLight.process(AbstractProcessorLight.java:63)
		at org.apache.coyote.AbstractProtocol$ConnectionHandler.process(AbstractProtocol.java:939)
		at org.apache.tomcat.util.net.NioEndpoint$SocketProcessor.doRun(NioEndpoint.java:1831)
		at org.apache.tomcat.util.net.SocketProcessorBase.run(SocketProcessorBase.java:52)
		at org.apache.tomcat.util.threads.ThreadPoolExecutor.runWorker(ThreadPoolExecutor.java:973)
		at org.apache.tomcat.util.threads.ThreadPoolExecutor$Worker.run(ThreadPoolExecutor.java:491)
		at org.apache.tomcat.util.threads.TaskThread$WrappingRunnable.run(TaskThread.java:63)
		at java.lang.Thread.run(Thread.java:748)
	Caused by: java.io.FileNotFoundException: C:\apache-tomcat\webapps\onlinebookstore\WEB-INF\lib\checker-qual-3.5.0.jar (The system cannot find the path specified)
		at java.util.zip.ZipFile.open(Native Method)
		at java.util.zip.ZipFile.<init>(ZipFile.java:225)
		at java.util.zip.ZipFile.<init>(ZipFile.java:155)
		at java.util.jar.JarFile.<init>(JarFile.java:166)
		at java.util.jar.JarFile.<init>(JarFile.java:130)
		at org.apache.tomcat.util.compat.JreCompat.jarFileNewInstance(JreCompat.java:338)
		at org.apache.tomcat.util.compat.JreCompat.jarFileNewInstance(JreCompat.java:324)
		at org.apache.catalina.webresources.AbstractArchiveResourceSet.openJarFile(AbstractArchiveResourceSet.java:324)
		at org.apache.catalina.webresources.AbstractSingleArchiveResourceSet.getArchiveEntry(AbstractSingleArchiveResourceSet.java:96)
		... 34 more
04-Jan-2026 23:16:41.978 SEVERE [http-nio-8080-exec-68] org.apache.catalina.core.StandardHostValve.custom Exception Processing [ErrorPage[errorCode=404, location=/error]]
	java.lang.IllegalStateException: java.io.FileNotFoundException: C:\apache-tomcat\webapps\onlinebookstore\WEB-INF\lib\checker-qual-3.5.0.jar (The system cannot find the path specified)
		at org.apache.catalina.webresources.AbstractSingleArchiveResourceSet.getArchiveEntry(AbstractSingleArchiveResourceSet.java:100)
		at org.apache.catalina.webresources.AbstractArchiveResourceSet.getResource(AbstractArchiveResourceSet.java:255)
		at org.apache.catalina.webresources.StandardRoot.getResourceInternal(StandardRoot.java:273)
		at org.apache.catalina.webresources.Cache.getResource(Cache.java:64)
		at org.apache.catalina.webresources.StandardRoot.getResource(StandardRoot.java:212)
		at org.apache.catalina.webresources.StandardRoot.getClassLoaderResource(StandardRoot.java:221)
		at org.apache.catalina.loader.WebappClassLoaderBase.findClassInternal(WebappClassLoaderBase.java:2221)
		at org.apache.catalina.loader.WebappClassLoaderBase.findClassInternal(WebappClassLoaderBase.java:2212)
		at org.apache.catalina.loader.WebappClassLoaderBase.findClass(WebappClassLoaderBase.java:821)
		at org.apache.catalina.loader.WebappClassLoaderBase.loadClass(WebappClassLoaderBase.java:1312)
		at org.apache.catalina.loader.WebappClassLoaderBase.loadClass(WebappClassLoaderBase.java:1160)
		at servlets.ErrorHandlerServlet.service(ErrorHandlerServlet.java:58)
		at javax.servlet.http.HttpServlet.service(HttpServlet.java:623)
		at org.apache.catalina.core.ApplicationFilterChain.internalDoFilter(ApplicationFilterChain.java:197)
		at org.apache.catalina.core.ApplicationFilterChain.doFilter(ApplicationFilterChain.java:142)
		at org.apache.catalina.core.ApplicationDispatcher.invoke(ApplicationDispatcher.java:619)
		at org.apache.catalina.core.ApplicationDispatcher.processRequest(ApplicationDispatcher.java:401)
		at org.apache.catalina.core.ApplicationDispatcher.doForward(ApplicationDispatcher.java:338)
		at org.apache.catalina.core.ApplicationDispatcher.forward(ApplicationDispatcher.java:283)
		at org.apache.catalina.core.StandardHostValve.custom(StandardHostValve.java:392)
		at org.apache.catalina.core.StandardHostValve.status(StandardHostValve.java:220)
		at org.apache.catalina.core.StandardHostValve.invoke(StandardHostValve.java:163)
		at org.apache.catalina.valves.ErrorReportValve.invoke(ErrorReportValve.java:83)
		at org.apache.catalina.valves.AbstractAccessLogValve.invoke(AbstractAccessLogValve.java:643)
		at org.apache.catalina.core.StandardEngineValve.invoke(StandardEngineValve.java:72)
		at org.apache.catalina.connector.CoyoteAdapter.service(CoyoteAdapter.java:344)
		at org.apache.coyote.http11.Http11Processor.service(Http11Processor.java:398)
		at org.apache.coyote.AbstractProcessorLight.process(AbstractProcessorLight.java:63)
		at org.apache.coyote.AbstractProtocol$ConnectionHandler.process(AbstractProtocol.java:939)
		at org.apache.tomcat.util.net.NioEndpoint$SocketProcessor.doRun(NioEndpoint.java:1831)
		at org.apache.tomcat.util.net.SocketProcessorBase.run(SocketProcessorBase.java:52)
		at org.apache.tomcat.util.threads.ThreadPoolExecutor.runWorker(ThreadPoolExecutor.java:973)
		at org.apache.tomcat.util.threads.ThreadPoolExecutor$Worker.run(ThreadPoolExecutor.java:491)
		at org.apache.tomcat.util.threads.TaskThread$WrappingRunnable.run(TaskThread.java:63)
		at java.lang.Thread.run(Thread.java:748)
	Caused by: java.io.FileNotFoundException: C:\apache-tomcat\webapps\onlinebookstore\WEB-INF\lib\checker-qual-3.5.0.jar (The system cannot find the path specified)
		at java.util.zip.ZipFile.open(Native Method)
		at java.util.zip.ZipFile.<init>(ZipFile.java:225)
		at java.util.zip.ZipFile.<init>(ZipFile.java:155)
		at java.util.jar.JarFile.<init>(JarFile.java:166)
		at java.util.jar.JarFile.<init>(JarFile.java:130)
		at org.apache.tomcat.util.compat.JreCompat.jarFileNewInstance(JreCompat.java:338)
		at org.apache.tomcat.util.compat.JreCompat.jarFileNewInstance(JreCompat.java:324)
		at org.apache.catalina.webresources.AbstractArchiveResourceSet.openJarFile(AbstractArchiveResourceSet.java:324)
		at org.apache.catalina.webresources.AbstractSingleArchiveResourceSet.getArchiveEntry(AbstractSingleArchiveResourceSet.java:96)
		... 34 more
04-Jan-2026 23:16:42.192 SEVERE [http-nio-8080-exec-69] org.apache.catalina.core.ApplicationDispatcher.invoke Servlet.service() for servlet [ErrorHandlerServlet] threw exception
	java.lang.IllegalStateException: java.io.FileNotFoundException: C:\apache-tomcat\webapps\onlinebookstore\WEB-INF\lib\checker-qual-3.5.0.jar (The system cannot find the path specified)
		at org.apache.catalina.webresources.AbstractSingleArchiveResourceSet.getArchiveEntry(AbstractSingleArchiveResourceSet.java:100)
		at org.apache.catalina.webresources.AbstractArchiveResourceSet.getResource(AbstractArchiveResourceSet.java:255)
		at org.apache.catalina.webresources.StandardRoot.getResourceInternal(StandardRoot.java:273)
		at org.apache.catalina.webresources.Cache.getResource(Cache.java:64)
		at org.apache.catalina.webresources.StandardRoot.getResource(StandardRoot.java:212)
		at org.apache.catalina.webresources.StandardRoot.getClassLoaderResource(StandardRoot.java:221)
		at org.apache.catalina.loader.WebappClassLoaderBase.findClassInternal(WebappClassLoaderBase.java:2221)
		at org.apache.catalina.loader.WebappClassLoaderBase.findClassInternal(WebappClassLoaderBase.java:2212)
		at org.apache.catalina.loader.WebappClassLoaderBase.findClass(WebappClassLoaderBase.java:821)
		at org.apache.catalina.loader.WebappClassLoaderBase.loadClass(WebappClassLoaderBase.java:1312)
		at org.apache.catalina.loader.WebappClassLoaderBase.loadClass(WebappClassLoaderBase.java:1160)
		at servlets.ErrorHandlerServlet.service(ErrorHandlerServlet.java:58)
		at javax.servlet.http.HttpServlet.service(HttpServlet.java:623)
		at org.apache.catalina.core.ApplicationFilterChain.internalDoFilter(ApplicationFilterChain.java:197)
		at org.apache.catalina.core.ApplicationFilterChain.doFilter(ApplicationFilterChain.java:142)
		at org.apache.catalina.core.ApplicationDispatcher.invoke(ApplicationDispatcher.java:619)
		at org.apache.catalina.core.ApplicationDispatcher.processRequest(ApplicationDispatcher.java:401)
		at org.apache.catalina.core.ApplicationDispatcher.doForward(ApplicationDispatcher.java:338)
		at org.apache.catalina.core.ApplicationDispatcher.forward(ApplicationDispatcher.java:283)
		at org.apache.catalina.core.StandardHostValve.custom(StandardHostValve.java:392)
		at org.apache.catalina.core.StandardHostValve.status(StandardHostValve.java:220)
		at org.apache.catalina.core.StandardHostValve.invoke(StandardHostValve.java:163)
		at org.apache.catalina.valves.ErrorReportValve.invoke(ErrorReportValve.java:83)
		at org.apache.catalina.valves.AbstractAccessLogValve.invoke(AbstractAccessLogValve.java:643)
		at org.apache.catalina.core.StandardEngineValve.invoke(StandardEngineValve.java:72)
		at org.apache.catalina.connector.CoyoteAdapter.service(CoyoteAdapter.java:344)
		at org.apache.coyote.http11.Http11Processor.service(Http11Processor.java:398)
		at org.apache.coyote.AbstractProcessorLight.process(AbstractProcessorLight.java:63)
		at org.apache.coyote.AbstractProtocol$ConnectionHandler.process(AbstractProtocol.java:939)
		at org.apache.tomcat.util.net.NioEndpoint$SocketProcessor.doRun(NioEndpoint.java:1831)
		at org.apache.tomcat.util.net.SocketProcessorBase.run(SocketProcessorBase.java:52)
		at org.apache.tomcat.util.threads.ThreadPoolExecutor.runWorker(ThreadPoolExecutor.java:973)
		at org.apache.tomcat.util.threads.ThreadPoolExecutor$Worker.run(ThreadPoolExecutor.java:491)
		at org.apache.tomcat.util.threads.TaskThread$WrappingRunnable.run(TaskThread.java:63)
		at java.lang.Thread.run(Thread.java:748)
	Caused by: java.io.FileNotFoundException: C:\apache-tomcat\webapps\onlinebookstore\WEB-INF\lib\checker-qual-3.5.0.jar (The system cannot find the path specified)
		at java.util.zip.ZipFile.open(Native Method)
		at java.util.zip.ZipFile.<init>(ZipFile.java:225)
		at java.util.zip.ZipFile.<init>(ZipFile.java:155)
		at java.util.jar.JarFile.<init>(JarFile.java:166)
		at java.util.jar.JarFile.<init>(JarFile.java:130)
		at org.apache.tomcat.util.compat.JreCompat.jarFileNewInstance(JreCompat.java:338)
		at org.apache.tomcat.util.compat.JreCompat.jarFileNewInstance(JreCompat.java:324)
		at org.apache.catalina.webresources.AbstractArchiveResourceSet.openJarFile(AbstractArchiveResourceSet.java:324)
		at org.apache.catalina.webresources.AbstractSingleArchiveResourceSet.getArchiveEntry(AbstractSingleArchiveResourceSet.java:96)
		... 34 more
04-Jan-2026 23:16:42.192 SEVERE [http-nio-8080-exec-69] org.apache.catalina.core.StandardHostValve.custom Exception Processing [ErrorPage[errorCode=404, location=/error]]
	java.lang.IllegalStateException: java.io.FileNotFoundException: C:\apache-tomcat\webapps\onlinebookstore\WEB-INF\lib\checker-qual-3.5.0.jar (The system cannot find the path specified)
		at org.apache.catalina.webresources.AbstractSingleArchiveResourceSet.getArchiveEntry(AbstractSingleArchiveResourceSet.java:100)
		at org.apache.catalina.webresources.AbstractArchiveResourceSet.getResource(AbstractArchiveResourceSet.java:255)
		at org.apache.catalina.webresources.StandardRoot.getResourceInternal(StandardRoot.java:273)
		at org.apache.catalina.webresources.Cache.getResource(Cache.java:64)
		at org.apache.catalina.webresources.StandardRoot.getResource(StandardRoot.java:212)
		at org.apache.catalina.webresources.StandardRoot.getClassLoaderResource(StandardRoot.java:221)
		at org.apache.catalina.loader.WebappClassLoaderBase.findClassInternal(WebappClassLoaderBase.java:2221)
		at org.apache.catalina.loader.WebappClassLoaderBase.findClassInternal(WebappClassLoaderBase.java:2212)
		at org.apache.catalina.loader.WebappClassLoaderBase.findClass(WebappClassLoaderBase.java:821)
		at org.apache.catalina.loader.WebappClassLoaderBase.loadClass(WebappClassLoaderBase.java:1312)
		at org.apache.catalina.loader.WebappClassLoaderBase.loadClass(WebappClassLoaderBase.java:1160)
		at servlets.ErrorHandlerServlet.service(ErrorHandlerServlet.java:58)
		at javax.servlet.http.HttpServlet.service(HttpServlet.java:623)
		at org.apache.catalina.core.ApplicationFilterChain.internalDoFilter(ApplicationFilterChain.java:197)
		at org.apache.catalina.core.ApplicationFilterChain.doFilter(ApplicationFilterChain.java:142)
		at org.apache.catalina.core.ApplicationDispatcher.invoke(ApplicationDispatcher.java:619)
		at org.apache.catalina.core.ApplicationDispatcher.processRequest(ApplicationDispatcher.java:401)
		at org.apache.catalina.core.ApplicationDispatcher.doForward(ApplicationDispatcher.java:338)
		at org.apache.catalina.core.ApplicationDispatcher.forward(ApplicationDispatcher.java:283)
		at org.apache.catalina.core.StandardHostValve.custom(StandardHostValve.java:392)
		at org.apache.catalina.core.StandardHostValve.status(StandardHostValve.java:220)
		at org.apache.catalina.core.StandardHostValve.invoke(StandardHostValve.java:163)
		at org.apache.catalina.valves.ErrorReportValve.invoke(ErrorReportValve.java:83)
		at org.apache.catalina.valves.AbstractAccessLogValve.invoke(AbstractAccessLogValve.java:643)
		at org.apache.catalina.core.StandardEngineValve.invoke(StandardEngineValve.java:72)
		at org.apache.catalina.connector.CoyoteAdapter.service(CoyoteAdapter.java:344)
		at org.apache.coyote.http11.Http11Processor.service(Http11Processor.java:398)
		at org.apache.coyote.AbstractProcessorLight.process(AbstractProcessorLight.java:63)
		at org.apache.coyote.AbstractProtocol$ConnectionHandler.process(AbstractProtocol.java:939)
		at org.apache.tomcat.util.net.NioEndpoint$SocketProcessor.doRun(NioEndpoint.java:1831)
		at org.apache.tomcat.util.net.SocketProcessorBase.run(SocketProcessorBase.java:52)
		at org.apache.tomcat.util.threads.ThreadPoolExecutor.runWorker(ThreadPoolExecutor.java:973)
		at org.apache.tomcat.util.threads.ThreadPoolExecutor$Worker.run(ThreadPoolExecutor.java:491)
		at org.apache.tomcat.util.threads.TaskThread$WrappingRunnable.run(TaskThread.java:63)
		at java.lang.Thread.run(Thread.java:748)
	Caused by: java.io.FileNotFoundException: C:\apache-tomcat\webapps\onlinebookstore\WEB-INF\lib\checker-qual-3.5.0.jar (The system cannot find the path specified)
		at java.util.zip.ZipFile.open(Native Method)
		at java.util.zip.ZipFile.<init>(ZipFile.java:225)
		at java.util.zip.ZipFile.<init>(ZipFile.java:155)
		at java.util.jar.JarFile.<init>(JarFile.java:166)
		at java.util.jar.JarFile.<init>(JarFile.java:130)
		at org.apache.tomcat.util.compat.JreCompat.jarFileNewInstance(JreCompat.java:338)
		at org.apache.tomcat.util.compat.JreCompat.jarFileNewInstance(JreCompat.java:324)
		at org.apache.catalina.webresources.AbstractArchiveResourceSet.openJarFile(AbstractArchiveResourceSet.java:324)
		at org.apache.catalina.webresources.AbstractSingleArchiveResourceSet.getArchiveEntry(AbstractSingleArchiveResourceSet.java:96)
		... 34 more
04-Jan-2026 23:16:42.305 SEVERE [http-nio-8080-exec-70] org.apache.catalina.core.ApplicationDispatcher.invoke Servlet.service() for servlet [ErrorHandlerServlet] threw exception
	java.lang.IllegalStateException: java.io.FileNotFoundException: C:\apache-tomcat\webapps\onlinebookstore\WEB-INF\lib\checker-qual-3.5.0.jar (The system cannot find the path specified)
		at org.apache.catalina.webresources.AbstractSingleArchiveResourceSet.getArchiveEntry(AbstractSingleArchiveResourceSet.java:100)
		at org.apache.catalina.webresources.AbstractArchiveResourceSet.getResource(AbstractArchiveResourceSet.java:255)
		at org.apache.catalina.webresources.StandardRoot.getResourceInternal(StandardRoot.java:273)
		at org.apache.catalina.webresources.Cache.getResource(Cache.java:64)
		at org.apache.catalina.webresources.StandardRoot.getResource(StandardRoot.java:212)
		at org.apache.catalina.webresources.StandardRoot.getClassLoaderResource(StandardRoot.java:221)
		at org.apache.catalina.loader.WebappClassLoaderBase.findClassInternal(WebappClassLoaderBase.java:2221)
		at org.apache.catalina.loader.WebappClassLoaderBase.findClassInternal(WebappClassLoaderBase.java:2212)
		at org.apache.catalina.loader.WebappClassLoaderBase.findClass(WebappClassLoaderBase.java:821)
		at org.apache.catalina.loader.WebappClassLoaderBase.loadClass(WebappClassLoaderBase.java:1312)
		at org.apache.catalina.loader.WebappClassLoaderBase.loadClass(WebappClassLoaderBase.java:1160)
		at servlets.ErrorHandlerServlet.service(ErrorHandlerServlet.java:58)
		at javax.servlet.http.HttpServlet.service(HttpServlet.java:623)
		at org.apache.catalina.core.ApplicationFilterChain.internalDoFilter(ApplicationFilterChain.java:197)
		at org.apache.catalina.core.ApplicationFilterChain.doFilter(ApplicationFilterChain.java:142)
		at org.apache.catalina.core.ApplicationDispatcher.invoke(ApplicationDispatcher.java:619)
		at org.apache.catalina.core.ApplicationDispatcher.processRequest(ApplicationDispatcher.java:401)
		at org.apache.catalina.core.ApplicationDispatcher.doForward(ApplicationDispatcher.java:338)
		at org.apache.catalina.core.ApplicationDispatcher.forward(ApplicationDispatcher.java:283)
		at org.apache.catalina.core.StandardHostValve.custom(StandardHostValve.java:392)
		at org.apache.catalina.core.StandardHostValve.status(StandardHostValve.java:220)
		at org.apache.catalina.core.StandardHostValve.invoke(StandardHostValve.java:163)
		at org.apache.catalina.valves.ErrorReportValve.invoke(ErrorReportValve.java:83)
		at org.apache.catalina.valves.AbstractAccessLogValve.invoke(AbstractAccessLogValve.java:643)
		at org.apache.catalina.core.StandardEngineValve.invoke(StandardEngineValve.java:72)
		at org.apache.catalina.connector.CoyoteAdapter.service(CoyoteAdapter.java:344)
		at org.apache.coyote.http11.Http11Processor.service(Http11Processor.java:398)
		at org.apache.coyote.AbstractProcessorLight.process(AbstractProcessorLight.java:63)
		at org.apache.coyote.AbstractProtocol$ConnectionHandler.process(AbstractProtocol.java:939)
		at org.apache.tomcat.util.net.NioEndpoint$SocketProcessor.doRun(NioEndpoint.java:1831)
		at org.apache.tomcat.util.net.SocketProcessorBase.run(SocketProcessorBase.java:52)
		at org.apache.tomcat.util.threads.ThreadPoolExecutor.runWorker(ThreadPoolExecutor.java:973)
		at org.apache.tomcat.util.threads.ThreadPoolExecutor$Worker.run(ThreadPoolExecutor.java:491)
		at org.apache.tomcat.util.threads.TaskThread$WrappingRunnable.run(TaskThread.java:63)
		at java.lang.Thread.run(Thread.java:748)
	Caused by: java.io.FileNotFoundException: C:\apache-tomcat\webapps\onlinebookstore\WEB-INF\lib\checker-qual-3.5.0.jar (The system cannot find the path specified)
		at java.util.zip.ZipFile.open(Native Method)
		at java.util.zip.ZipFile.<init>(ZipFile.java:225)
		at java.util.zip.ZipFile.<init>(ZipFile.java:155)
		at java.util.jar.JarFile.<init>(JarFile.java:166)
		at java.util.jar.JarFile.<init>(JarFile.java:130)
		at org.apache.tomcat.util.compat.JreCompat.jarFileNewInstance(JreCompat.java:338)
		at org.apache.tomcat.util.compat.JreCompat.jarFileNewInstance(JreCompat.java:324)
		at org.apache.catalina.webresources.AbstractArchiveResourceSet.openJarFile(AbstractArchiveResourceSet.java:324)
		at org.apache.catalina.webresources.AbstractSingleArchiveResourceSet.getArchiveEntry(AbstractSingleArchiveResourceSet.java:96)
		... 34 more
04-Jan-2026 23:16:42.305 SEVERE [http-nio-8080-exec-70] org.apache.catalina.core.StandardHostValve.custom Exception Processing [ErrorPage[errorCode=404, location=/error]]
	java.lang.IllegalStateException: java.io.FileNotFoundException: C:\apache-tomcat\webapps\onlinebookstore\WEB-INF\lib\checker-qual-3.5.0.jar (The system cannot find the path specified)
		at org.apache.catalina.webresources.AbstractSingleArchiveResourceSet.getArchiveEntry(AbstractSingleArchiveResourceSet.java:100)
		at org.apache.catalina.webresources.AbstractArchiveResourceSet.getResource(AbstractArchiveResourceSet.java:255)
		at org.apache.catalina.webresources.StandardRoot.getResourceInternal(StandardRoot.java:273)
		at org.apache.catalina.webresources.Cache.getResource(Cache.java:64)
		at org.apache.catalina.webresources.StandardRoot.getResource(StandardRoot.java:212)
		at org.apache.catalina.webresources.StandardRoot.getClassLoaderResource(StandardRoot.java:221)
		at org.apache.catalina.loader.WebappClassLoaderBase.findClassInternal(WebappClassLoaderBase.java:2221)
		at org.apache.catalina.loader.WebappClassLoaderBase.findClassInternal(WebappClassLoaderBase.java:2212)
		at org.apache.catalina.loader.WebappClassLoaderBase.findClass(WebappClassLoaderBase.java:821)
		at org.apache.catalina.loader.WebappClassLoaderBase.loadClass(WebappClassLoaderBase.java:1312)
		at org.apache.catalina.loader.WebappClassLoaderBase.loadClass(WebappClassLoaderBase.java:1160)
		at servlets.ErrorHandlerServlet.service(ErrorHandlerServlet.java:58)
		at javax.servlet.http.HttpServlet.service(HttpServlet.java:623)
		at org.apache.catalina.core.ApplicationFilterChain.internalDoFilter(ApplicationFilterChain.java:197)
		at org.apache.catalina.core.ApplicationFilterChain.doFilter(ApplicationFilterChain.java:142)
		at org.apache.catalina.core.ApplicationDispatcher.invoke(ApplicationDispatcher.java:619)
		at org.apache.catalina.core.ApplicationDispatcher.processRequest(ApplicationDispatcher.java:401)
		at org.apache.catalina.core.ApplicationDispatcher.doForward(ApplicationDispatcher.java:338)
		at org.apache.catalina.core.ApplicationDispatcher.forward(ApplicationDispatcher.java:283)
		at org.apache.catalina.core.StandardHostValve.custom(StandardHostValve.java:392)
		at org.apache.catalina.core.StandardHostValve.status(StandardHostValve.java:220)
		at org.apache.catalina.core.StandardHostValve.invoke(StandardHostValve.java:163)
		at org.apache.catalina.valves.ErrorReportValve.invoke(ErrorReportValve.java:83)
		at org.apache.catalina.valves.AbstractAccessLogValve.invoke(AbstractAccessLogValve.java:643)
		at org.apache.catalina.core.StandardEngineValve.invoke(StandardEngineValve.java:72)
		at org.apache.catalina.connector.CoyoteAdapter.service(CoyoteAdapter.java:344)
		at org.apache.coyote.http11.Http11Processor.service(Http11Processor.java:398)
		at org.apache.coyote.AbstractProcessorLight.process(AbstractProcessorLight.java:63)
		at org.apache.coyote.AbstractProtocol$ConnectionHandler.process(AbstractProtocol.java:939)
		at org.apache.tomcat.util.net.NioEndpoint$SocketProcessor.doRun(NioEndpoint.java:1831)
		at org.apache.tomcat.util.net.SocketProcessorBase.run(SocketProcessorBase.java:52)
		at org.apache.tomcat.util.threads.ThreadPoolExecutor.runWorker(ThreadPoolExecutor.java:973)
		at org.apache.tomcat.util.threads.ThreadPoolExecutor$Worker.run(ThreadPoolExecutor.java:491)
		at org.apache.tomcat.util.threads.TaskThread$WrappingRunnable.run(TaskThread.java:63)
		at java.lang.Thread.run(Thread.java:748)
	Caused by: java.io.FileNotFoundException: C:\apache-tomcat\webapps\onlinebookstore\WEB-INF\lib\checker-qual-3.5.0.jar (The system cannot find the path specified)
		at java.util.zip.ZipFile.open(Native Method)
		at java.util.zip.ZipFile.<init>(ZipFile.java:225)
		at java.util.zip.ZipFile.<init>(ZipFile.java:155)
		at java.util.jar.JarFile.<init>(JarFile.java:166)
		at java.util.jar.JarFile.<init>(JarFile.java:130)
		at org.apache.tomcat.util.compat.JreCompat.jarFileNewInstance(JreCompat.java:338)
		at org.apache.tomcat.util.compat.JreCompat.jarFileNewInstance(JreCompat.java:324)
		at org.apache.catalina.webresources.AbstractArchiveResourceSet.openJarFile(AbstractArchiveResourceSet.java:324)
		at org.apache.catalina.webresources.AbstractSingleArchiveResourceSet.getArchiveEntry(AbstractSingleArchiveResourceSet.java:96)
		... 34 more
