11-Jan-2026 00:21:55.153 SEVERE [http-nio-8080-exec-41] org.apache.catalina.core.ApplicationDispatcher.invoke Servlet.service() for servlet [default] threw exception
	java.io.FileNotFoundException: The requested resource [/onlinebookstore/index.html] is not available
		at org.apache.catalina.servlets.DefaultServlet.serveResource(DefaultServlet.java:902)
		at org.apache.catalina.servlets.DefaultServlet.doGet(DefaultServlet.java:540)
		at javax.servlet.http.HttpServlet.service(HttpServlet.java:529)
		at org.apache.catalina.servlets.DefaultServlet.service(DefaultServlet.java:530)
		at javax.servlet.http.HttpServlet.service(HttpServlet.java:623)
		at org.apache.catalina.core.ApplicationFilterChain.internalDoFilter(ApplicationFilterChain.java:197)
		at org.apache.catalina.core.ApplicationFilterChain.doFilter(ApplicationFilterChain.java:142)
		at org.apache.catalina.core.ApplicationDispatcher.invoke(ApplicationDispatcher.java:619)
		at org.apache.catalina.core.ApplicationDispatcher.doInclude(ApplicationDispatcher.java:496)
		at org.apache.catalina.core.ApplicationDispatcher.include(ApplicationDispatcher.java:444)
		at servlets.ErrorHandlerServlet.service(ErrorHandlerServlet.java:72)
		at javax.servlet.http.HttpServlet.service(HttpServlet.java:623)
		at org.apache.catalina.core.ApplicationFilterChain.internalDoFilter(ApplicationFilterChain.java:197)
		at org.apache.catalina.core.ApplicationFilterChain.doFilter(ApplicationFilterChain.java:142)
		at org.apache.catalina.core.ApplicationDispatcher.invoke(ApplicationDispatcher.java:619)
		at org.apache.catalina.core.ApplicationDispatcher.processRequest(ApplicationDispatcher.java:401)
		at org.apache.catalina.core.ApplicationDispatcher.doForward(ApplicationDispatcher.java:338)
		at org.apache.catalina.core.ApplicationDispatcher.forward(ApplicationDispatcher.java:283)
		at org.apache.catalina.core.StandardHostValve.custom(StandardHostValve.java:392)
		at org.apache.catalina.core.StandardHostValve.status(StandardHostValve.java:220)
		at org.apache.catalina.core.StandardHostValve.invoke(StandardHostValve.java:163)
		at org.apache.catalina.valves.ErrorReportValve.invoke(ErrorReportValve.java:83)
		at org.apache.catalina.valves.AbstractAccessLogValve.invoke(AbstractAccessLogValve.java:643)
		at org.apache.catalina.core.StandardEngineValve.invoke(StandardEngineValve.java:72)
		at org.apache.catalina.connector.CoyoteAdapter.service(CoyoteAdapter.java:344)
		at org.apache.coyote.http11.Http11Processor.service(Http11Processor.java:398)
		at org.apache.coyote.AbstractProcessorLight.process(AbstractProcessorLight.java:63)
		at org.apache.coyote.AbstractProtocol$ConnectionHandler.process(AbstractProtocol.java:939)
		at org.apache.tomcat.util.net.NioEndpoint$SocketProcessor.doRun(NioEndpoint.java:1831)
		at org.apache.tomcat.util.net.SocketProcessorBase.run(SocketProcessorBase.java:52)
		at org.apache.tomcat.util.threads.ThreadPoolExecutor.runWorker(ThreadPoolExecutor.java:973)
		at org.apache.tomcat.util.threads.ThreadPoolExecutor$Worker.run(ThreadPoolExecutor.java:491)
		at org.apache.tomcat.util.threads.TaskThread$WrappingRunnable.run(TaskThread.java:63)
		at java.lang.Thread.run(Thread.java:748)
11-Jan-2026 00:21:55.153 SEVERE [http-nio-8080-exec-41] org.apache.catalina.core.ApplicationDispatcher.invoke Servlet.service() for servlet [ErrorHandlerServlet] threw exception
	java.io.FileNotFoundException: The requested resource [/onlinebookstore/index.html] is not available
		at org.apache.catalina.servlets.DefaultServlet.serveResource(DefaultServlet.java:902)
		at org.apache.catalina.servlets.DefaultServlet.doGet(DefaultServlet.java:540)
		at javax.servlet.http.HttpServlet.service(HttpServlet.java:529)
		at org.apache.catalina.servlets.DefaultServlet.service(DefaultServlet.java:530)
		at javax.servlet.http.HttpServlet.service(HttpServlet.java:623)
		at org.apache.catalina.core.ApplicationFilterChain.internalDoFilter(ApplicationFilterChain.java:197)
		at org.apache.catalina.core.ApplicationFilterChain.doFilter(ApplicationFilterChain.java:142)
		at org.apache.catalina.core.ApplicationDispatcher.invoke(ApplicationDispatcher.java:619)
		at org.apache.catalina.core.ApplicationDispatcher.doInclude(ApplicationDispatcher.java:496)
		at org.apache.catalina.core.ApplicationDispatcher.include(ApplicationDispatcher.java:444)
		at servlets.ErrorHandlerServlet.service(ErrorHandlerServlet.java:72)
		at javax.servlet.http.HttpServlet.service(HttpServlet.java:623)
		at org.apache.catalina.core.ApplicationFilterChain.internalDoFilter(ApplicationFilterChain.java:197)
		at org.apache.catalina.core.ApplicationFilterChain.doFilter(ApplicationFilterChain.java:142)
		at org.apache.catalina.core.ApplicationDispatcher.invoke(ApplicationDispatcher.java:619)
		at org.apache.catalina.core.ApplicationDispatcher.processRequest(ApplicationDispatcher.java:401)
		at org.apache.catalina.core.ApplicationDispatcher.doForward(ApplicationDispatcher.java:338)
		at org.apache.catalina.core.ApplicationDispatcher.forward(ApplicationDispatcher.java:283)
		at org.apache.catalina.core.StandardHostValve.custom(StandardHostValve.java:392)
		at org.apache.catalina.core.StandardHostValve.status(StandardHostValve.java:220)
		at org.apache.catalina.core.StandardHostValve.invoke(StandardHostValve.java:163)
		at org.apache.catalina.valves.ErrorReportValve.invoke(ErrorReportValve.java:83)
		at org.apache.catalina.valves.AbstractAccessLogValve.invoke(AbstractAccessLogValve.java:643)
		at org.apache.catalina.core.StandardEngineValve.invoke(StandardEngineValve.java:72)
		at org.apache.catalina.connector.CoyoteAdapter.service(CoyoteAdapter.java:344)
		at org.apache.coyote.http11.Http11Processor.service(Http11Processor.java:398)
		at org.apache.coyote.AbstractProcessorLight.process(AbstractProcessorLight.java:63)
		at org.apache.coyote.AbstractProtocol$ConnectionHandler.process(AbstractProtocol.java:939)
		at org.apache.tomcat.util.net.NioEndpoint$SocketProcessor.doRun(NioEndpoint.java:1831)
		at org.apache.tomcat.util.net.SocketProcessorBase.run(SocketProcessorBase.java:52)
		at org.apache.tomcat.util.threads.ThreadPoolExecutor.runWorker(ThreadPoolExecutor.java:973)
		at org.apache.tomcat.util.threads.ThreadPoolExecutor$Worker.run(ThreadPoolExecutor.java:491)
		at org.apache.tomcat.util.threads.TaskThread$WrappingRunnable.run(TaskThread.java:63)
		at java.lang.Thread.run(Thread.java:748)
11-Jan-2026 00:21:55.153 SEVERE [http-nio-8080-exec-41] org.apache.catalina.core.StandardHostValve.custom Exception Processing [ErrorPage[errorCode=404, location=/error]]
	java.io.FileNotFoundException: The requested resource [/onlinebookstore/index.html] is not available
		at org.apache.catalina.servlets.DefaultServlet.serveResource(DefaultServlet.java:902)
		at org.apache.catalina.servlets.DefaultServlet.doGet(DefaultServlet.java:540)
		at javax.servlet.http.HttpServlet.service(HttpServlet.java:529)
		at org.apache.catalina.servlets.DefaultServlet.service(DefaultServlet.java:530)
		at javax.servlet.http.HttpServlet.service(HttpServlet.java:623)
		at org.apache.catalina.core.ApplicationFilterChain.internalDoFilter(ApplicationFilterChain.java:197)
		at org.apache.catalina.core.ApplicationFilterChain.doFilter(ApplicationFilterChain.java:142)
		at org.apache.catalina.core.ApplicationDispatcher.invoke(ApplicationDispatcher.java:619)
		at org.apache.catalina.core.ApplicationDispatcher.doInclude(ApplicationDispatcher.java:496)
		at org.apache.catalina.core.ApplicationDispatcher.include(ApplicationDispatcher.java:444)
		at servlets.ErrorHandlerServlet.service(ErrorHandlerServlet.java:72)
		at javax.servlet.http.HttpServlet.service(HttpServlet.java:623)
		at org.apache.catalina.core.ApplicationFilterChain.internalDoFilter(ApplicationFilterChain.java:197)
		at org.apache.catalina.core.ApplicationFilterChain.doFilter(ApplicationFilterChain.java:142)
		at org.apache.catalina.core.ApplicationDispatcher.invoke(ApplicationDispatcher.java:619)
		at org.apache.catalina.core.ApplicationDispatcher.processRequest(ApplicationDispatcher.java:401)
		at org.apache.catalina.core.ApplicationDispatcher.doForward(ApplicationDispatcher.java:338)
		at org.apache.catalina.core.ApplicationDispatcher.forward(ApplicationDispatcher.java:283)
		at org.apache.catalina.core.StandardHostValve.custom(StandardHostValve.java:392)
		at org.apache.catalina.core.StandardHostValve.status(StandardHostValve.java:220)
		at org.apache.catalina.core.StandardHostValve.invoke(StandardHostValve.java:163)
		at org.apache.catalina.valves.ErrorReportValve.invoke(ErrorReportValve.java:83)
		at org.apache.catalina.valves.AbstractAccessLogValve.invoke(AbstractAccessLogValve.java:643)
		at org.apache.catalina.core.StandardEngineValve.invoke(StandardEngineValve.java:72)
		at org.apache.catalina.connector.CoyoteAdapter.service(CoyoteAdapter.java:344)
		at org.apache.coyote.http11.Http11Processor.service(Http11Processor.java:398)
		at org.apache.coyote.AbstractProcessorLight.process(AbstractProcessorLight.java:63)
		at org.apache.coyote.AbstractProtocol$ConnectionHandler.process(AbstractProtocol.java:939)
		at org.apache.tomcat.util.net.NioEndpoint$SocketProcessor.doRun(NioEndpoint.java:1831)
		at org.apache.tomcat.util.net.SocketProcessorBase.run(SocketProcessorBase.java:52)
		at org.apache.tomcat.util.threads.ThreadPoolExecutor.runWorker(ThreadPoolExecutor.java:973)
		at org.apache.tomcat.util.threads.ThreadPoolExecutor$Worker.run(ThreadPoolExecutor.java:491)
		at org.apache.tomcat.util.threads.TaskThread$WrappingRunnable.run(TaskThread.java:63)
		at java.lang.Thread.run(Thread.java:748)
11-Jan-2026 00:21:55.931 SEVERE [http-nio-8080-exec-44] org.apache.catalina.core.ApplicationDispatcher.invoke Servlet.service() for servlet [default] threw exception
	java.io.FileNotFoundException: The requested resource [/onlinebookstore/index.html] is not available
		at org.apache.catalina.servlets.DefaultServlet.serveResource(DefaultServlet.java:902)
		at org.apache.catalina.servlets.DefaultServlet.doGet(DefaultServlet.java:540)
		at javax.servlet.http.HttpServlet.service(HttpServlet.java:529)
		at org.apache.catalina.servlets.DefaultServlet.service(DefaultServlet.java:530)
		at javax.servlet.http.HttpServlet.service(HttpServlet.java:623)
		at org.apache.catalina.core.ApplicationFilterChain.internalDoFilter(ApplicationFilterChain.java:197)
		at org.apache.catalina.core.ApplicationFilterChain.doFilter(ApplicationFilterChain.java:142)
		at org.apache.catalina.core.ApplicationDispatcher.invoke(ApplicationDispatcher.java:619)
		at org.apache.catalina.core.ApplicationDispatcher.doInclude(ApplicationDispatcher.java:496)
		at org.apache.catalina.core.ApplicationDispatcher.include(ApplicationDispatcher.java:444)
		at servlets.ErrorHandlerServlet.service(ErrorHandlerServlet.java:72)
		at javax.servlet.http.HttpServlet.service(HttpServlet.java:623)
		at org.apache.catalina.core.ApplicationFilterChain.internalDoFilter(ApplicationFilterChain.java:197)
		at org.apache.catalina.core.ApplicationFilterChain.doFilter(ApplicationFilterChain.java:142)
		at org.apache.catalina.core.ApplicationDispatcher.invoke(ApplicationDispatcher.java:619)
		at org.apache.catalina.core.ApplicationDispatcher.processRequest(ApplicationDispatcher.java:401)
		at org.apache.catalina.core.ApplicationDispatcher.doForward(ApplicationDispatcher.java:338)
		at org.apache.catalina.core.ApplicationDispatcher.forward(ApplicationDispatcher.java:283)
		at org.apache.catalina.core.StandardHostValve.custom(StandardHostValve.java:392)
		at org.apache.catalina.core.StandardHostValve.status(StandardHostValve.java:220)
		at org.apache.catalina.core.StandardHostValve.invoke(StandardHostValve.java:163)
		at org.apache.catalina.valves.ErrorReportValve.invoke(ErrorReportValve.java:83)
		at org.apache.catalina.valves.AbstractAccessLogValve.invoke(AbstractAccessLogValve.java:643)
		at org.apache.catalina.core.StandardEngineValve.invoke(StandardEngineValve.java:72)
		at org.apache.catalina.connector.CoyoteAdapter.service(CoyoteAdapter.java:344)
		at org.apache.coyote.http11.Http11Processor.service(Http11Processor.java:398)
		at org.apache.coyote.AbstractProcessorLight.process(AbstractProcessorLight.java:63)
		at org.apache.coyote.AbstractProtocol$ConnectionHandler.process(AbstractProtocol.java:939)
		at org.apache.tomcat.util.net.NioEndpoint$SocketProcessor.doRun(NioEndpoint.java:1831)
		at org.apache.tomcat.util.net.SocketProcessorBase.run(SocketProcessorBase.java:52)
		at org.apache.tomcat.util.threads.ThreadPoolExecutor.runWorker(ThreadPoolExecutor.java:973)
		at org.apache.tomcat.util.threads.ThreadPoolExecutor$Worker.run(ThreadPoolExecutor.java:491)
		at org.apache.tomcat.util.threads.TaskThread$WrappingRunnable.run(TaskThread.java:63)
		at java.lang.Thread.run(Thread.java:748)
11-Jan-2026 00:21:55.931 SEVERE [http-nio-8080-exec-44] org.apache.catalina.core.ApplicationDispatcher.invoke Servlet.service() for servlet [ErrorHandlerServlet] threw exception
	java.io.FileNotFoundException: The requested resource [/onlinebookstore/index.html] is not available
		at org.apache.catalina.servlets.DefaultServlet.serveResource(DefaultServlet.java:902)
		at org.apache.catalina.servlets.DefaultServlet.doGet(DefaultServlet.java:540)
		at javax.servlet.http.HttpServlet.service(HttpServlet.java:529)
		at org.apache.catalina.servlets.DefaultServlet.service(DefaultServlet.java:530)
		at javax.servlet.http.HttpServlet.service(HttpServlet.java:623)
		at org.apache.catalina.core.ApplicationFilterChain.internalDoFilter(ApplicationFilterChain.java:197)
		at org.apache.catalina.core.ApplicationFilterChain.doFilter(ApplicationFilterChain.java:142)
		at org.apache.catalina.core.ApplicationDispatcher.invoke(ApplicationDispatcher.java:619)
		at org.apache.catalina.core.ApplicationDispatcher.doInclude(ApplicationDispatcher.java:496)
		at org.apache.catalina.core.ApplicationDispatcher.include(ApplicationDispatcher.java:444)
		at servlets.ErrorHandlerServlet.service(ErrorHandlerServlet.java:72)
		at javax.servlet.http.HttpServlet.service(HttpServlet.java:623)
		at org.apache.catalina.core.ApplicationFilterChain.internalDoFilter(ApplicationFilterChain.java:197)
		at org.apache.catalina.core.ApplicationFilterChain.doFilter(ApplicationFilterChain.java:142)
		at org.apache.catalina.core.ApplicationDispatcher.invoke(ApplicationDispatcher.java:619)
		at org.apache.catalina.core.ApplicationDispatcher.processRequest(ApplicationDispatcher.java:401)
		at org.apache.catalina.core.ApplicationDispatcher.doForward(ApplicationDispatcher.java:338)
		at org.apache.catalina.core.ApplicationDispatcher.forward(ApplicationDispatcher.java:283)
		at org.apache.catalina.core.StandardHostValve.custom(StandardHostValve.java:392)
		at org.apache.catalina.core.StandardHostValve.status(StandardHostValve.java:220)
		at org.apache.catalina.core.StandardHostValve.invoke(StandardHostValve.java:163)
		at org.apache.catalina.valves.ErrorReportValve.invoke(ErrorReportValve.java:83)
		at org.apache.catalina.valves.AbstractAccessLogValve.invoke(AbstractAccessLogValve.java:643)
		at org.apache.catalina.core.StandardEngineValve.invoke(StandardEngineValve.java:72)
		at org.apache.catalina.connector.CoyoteAdapter.service(CoyoteAdapter.java:344)
		at org.apache.coyote.http11.Http11Processor.service(Http11Processor.java:398)
		at org.apache.coyote.AbstractProcessorLight.process(AbstractProcessorLight.java:63)
		at org.apache.coyote.AbstractProtocol$ConnectionHandler.process(AbstractProtocol.java:939)
		at org.apache.tomcat.util.net.NioEndpoint$SocketProcessor.doRun(NioEndpoint.java:1831)
		at org.apache.tomcat.util.net.SocketProcessorBase.run(SocketProcessorBase.java:52)
		at org.apache.tomcat.util.threads.ThreadPoolExecutor.runWorker(ThreadPoolExecutor.java:973)
		at org.apache.tomcat.util.threads.ThreadPoolExecutor$Worker.run(ThreadPoolExecutor.java:491)
		at org.apache.tomcat.util.threads.TaskThread$WrappingRunnable.run(TaskThread.java:63)
		at java.lang.Thread.run(Thread.java:748)
11-Jan-2026 00:21:55.933 SEVERE [http-nio-8080-exec-44] org.apache.catalina.core.StandardHostValve.custom Exception Processing [ErrorPage[errorCode=404, location=/error]]
	java.io.FileNotFoundException: The requested resource [/onlinebookstore/index.html] is not available
		at org.apache.catalina.servlets.DefaultServlet.serveResource(DefaultServlet.java:902)
		at org.apache.catalina.servlets.DefaultServlet.doGet(DefaultServlet.java:540)
		at javax.servlet.http.HttpServlet.service(HttpServlet.java:529)
		at org.apache.catalina.servlets.DefaultServlet.service(DefaultServlet.java:530)
		at javax.servlet.http.HttpServlet.service(HttpServlet.java:623)
		at org.apache.catalina.core.ApplicationFilterChain.internalDoFilter(ApplicationFilterChain.java:197)
		at org.apache.catalina.core.ApplicationFilterChain.doFilter(ApplicationFilterChain.java:142)
		at org.apache.catalina.core.ApplicationDispatcher.invoke(ApplicationDispatcher.java:619)
		at org.apache.catalina.core.ApplicationDispatcher.doInclude(ApplicationDispatcher.java:496)
		at org.apache.catalina.core.ApplicationDispatcher.include(ApplicationDispatcher.java:444)
		at servlets.ErrorHandlerServlet.service(ErrorHandlerServlet.java:72)
		at javax.servlet.http.HttpServlet.service(HttpServlet.java:623)
		at org.apache.catalina.core.ApplicationFilterChain.internalDoFilter(ApplicationFilterChain.java:197)
		at org.apache.catalina.core.ApplicationFilterChain.doFilter(ApplicationFilterChain.java:142)
		at org.apache.catalina.core.ApplicationDispatcher.invoke(ApplicationDispatcher.java:619)
		at org.apache.catalina.core.ApplicationDispatcher.processRequest(ApplicationDispatcher.java:401)
		at org.apache.catalina.core.ApplicationDispatcher.doForward(ApplicationDispatcher.java:338)
		at org.apache.catalina.core.ApplicationDispatcher.forward(ApplicationDispatcher.java:283)
		at org.apache.catalina.core.StandardHostValve.custom(StandardHostValve.java:392)
		at org.apache.catalina.core.StandardHostValve.status(StandardHostValve.java:220)
		at org.apache.catalina.core.StandardHostValve.invoke(StandardHostValve.java:163)
		at org.apache.catalina.valves.ErrorReportValve.invoke(ErrorReportValve.java:83)
		at org.apache.catalina.valves.AbstractAccessLogValve.invoke(AbstractAccessLogValve.java:643)
		at org.apache.catalina.core.StandardEngineValve.invoke(StandardEngineValve.java:72)
		at org.apache.catalina.connector.CoyoteAdapter.service(CoyoteAdapter.java:344)
		at org.apache.coyote.http11.Http11Processor.service(Http11Processor.java:398)
		at org.apache.coyote.AbstractProcessorLight.process(AbstractProcessorLight.java:63)
		at org.apache.coyote.AbstractProtocol$ConnectionHandler.process(AbstractProtocol.java:939)
		at org.apache.tomcat.util.net.NioEndpoint$SocketProcessor.doRun(NioEndpoint.java:1831)
		at org.apache.tomcat.util.net.SocketProcessorBase.run(SocketProcessorBase.java:52)
		at org.apache.tomcat.util.threads.ThreadPoolExecutor.runWorker(ThreadPoolExecutor.java:973)
		at org.apache.tomcat.util.threads.ThreadPoolExecutor$Worker.run(ThreadPoolExecutor.java:491)
		at org.apache.tomcat.util.threads.TaskThread$WrappingRunnable.run(TaskThread.java:63)
		at java.lang.Thread.run(Thread.java:748)
11-Jan-2026 00:21:56.413 SEVERE [http-nio-8080-exec-46] org.apache.catalina.core.ApplicationDispatcher.invoke Servlet.service() for servlet [default] threw exception
	java.io.FileNotFoundException: The requested resource [/onlinebookstore/index.html] is not available
		at org.apache.catalina.servlets.DefaultServlet.serveResource(DefaultServlet.java:902)
		at org.apache.catalina.servlets.DefaultServlet.doGet(DefaultServlet.java:540)
		at javax.servlet.http.HttpServlet.service(HttpServlet.java:529)
		at org.apache.catalina.servlets.DefaultServlet.service(DefaultServlet.java:530)
		at javax.servlet.http.HttpServlet.service(HttpServlet.java:623)
		at org.apache.catalina.core.ApplicationFilterChain.internalDoFilter(ApplicationFilterChain.java:197)
		at org.apache.catalina.core.ApplicationFilterChain.doFilter(ApplicationFilterChain.java:142)
		at org.apache.catalina.core.ApplicationDispatcher.invoke(ApplicationDispatcher.java:619)
		at org.apache.catalina.core.ApplicationDispatcher.doInclude(ApplicationDispatcher.java:496)
		at org.apache.catalina.core.ApplicationDispatcher.include(ApplicationDispatcher.java:444)
		at servlets.ErrorHandlerServlet.service(ErrorHandlerServlet.java:72)
		at javax.servlet.http.HttpServlet.service(HttpServlet.java:623)
		at org.apache.catalina.core.ApplicationFilterChain.internalDoFilter(ApplicationFilterChain.java:197)
		at org.apache.catalina.core.ApplicationFilterChain.doFilter(ApplicationFilterChain.java:142)
		at org.apache.catalina.core.ApplicationDispatcher.invoke(ApplicationDispatcher.java:619)
		at org.apache.catalina.core.ApplicationDispatcher.processRequest(ApplicationDispatcher.java:401)
		at org.apache.catalina.core.ApplicationDispatcher.doForward(ApplicationDispatcher.java:338)
		at org.apache.catalina.core.ApplicationDispatcher.forward(ApplicationDispatcher.java:283)
		at org.apache.catalina.core.StandardHostValve.custom(StandardHostValve.java:392)
		at org.apache.catalina.core.StandardHostValve.status(StandardHostValve.java:220)
		at org.apache.catalina.core.StandardHostValve.invoke(StandardHostValve.java:163)
		at org.apache.catalina.valves.ErrorReportValve.invoke(ErrorReportValve.java:83)
		at org.apache.catalina.valves.AbstractAccessLogValve.invoke(AbstractAccessLogValve.java:643)
		at org.apache.catalina.core.StandardEngineValve.invoke(StandardEngineValve.java:72)
		at org.apache.catalina.connector.CoyoteAdapter.service(CoyoteAdapter.java:344)
		at org.apache.coyote.http11.Http11Processor.service(Http11Processor.java:398)
		at org.apache.coyote.AbstractProcessorLight.process(AbstractProcessorLight.java:63)
		at org.apache.coyote.AbstractProtocol$ConnectionHandler.process(AbstractProtocol.java:939)
		at org.apache.tomcat.util.net.NioEndpoint$SocketProcessor.doRun(NioEndpoint.java:1831)
		at org.apache.tomcat.util.net.SocketProcessorBase.run(SocketProcessorBase.java:52)
		at org.apache.tomcat.util.threads.ThreadPoolExecutor.runWorker(ThreadPoolExecutor.java:973)
		at org.apache.tomcat.util.threads.ThreadPoolExecutor$Worker.run(ThreadPoolExecutor.java:491)
		at org.apache.tomcat.util.threads.TaskThread$WrappingRunnable.run(TaskThread.java:63)
		at java.lang.Thread.run(Thread.java:748)
11-Jan-2026 00:21:56.415 SEVERE [http-nio-8080-exec-46] org.apache.catalina.core.ApplicationDispatcher.invoke Servlet.service() for servlet [ErrorHandlerServlet] threw exception
	java.io.FileNotFoundException: The requested resource [/onlinebookstore/index.html] is not available
		at org.apache.catalina.servlets.DefaultServlet.serveResource(DefaultServlet.java:902)
		at org.apache.catalina.servlets.DefaultServlet.doGet(DefaultServlet.java:540)
		at javax.servlet.http.HttpServlet.service(HttpServlet.java:529)
		at org.apache.catalina.servlets.DefaultServlet.service(DefaultServlet.java:530)
		at javax.servlet.http.HttpServlet.service(HttpServlet.java:623)
		at org.apache.catalina.core.ApplicationFilterChain.internalDoFilter(ApplicationFilterChain.java:197)
		at org.apache.catalina.core.ApplicationFilterChain.doFilter(ApplicationFilterChain.java:142)
		at org.apache.catalina.core.ApplicationDispatcher.invoke(ApplicationDispatcher.java:619)
		at org.apache.catalina.core.ApplicationDispatcher.doInclude(ApplicationDispatcher.java:496)
		at org.apache.catalina.core.ApplicationDispatcher.include(ApplicationDispatcher.java:444)
		at servlets.ErrorHandlerServlet.service(ErrorHandlerServlet.java:72)
		at javax.servlet.http.HttpServlet.service(HttpServlet.java:623)
		at org.apache.catalina.core.ApplicationFilterChain.internalDoFilter(ApplicationFilterChain.java:197)
		at org.apache.catalina.core.ApplicationFilterChain.doFilter(ApplicationFilterChain.java:142)
		at org.apache.catalina.core.ApplicationDispatcher.invoke(ApplicationDispatcher.java:619)
		at org.apache.catalina.core.ApplicationDispatcher.processRequest(ApplicationDispatcher.java:401)
		at org.apache.catalina.core.ApplicationDispatcher.doForward(ApplicationDispatcher.java:338)
		at org.apache.catalina.core.ApplicationDispatcher.forward(ApplicationDispatcher.java:283)
		at org.apache.catalina.core.StandardHostValve.custom(StandardHostValve.java:392)
		at org.apache.catalina.core.StandardHostValve.status(StandardHostValve.java:220)
		at org.apache.catalina.core.StandardHostValve.invoke(StandardHostValve.java:163)
		at org.apache.catalina.valves.ErrorReportValve.invoke(ErrorReportValve.java:83)
		at org.apache.catalina.valves.AbstractAccessLogValve.invoke(AbstractAccessLogValve.java:643)
		at org.apache.catalina.core.StandardEngineValve.invoke(StandardEngineValve.java:72)
		at org.apache.catalina.connector.CoyoteAdapter.service(CoyoteAdapter.java:344)
		at org.apache.coyote.http11.Http11Processor.service(Http11Processor.java:398)
		at org.apache.coyote.AbstractProcessorLight.process(AbstractProcessorLight.java:63)
		at org.apache.coyote.AbstractProtocol$ConnectionHandler.process(AbstractProtocol.java:939)
		at org.apache.tomcat.util.net.NioEndpoint$SocketProcessor.doRun(NioEndpoint.java:1831)
		at org.apache.tomcat.util.net.SocketProcessorBase.run(SocketProcessorBase.java:52)
		at org.apache.tomcat.util.threads.ThreadPoolExecutor.runWorker(ThreadPoolExecutor.java:973)
		at org.apache.tomcat.util.threads.ThreadPoolExecutor$Worker.run(ThreadPoolExecutor.java:491)
		at org.apache.tomcat.util.threads.TaskThread$WrappingRunnable.run(TaskThread.java:63)
		at java.lang.Thread.run(Thread.java:748)
11-Jan-2026 00:21:56.415 SEVERE [http-nio-8080-exec-46] org.apache.catalina.core.StandardHostValve.custom Exception Processing [ErrorPage[errorCode=404, location=/error]]
	java.io.FileNotFoundException: The requested resource [/onlinebookstore/index.html] is not available
		at org.apache.catalina.servlets.DefaultServlet.serveResource(DefaultServlet.java:902)
		at org.apache.catalina.servlets.DefaultServlet.doGet(DefaultServlet.java:540)
		at javax.servlet.http.HttpServlet.service(HttpServlet.java:529)
		at org.apache.catalina.servlets.DefaultServlet.service(DefaultServlet.java:530)
		at javax.servlet.http.HttpServlet.service(HttpServlet.java:623)
		at org.apache.catalina.core.ApplicationFilterChain.internalDoFilter(ApplicationFilterChain.java:197)
		at org.apache.catalina.core.ApplicationFilterChain.doFilter(ApplicationFilterChain.java:142)
		at org.apache.catalina.core.ApplicationDispatcher.invoke(ApplicationDispatcher.java:619)
		at org.apache.catalina.core.ApplicationDispatcher.doInclude(ApplicationDispatcher.java:496)
		at org.apache.catalina.core.ApplicationDispatcher.include(ApplicationDispatcher.java:444)
		at servlets.ErrorHandlerServlet.service(ErrorHandlerServlet.java:72)
		at javax.servlet.http.HttpServlet.service(HttpServlet.java:623)
		at org.apache.catalina.core.ApplicationFilterChain.internalDoFilter(ApplicationFilterChain.java:197)
		at org.apache.catalina.core.ApplicationFilterChain.doFilter(ApplicationFilterChain.java:142)
		at org.apache.catalina.core.ApplicationDispatcher.invoke(ApplicationDispatcher.java:619)
		at org.apache.catalina.core.ApplicationDispatcher.processRequest(ApplicationDispatcher.java:401)
		at org.apache.catalina.core.ApplicationDispatcher.doForward(ApplicationDispatcher.java:338)
		at org.apache.catalina.core.ApplicationDispatcher.forward(ApplicationDispatcher.java:283)
		at org.apache.catalina.core.StandardHostValve.custom(StandardHostValve.java:392)
		at org.apache.catalina.core.StandardHostValve.status(StandardHostValve.java:220)
		at org.apache.catalina.core.StandardHostValve.invoke(StandardHostValve.java:163)
		at org.apache.catalina.valves.ErrorReportValve.invoke(ErrorReportValve.java:83)
		at org.apache.catalina.valves.AbstractAccessLogValve.invoke(AbstractAccessLogValve.java:643)
		at org.apache.catalina.core.StandardEngineValve.invoke(StandardEngineValve.java:72)
		at org.apache.catalina.connector.CoyoteAdapter.service(CoyoteAdapter.java:344)
		at org.apache.coyote.http11.Http11Processor.service(Http11Processor.java:398)
		at org.apache.coyote.AbstractProcessorLight.process(AbstractProcessorLight.java:63)
		at org.apache.coyote.AbstractProtocol$ConnectionHandler.process(AbstractProtocol.java:939)
		at org.apache.tomcat.util.net.NioEndpoint$SocketProcessor.doRun(NioEndpoint.java:1831)
		at org.apache.tomcat.util.net.SocketProcessorBase.run(SocketProcessorBase.java:52)
		at org.apache.tomcat.util.threads.ThreadPoolExecutor.runWorker(ThreadPoolExecutor.java:973)
		at org.apache.tomcat.util.threads.ThreadPoolExecutor$Worker.run(ThreadPoolExecutor.java:491)
		at org.apache.tomcat.util.threads.TaskThread$WrappingRunnable.run(TaskThread.java:63)
		at java.lang.Thread.run(Thread.java:748)
11-Jan-2026 15:52:16.874 INFO [main] org.apache.catalina.core.ApplicationContext.log ContextListener: contextInitialized()
11-Jan-2026 15:52:16.874 INFO [main] org.apache.catalina.core.ApplicationContext.log SessionListener: contextInitialized()
11-Jan-2026 15:52:16.876 INFO [main] org.apache.catalina.core.ApplicationContext.log ContextListener: attributeAdded('StockTicker', 'async.Stockticker@77c7ed8e')
11-Jan-2026 16:50:18.023 SEVERE [http-nio-8080-exec-5] org.apache.catalina.core.ApplicationDispatcher.invoke Servlet.service() for servlet [default] threw exception
	java.io.FileNotFoundException: The requested resource [/onlinebookstore/index.html] is not available
		at org.apache.catalina.servlets.DefaultServlet.serveResource(DefaultServlet.java:902)
		at org.apache.catalina.servlets.DefaultServlet.doGet(DefaultServlet.java:540)
		at javax.servlet.http.HttpServlet.service(HttpServlet.java:529)
		at org.apache.catalina.servlets.DefaultServlet.service(DefaultServlet.java:530)
		at javax.servlet.http.HttpServlet.service(HttpServlet.java:623)
		at org.apache.catalina.core.ApplicationFilterChain.internalDoFilter(ApplicationFilterChain.java:197)
		at org.apache.catalina.core.ApplicationFilterChain.doFilter(ApplicationFilterChain.java:142)
		at org.apache.catalina.core.ApplicationDispatcher.invoke(ApplicationDispatcher.java:619)
		at org.apache.catalina.core.ApplicationDispatcher.doInclude(ApplicationDispatcher.java:496)
		at org.apache.catalina.core.ApplicationDispatcher.include(ApplicationDispatcher.java:444)
		at servlets.ErrorHandlerServlet.service(ErrorHandlerServlet.java:72)
		at javax.servlet.http.HttpServlet.service(HttpServlet.java:623)
		at org.apache.catalina.core.ApplicationFilterChain.internalDoFilter(ApplicationFilterChain.java:197)
		at org.apache.catalina.core.ApplicationFilterChain.doFilter(ApplicationFilterChain.java:142)
		at org.apache.catalina.core.ApplicationDispatcher.invoke(ApplicationDispatcher.java:619)
		at org.apache.catalina.core.ApplicationDispatcher.processRequest(ApplicationDispatcher.java:401)
		at org.apache.catalina.core.ApplicationDispatcher.doForward(ApplicationDispatcher.java:338)
		at org.apache.catalina.core.ApplicationDispatcher.forward(ApplicationDispatcher.java:283)
		at org.apache.catalina.core.StandardHostValve.custom(StandardHostValve.java:392)
		at org.apache.catalina.core.StandardHostValve.status(StandardHostValve.java:220)
		at org.apache.catalina.core.StandardHostValve.invoke(StandardHostValve.java:163)
		at org.apache.catalina.valves.ErrorReportValve.invoke(ErrorReportValve.java:83)
		at org.apache.catalina.valves.AbstractAccessLogValve.invoke(AbstractAccessLogValve.java:643)
		at org.apache.catalina.core.StandardEngineValve.invoke(StandardEngineValve.java:72)
		at org.apache.catalina.connector.CoyoteAdapter.service(CoyoteAdapter.java:344)
		at org.apache.coyote.http11.Http11Processor.service(Http11Processor.java:398)
		at org.apache.coyote.AbstractProcessorLight.process(AbstractProcessorLight.java:63)
		at org.apache.coyote.AbstractProtocol$ConnectionHandler.process(AbstractProtocol.java:939)
		at org.apache.tomcat.util.net.NioEndpoint$SocketProcessor.doRun(NioEndpoint.java:1831)
		at org.apache.tomcat.util.net.SocketProcessorBase.run(SocketProcessorBase.java:52)
		at org.apache.tomcat.util.threads.ThreadPoolExecutor.runWorker(ThreadPoolExecutor.java:973)
		at org.apache.tomcat.util.threads.ThreadPoolExecutor$Worker.run(ThreadPoolExecutor.java:491)
		at org.apache.tomcat.util.threads.TaskThread$WrappingRunnable.run(TaskThread.java:63)
		at java.lang.Thread.run(Thread.java:748)
11-Jan-2026 16:50:18.023 SEVERE [http-nio-8080-exec-5] org.apache.catalina.core.ApplicationDispatcher.invoke Servlet.service() for servlet [ErrorHandlerServlet] threw exception
	java.io.FileNotFoundException: The requested resource [/onlinebookstore/index.html] is not available
		at org.apache.catalina.servlets.DefaultServlet.serveResource(DefaultServlet.java:902)
		at org.apache.catalina.servlets.DefaultServlet.doGet(DefaultServlet.java:540)
		at javax.servlet.http.HttpServlet.service(HttpServlet.java:529)
		at org.apache.catalina.servlets.DefaultServlet.service(DefaultServlet.java:530)
		at javax.servlet.http.HttpServlet.service(HttpServlet.java:623)
		at org.apache.catalina.core.ApplicationFilterChain.internalDoFilter(ApplicationFilterChain.java:197)
		at org.apache.catalina.core.ApplicationFilterChain.doFilter(ApplicationFilterChain.java:142)
		at org.apache.catalina.core.ApplicationDispatcher.invoke(ApplicationDispatcher.java:619)
		at org.apache.catalina.core.ApplicationDispatcher.doInclude(ApplicationDispatcher.java:496)
		at org.apache.catalina.core.ApplicationDispatcher.include(ApplicationDispatcher.java:444)
		at servlets.ErrorHandlerServlet.service(ErrorHandlerServlet.java:72)
		at javax.servlet.http.HttpServlet.service(HttpServlet.java:623)
		at org.apache.catalina.core.ApplicationFilterChain.internalDoFilter(ApplicationFilterChain.java:197)
		at org.apache.catalina.core.ApplicationFilterChain.doFilter(ApplicationFilterChain.java:142)
		at org.apache.catalina.core.ApplicationDispatcher.invoke(ApplicationDispatcher.java:619)
		at org.apache.catalina.core.ApplicationDispatcher.processRequest(ApplicationDispatcher.java:401)
		at org.apache.catalina.core.ApplicationDispatcher.doForward(ApplicationDispatcher.java:338)
		at org.apache.catalina.core.ApplicationDispatcher.forward(ApplicationDispatcher.java:283)
		at org.apache.catalina.core.StandardHostValve.custom(StandardHostValve.java:392)
		at org.apache.catalina.core.StandardHostValve.status(StandardHostValve.java:220)
		at org.apache.catalina.core.StandardHostValve.invoke(StandardHostValve.java:163)
		at org.apache.catalina.valves.ErrorReportValve.invoke(ErrorReportValve.java:83)
		at org.apache.catalina.valves.AbstractAccessLogValve.invoke(AbstractAccessLogValve.java:643)
		at org.apache.catalina.core.StandardEngineValve.invoke(StandardEngineValve.java:72)
		at org.apache.catalina.connector.CoyoteAdapter.service(CoyoteAdapter.java:344)
		at org.apache.coyote.http11.Http11Processor.service(Http11Processor.java:398)
		at org.apache.coyote.AbstractProcessorLight.process(AbstractProcessorLight.java:63)
		at org.apache.coyote.AbstractProtocol$ConnectionHandler.process(AbstractProtocol.java:939)
		at org.apache.tomcat.util.net.NioEndpoint$SocketProcessor.doRun(NioEndpoint.java:1831)
		at org.apache.tomcat.util.net.SocketProcessorBase.run(SocketProcessorBase.java:52)
		at org.apache.tomcat.util.threads.ThreadPoolExecutor.runWorker(ThreadPoolExecutor.java:973)
		at org.apache.tomcat.util.threads.ThreadPoolExecutor$Worker.run(ThreadPoolExecutor.java:491)
		at org.apache.tomcat.util.threads.TaskThread$WrappingRunnable.run(TaskThread.java:63)
		at java.lang.Thread.run(Thread.java:748)
11-Jan-2026 16:50:18.023 SEVERE [http-nio-8080-exec-5] org.apache.catalina.core.StandardHostValve.custom Exception Processing [ErrorPage[errorCode=404, location=/error]]
	java.io.FileNotFoundException: The requested resource [/onlinebookstore/index.html] is not available
		at org.apache.catalina.servlets.DefaultServlet.serveResource(DefaultServlet.java:902)
		at org.apache.catalina.servlets.DefaultServlet.doGet(DefaultServlet.java:540)
		at javax.servlet.http.HttpServlet.service(HttpServlet.java:529)
		at org.apache.catalina.servlets.DefaultServlet.service(DefaultServlet.java:530)
		at javax.servlet.http.HttpServlet.service(HttpServlet.java:623)
		at org.apache.catalina.core.ApplicationFilterChain.internalDoFilter(ApplicationFilterChain.java:197)
		at org.apache.catalina.core.ApplicationFilterChain.doFilter(ApplicationFilterChain.java:142)
		at org.apache.catalina.core.ApplicationDispatcher.invoke(ApplicationDispatcher.java:619)
		at org.apache.catalina.core.ApplicationDispatcher.doInclude(ApplicationDispatcher.java:496)
		at org.apache.catalina.core.ApplicationDispatcher.include(ApplicationDispatcher.java:444)
		at servlets.ErrorHandlerServlet.service(ErrorHandlerServlet.java:72)
		at javax.servlet.http.HttpServlet.service(HttpServlet.java:623)
		at org.apache.catalina.core.ApplicationFilterChain.internalDoFilter(ApplicationFilterChain.java:197)
		at org.apache.catalina.core.ApplicationFilterChain.doFilter(ApplicationFilterChain.java:142)
		at org.apache.catalina.core.ApplicationDispatcher.invoke(ApplicationDispatcher.java:619)
		at org.apache.catalina.core.ApplicationDispatcher.processRequest(ApplicationDispatcher.java:401)
		at org.apache.catalina.core.ApplicationDispatcher.doForward(ApplicationDispatcher.java:338)
		at org.apache.catalina.core.ApplicationDispatcher.forward(ApplicationDispatcher.java:283)
		at org.apache.catalina.core.StandardHostValve.custom(StandardHostValve.java:392)
		at org.apache.catalina.core.StandardHostValve.status(StandardHostValve.java:220)
		at org.apache.catalina.core.StandardHostValve.invoke(StandardHostValve.java:163)
		at org.apache.catalina.valves.ErrorReportValve.invoke(ErrorReportValve.java:83)
		at org.apache.catalina.valves.AbstractAccessLogValve.invoke(AbstractAccessLogValve.java:643)
		at org.apache.catalina.core.StandardEngineValve.invoke(StandardEngineValve.java:72)
		at org.apache.catalina.connector.CoyoteAdapter.service(CoyoteAdapter.java:344)
		at org.apache.coyote.http11.Http11Processor.service(Http11Processor.java:398)
		at org.apache.coyote.AbstractProcessorLight.process(AbstractProcessorLight.java:63)
		at org.apache.coyote.AbstractProtocol$ConnectionHandler.process(AbstractProtocol.java:939)
		at org.apache.tomcat.util.net.NioEndpoint$SocketProcessor.doRun(NioEndpoint.java:1831)
		at org.apache.tomcat.util.net.SocketProcessorBase.run(SocketProcessorBase.java:52)
		at org.apache.tomcat.util.threads.ThreadPoolExecutor.runWorker(ThreadPoolExecutor.java:973)
		at org.apache.tomcat.util.threads.ThreadPoolExecutor$Worker.run(ThreadPoolExecutor.java:491)
		at org.apache.tomcat.util.threads.TaskThread$WrappingRunnable.run(TaskThread.java:63)
		at java.lang.Thread.run(Thread.java:748)
11-Jan-2026 16:50:18.233 SEVERE [http-nio-8080-exec-8] org.apache.catalina.core.ApplicationDispatcher.invoke Servlet.service() for servlet [default] threw exception
	java.io.FileNotFoundException: The requested resource [/onlinebookstore/index.html] is not available
		at org.apache.catalina.servlets.DefaultServlet.serveResource(DefaultServlet.java:902)
		at org.apache.catalina.servlets.DefaultServlet.doGet(DefaultServlet.java:540)
		at javax.servlet.http.HttpServlet.service(HttpServlet.java:529)
		at org.apache.catalina.servlets.DefaultServlet.service(DefaultServlet.java:530)
		at javax.servlet.http.HttpServlet.service(HttpServlet.java:623)
		at org.apache.catalina.core.ApplicationFilterChain.internalDoFilter(ApplicationFilterChain.java:197)
		at org.apache.catalina.core.ApplicationFilterChain.doFilter(ApplicationFilterChain.java:142)
		at org.apache.catalina.core.ApplicationDispatcher.invoke(ApplicationDispatcher.java:619)
		at org.apache.catalina.core.ApplicationDispatcher.doInclude(ApplicationDispatcher.java:496)
		at org.apache.catalina.core.ApplicationDispatcher.include(ApplicationDispatcher.java:444)
		at servlets.ErrorHandlerServlet.service(ErrorHandlerServlet.java:72)
		at javax.servlet.http.HttpServlet.service(HttpServlet.java:623)
		at org.apache.catalina.core.ApplicationFilterChain.internalDoFilter(ApplicationFilterChain.java:197)
		at org.apache.catalina.core.ApplicationFilterChain.doFilter(ApplicationFilterChain.java:142)
		at org.apache.catalina.core.ApplicationDispatcher.invoke(ApplicationDispatcher.java:619)
		at org.apache.catalina.core.ApplicationDispatcher.processRequest(ApplicationDispatcher.java:401)
		at org.apache.catalina.core.ApplicationDispatcher.doForward(ApplicationDispatcher.java:338)
		at org.apache.catalina.core.ApplicationDispatcher.forward(ApplicationDispatcher.java:283)
		at org.apache.catalina.core.StandardHostValve.custom(StandardHostValve.java:392)
		at org.apache.catalina.core.StandardHostValve.status(StandardHostValve.java:220)
		at org.apache.catalina.core.StandardHostValve.invoke(StandardHostValve.java:163)
		at org.apache.catalina.valves.ErrorReportValve.invoke(ErrorReportValve.java:83)
		at org.apache.catalina.valves.AbstractAccessLogValve.invoke(AbstractAccessLogValve.java:643)
		at org.apache.catalina.core.StandardEngineValve.invoke(StandardEngineValve.java:72)
		at org.apache.catalina.connector.CoyoteAdapter.service(CoyoteAdapter.java:344)
		at org.apache.coyote.http11.Http11Processor.service(Http11Processor.java:398)
		at org.apache.coyote.AbstractProcessorLight.process(AbstractProcessorLight.java:63)
		at org.apache.coyote.AbstractProtocol$ConnectionHandler.process(AbstractProtocol.java:939)
		at org.apache.tomcat.util.net.NioEndpoint$SocketProcessor.doRun(NioEndpoint.java:1831)
		at org.apache.tomcat.util.net.SocketProcessorBase.run(SocketProcessorBase.java:52)
		at org.apache.tomcat.util.threads.ThreadPoolExecutor.runWorker(ThreadPoolExecutor.java:973)
		at org.apache.tomcat.util.threads.ThreadPoolExecutor$Worker.run(ThreadPoolExecutor.java:491)
		at org.apache.tomcat.util.threads.TaskThread$WrappingRunnable.run(TaskThread.java:63)
		at java.lang.Thread.run(Thread.java:748)
11-Jan-2026 16:50:18.233 SEVERE [http-nio-8080-exec-8] org.apache.catalina.core.ApplicationDispatcher.invoke Servlet.service() for servlet [ErrorHandlerServlet] threw exception
	java.io.FileNotFoundException: The requested resource [/onlinebookstore/index.html] is not available
		at org.apache.catalina.servlets.DefaultServlet.serveResource(DefaultServlet.java:902)
		at org.apache.catalina.servlets.DefaultServlet.doGet(DefaultServlet.java:540)
		at javax.servlet.http.HttpServlet.service(HttpServlet.java:529)
		at org.apache.catalina.servlets.DefaultServlet.service(DefaultServlet.java:530)
		at javax.servlet.http.HttpServlet.service(HttpServlet.java:623)
		at org.apache.catalina.core.ApplicationFilterChain.internalDoFilter(ApplicationFilterChain.java:197)
		at org.apache.catalina.core.ApplicationFilterChain.doFilter(ApplicationFilterChain.java:142)
		at org.apache.catalina.core.ApplicationDispatcher.invoke(ApplicationDispatcher.java:619)
		at org.apache.catalina.core.ApplicationDispatcher.doInclude(ApplicationDispatcher.java:496)
		at org.apache.catalina.core.ApplicationDispatcher.include(ApplicationDispatcher.java:444)
		at servlets.ErrorHandlerServlet.service(ErrorHandlerServlet.java:72)
		at javax.servlet.http.HttpServlet.service(HttpServlet.java:623)
		at org.apache.catalina.core.ApplicationFilterChain.internalDoFilter(ApplicationFilterChain.java:197)
		at org.apache.catalina.core.ApplicationFilterChain.doFilter(ApplicationFilterChain.java:142)
		at org.apache.catalina.core.ApplicationDispatcher.invoke(ApplicationDispatcher.java:619)
		at org.apache.catalina.core.ApplicationDispatcher.processRequest(ApplicationDispatcher.java:401)
		at org.apache.catalina.core.ApplicationDispatcher.doForward(ApplicationDispatcher.java:338)
		at org.apache.catalina.core.ApplicationDispatcher.forward(ApplicationDispatcher.java:283)
		at org.apache.catalina.core.StandardHostValve.custom(StandardHostValve.java:392)
		at org.apache.catalina.core.StandardHostValve.status(StandardHostValve.java:220)
		at org.apache.catalina.core.StandardHostValve.invoke(StandardHostValve.java:163)
		at org.apache.catalina.valves.ErrorReportValve.invoke(ErrorReportValve.java:83)
		at org.apache.catalina.valves.AbstractAccessLogValve.invoke(AbstractAccessLogValve.java:643)
		at org.apache.catalina.core.StandardEngineValve.invoke(StandardEngineValve.java:72)
		at org.apache.catalina.connector.CoyoteAdapter.service(CoyoteAdapter.java:344)
		at org.apache.coyote.http11.Http11Processor.service(Http11Processor.java:398)
		at org.apache.coyote.AbstractProcessorLight.process(AbstractProcessorLight.java:63)
		at org.apache.coyote.AbstractProtocol$ConnectionHandler.process(AbstractProtocol.java:939)
		at org.apache.tomcat.util.net.NioEndpoint$SocketProcessor.doRun(NioEndpoint.java:1831)
		at org.apache.tomcat.util.net.SocketProcessorBase.run(SocketProcessorBase.java:52)
		at org.apache.tomcat.util.threads.ThreadPoolExecutor.runWorker(ThreadPoolExecutor.java:973)
		at org.apache.tomcat.util.threads.ThreadPoolExecutor$Worker.run(ThreadPoolExecutor.java:491)
		at org.apache.tomcat.util.threads.TaskThread$WrappingRunnable.run(TaskThread.java:63)
		at java.lang.Thread.run(Thread.java:748)
11-Jan-2026 16:50:18.233 SEVERE [http-nio-8080-exec-8] org.apache.catalina.core.StandardHostValve.custom Exception Processing [ErrorPage[errorCode=404, location=/error]]
	java.io.FileNotFoundException: The requested resource [/onlinebookstore/index.html] is not available
		at org.apache.catalina.servlets.DefaultServlet.serveResource(DefaultServlet.java:902)
		at org.apache.catalina.servlets.DefaultServlet.doGet(DefaultServlet.java:540)
		at javax.servlet.http.HttpServlet.service(HttpServlet.java:529)
		at org.apache.catalina.servlets.DefaultServlet.service(DefaultServlet.java:530)
		at javax.servlet.http.HttpServlet.service(HttpServlet.java:623)
		at org.apache.catalina.core.ApplicationFilterChain.internalDoFilter(ApplicationFilterChain.java:197)
		at org.apache.catalina.core.ApplicationFilterChain.doFilter(ApplicationFilterChain.java:142)
		at org.apache.catalina.core.ApplicationDispatcher.invoke(ApplicationDispatcher.java:619)
		at org.apache.catalina.core.ApplicationDispatcher.doInclude(ApplicationDispatcher.java:496)
		at org.apache.catalina.core.ApplicationDispatcher.include(ApplicationDispatcher.java:444)
		at servlets.ErrorHandlerServlet.service(ErrorHandlerServlet.java:72)
		at javax.servlet.http.HttpServlet.service(HttpServlet.java:623)
		at org.apache.catalina.core.ApplicationFilterChain.internalDoFilter(ApplicationFilterChain.java:197)
		at org.apache.catalina.core.ApplicationFilterChain.doFilter(ApplicationFilterChain.java:142)
		at org.apache.catalina.core.ApplicationDispatcher.invoke(ApplicationDispatcher.java:619)
		at org.apache.catalina.core.ApplicationDispatcher.processRequest(ApplicationDispatcher.java:401)
		at org.apache.catalina.core.ApplicationDispatcher.doForward(ApplicationDispatcher.java:338)
		at org.apache.catalina.core.ApplicationDispatcher.forward(ApplicationDispatcher.java:283)
		at org.apache.catalina.core.StandardHostValve.custom(StandardHostValve.java:392)
		at org.apache.catalina.core.StandardHostValve.status(StandardHostValve.java:220)
		at org.apache.catalina.core.StandardHostValve.invoke(StandardHostValve.java:163)
		at org.apache.catalina.valves.ErrorReportValve.invoke(ErrorReportValve.java:83)
		at org.apache.catalina.valves.AbstractAccessLogValve.invoke(AbstractAccessLogValve.java:643)
		at org.apache.catalina.core.StandardEngineValve.invoke(StandardEngineValve.java:72)
		at org.apache.catalina.connector.CoyoteAdapter.service(CoyoteAdapter.java:344)
		at org.apache.coyote.http11.Http11Processor.service(Http11Processor.java:398)
		at org.apache.coyote.AbstractProcessorLight.process(AbstractProcessorLight.java:63)
		at org.apache.coyote.AbstractProtocol$ConnectionHandler.process(AbstractProtocol.java:939)
		at org.apache.tomcat.util.net.NioEndpoint$SocketProcessor.doRun(NioEndpoint.java:1831)
		at org.apache.tomcat.util.net.SocketProcessorBase.run(SocketProcessorBase.java:52)
		at org.apache.tomcat.util.threads.ThreadPoolExecutor.runWorker(ThreadPoolExecutor.java:973)
		at org.apache.tomcat.util.threads.ThreadPoolExecutor$Worker.run(ThreadPoolExecutor.java:491)
		at org.apache.tomcat.util.threads.TaskThread$WrappingRunnable.run(TaskThread.java:63)
		at java.lang.Thread.run(Thread.java:748)
11-Jan-2026 16:50:18.418 SEVERE [http-nio-8080-exec-2] org.apache.catalina.core.ApplicationDispatcher.invoke Servlet.service() for servlet [default] threw exception
	java.io.FileNotFoundException: The requested resource [/onlinebookstore/index.html] is not available
		at org.apache.catalina.servlets.DefaultServlet.serveResource(DefaultServlet.java:902)
		at org.apache.catalina.servlets.DefaultServlet.doGet(DefaultServlet.java:540)
		at javax.servlet.http.HttpServlet.service(HttpServlet.java:529)
		at org.apache.catalina.servlets.DefaultServlet.service(DefaultServlet.java:530)
		at javax.servlet.http.HttpServlet.service(HttpServlet.java:623)
		at org.apache.catalina.core.ApplicationFilterChain.internalDoFilter(ApplicationFilterChain.java:197)
		at org.apache.catalina.core.ApplicationFilterChain.doFilter(ApplicationFilterChain.java:142)
		at org.apache.catalina.core.ApplicationDispatcher.invoke(ApplicationDispatcher.java:619)
		at org.apache.catalina.core.ApplicationDispatcher.doInclude(ApplicationDispatcher.java:496)
		at org.apache.catalina.core.ApplicationDispatcher.include(ApplicationDispatcher.java:444)
		at servlets.ErrorHandlerServlet.service(ErrorHandlerServlet.java:72)
		at javax.servlet.http.HttpServlet.service(HttpServlet.java:623)
		at org.apache.catalina.core.ApplicationFilterChain.internalDoFilter(ApplicationFilterChain.java:197)
		at org.apache.catalina.core.ApplicationFilterChain.doFilter(ApplicationFilterChain.java:142)
		at org.apache.catalina.core.ApplicationDispatcher.invoke(ApplicationDispatcher.java:619)
		at org.apache.catalina.core.ApplicationDispatcher.processRequest(ApplicationDispatcher.java:401)
		at org.apache.catalina.core.ApplicationDispatcher.doForward(ApplicationDispatcher.java:338)
		at org.apache.catalina.core.ApplicationDispatcher.forward(ApplicationDispatcher.java:283)
		at org.apache.catalina.core.StandardHostValve.custom(StandardHostValve.java:392)
		at org.apache.catalina.core.StandardHostValve.status(StandardHostValve.java:220)
		at org.apache.catalina.core.StandardHostValve.invoke(StandardHostValve.java:163)
		at org.apache.catalina.valves.ErrorReportValve.invoke(ErrorReportValve.java:83)
		at org.apache.catalina.valves.AbstractAccessLogValve.invoke(AbstractAccessLogValve.java:643)
		at org.apache.catalina.core.StandardEngineValve.invoke(StandardEngineValve.java:72)
		at org.apache.catalina.connector.CoyoteAdapter.service(CoyoteAdapter.java:344)
		at org.apache.coyote.http11.Http11Processor.service(Http11Processor.java:398)
		at org.apache.coyote.AbstractProcessorLight.process(AbstractProcessorLight.java:63)
		at org.apache.coyote.AbstractProtocol$ConnectionHandler.process(AbstractProtocol.java:939)
		at org.apache.tomcat.util.net.NioEndpoint$SocketProcessor.doRun(NioEndpoint.java:1831)
		at org.apache.tomcat.util.net.SocketProcessorBase.run(SocketProcessorBase.java:52)
		at org.apache.tomcat.util.threads.ThreadPoolExecutor.runWorker(ThreadPoolExecutor.java:973)
		at org.apache.tomcat.util.threads.ThreadPoolExecutor$Worker.run(ThreadPoolExecutor.java:491)
		at org.apache.tomcat.util.threads.TaskThread$WrappingRunnable.run(TaskThread.java:63)
		at java.lang.Thread.run(Thread.java:748)
11-Jan-2026 16:50:18.418 SEVERE [http-nio-8080-exec-2] org.apache.catalina.core.ApplicationDispatcher.invoke Servlet.service() for servlet [ErrorHandlerServlet] threw exception
	java.io.FileNotFoundException: The requested resource [/onlinebookstore/index.html] is not available
		at org.apache.catalina.servlets.DefaultServlet.serveResource(DefaultServlet.java:902)
		at org.apache.catalina.servlets.DefaultServlet.doGet(DefaultServlet.java:540)
		at javax.servlet.http.HttpServlet.service(HttpServlet.java:529)
		at org.apache.catalina.servlets.DefaultServlet.service(DefaultServlet.java:530)
		at javax.servlet.http.HttpServlet.service(HttpServlet.java:623)
		at org.apache.catalina.core.ApplicationFilterChain.internalDoFilter(ApplicationFilterChain.java:197)
		at org.apache.catalina.core.ApplicationFilterChain.doFilter(ApplicationFilterChain.java:142)
		at org.apache.catalina.core.ApplicationDispatcher.invoke(ApplicationDispatcher.java:619)
		at org.apache.catalina.core.ApplicationDispatcher.doInclude(ApplicationDispatcher.java:496)
		at org.apache.catalina.core.ApplicationDispatcher.include(ApplicationDispatcher.java:444)
		at servlets.ErrorHandlerServlet.service(ErrorHandlerServlet.java:72)
		at javax.servlet.http.HttpServlet.service(HttpServlet.java:623)
		at org.apache.catalina.core.ApplicationFilterChain.internalDoFilter(ApplicationFilterChain.java:197)
		at org.apache.catalina.core.ApplicationFilterChain.doFilter(ApplicationFilterChain.java:142)
		at org.apache.catalina.core.ApplicationDispatcher.invoke(ApplicationDispatcher.java:619)
		at org.apache.catalina.core.ApplicationDispatcher.processRequest(ApplicationDispatcher.java:401)
		at org.apache.catalina.core.ApplicationDispatcher.doForward(ApplicationDispatcher.java:338)
		at org.apache.catalina.core.ApplicationDispatcher.forward(ApplicationDispatcher.java:283)
		at org.apache.catalina.core.StandardHostValve.custom(StandardHostValve.java:392)
		at org.apache.catalina.core.StandardHostValve.status(StandardHostValve.java:220)
		at org.apache.catalina.core.StandardHostValve.invoke(StandardHostValve.java:163)
		at org.apache.catalina.valves.ErrorReportValve.invoke(ErrorReportValve.java:83)
		at org.apache.catalina.valves.AbstractAccessLogValve.invoke(AbstractAccessLogValve.java:643)
		at org.apache.catalina.core.StandardEngineValve.invoke(StandardEngineValve.java:72)
		at org.apache.catalina.connector.CoyoteAdapter.service(CoyoteAdapter.java:344)
		at org.apache.coyote.http11.Http11Processor.service(Http11Processor.java:398)
		at org.apache.coyote.AbstractProcessorLight.process(AbstractProcessorLight.java:63)
		at org.apache.coyote.AbstractProtocol$ConnectionHandler.process(AbstractProtocol.java:939)
		at org.apache.tomcat.util.net.NioEndpoint$SocketProcessor.doRun(NioEndpoint.java:1831)
		at org.apache.tomcat.util.net.SocketProcessorBase.run(SocketProcessorBase.java:52)
		at org.apache.tomcat.util.threads.ThreadPoolExecutor.runWorker(ThreadPoolExecutor.java:973)
		at org.apache.tomcat.util.threads.ThreadPoolExecutor$Worker.run(ThreadPoolExecutor.java:491)
		at org.apache.tomcat.util.threads.TaskThread$WrappingRunnable.run(TaskThread.java:63)
		at java.lang.Thread.run(Thread.java:748)
11-Jan-2026 16:50:18.418 SEVERE [http-nio-8080-exec-2] org.apache.catalina.core.StandardHostValve.custom Exception Processing [ErrorPage[errorCode=404, location=/error]]
	java.io.FileNotFoundException: The requested resource [/onlinebookstore/index.html] is not available
		at org.apache.catalina.servlets.DefaultServlet.serveResource(DefaultServlet.java:902)
		at org.apache.catalina.servlets.DefaultServlet.doGet(DefaultServlet.java:540)
		at javax.servlet.http.HttpServlet.service(HttpServlet.java:529)
		at org.apache.catalina.servlets.DefaultServlet.service(DefaultServlet.java:530)
		at javax.servlet.http.HttpServlet.service(HttpServlet.java:623)
		at org.apache.catalina.core.ApplicationFilterChain.internalDoFilter(ApplicationFilterChain.java:197)
		at org.apache.catalina.core.ApplicationFilterChain.doFilter(ApplicationFilterChain.java:142)
		at org.apache.catalina.core.ApplicationDispatcher.invoke(ApplicationDispatcher.java:619)
		at org.apache.catalina.core.ApplicationDispatcher.doInclude(ApplicationDispatcher.java:496)
		at org.apache.catalina.core.ApplicationDispatcher.include(ApplicationDispatcher.java:444)
		at servlets.ErrorHandlerServlet.service(ErrorHandlerServlet.java:72)
		at javax.servlet.http.HttpServlet.service(HttpServlet.java:623)
		at org.apache.catalina.core.ApplicationFilterChain.internalDoFilter(ApplicationFilterChain.java:197)
		at org.apache.catalina.core.ApplicationFilterChain.doFilter(ApplicationFilterChain.java:142)
		at org.apache.catalina.core.ApplicationDispatcher.invoke(ApplicationDispatcher.java:619)
		at org.apache.catalina.core.ApplicationDispatcher.processRequest(ApplicationDispatcher.java:401)
		at org.apache.catalina.core.ApplicationDispatcher.doForward(ApplicationDispatcher.java:338)
		at org.apache.catalina.core.ApplicationDispatcher.forward(ApplicationDispatcher.java:283)
		at org.apache.catalina.core.StandardHostValve.custom(StandardHostValve.java:392)
		at org.apache.catalina.core.StandardHostValve.status(StandardHostValve.java:220)
		at org.apache.catalina.core.StandardHostValve.invoke(StandardHostValve.java:163)
		at org.apache.catalina.valves.ErrorReportValve.invoke(ErrorReportValve.java:83)
		at org.apache.catalina.valves.AbstractAccessLogValve.invoke(AbstractAccessLogValve.java:643)
		at org.apache.catalina.core.StandardEngineValve.invoke(StandardEngineValve.java:72)
		at org.apache.catalina.connector.CoyoteAdapter.service(CoyoteAdapter.java:344)
		at org.apache.coyote.http11.Http11Processor.service(Http11Processor.java:398)
		at org.apache.coyote.AbstractProcessorLight.process(AbstractProcessorLight.java:63)
		at org.apache.coyote.AbstractProtocol$ConnectionHandler.process(AbstractProtocol.java:939)
		at org.apache.tomcat.util.net.NioEndpoint$SocketProcessor.doRun(NioEndpoint.java:1831)
		at org.apache.tomcat.util.net.SocketProcessorBase.run(SocketProcessorBase.java:52)
		at org.apache.tomcat.util.threads.ThreadPoolExecutor.runWorker(ThreadPoolExecutor.java:973)
		at org.apache.tomcat.util.threads.ThreadPoolExecutor$Worker.run(ThreadPoolExecutor.java:491)
		at org.apache.tomcat.util.threads.TaskThread$WrappingRunnable.run(TaskThread.java:63)
		at java.lang.Thread.run(Thread.java:748)
11-Jan-2026 16:50:18.590 SEVERE [http-nio-8080-exec-3] org.apache.catalina.core.ApplicationDispatcher.invoke Servlet.service() for servlet [default] threw exception
	java.io.FileNotFoundException: The requested resource [/onlinebookstore/index.html] is not available
		at org.apache.catalina.servlets.DefaultServlet.serveResource(DefaultServlet.java:902)
		at org.apache.catalina.servlets.DefaultServlet.doGet(DefaultServlet.java:540)
		at javax.servlet.http.HttpServlet.service(HttpServlet.java:529)
		at org.apache.catalina.servlets.DefaultServlet.service(DefaultServlet.java:530)
		at javax.servlet.http.HttpServlet.service(HttpServlet.java:623)
		at org.apache.catalina.core.ApplicationFilterChain.internalDoFilter(ApplicationFilterChain.java:197)
		at org.apache.catalina.core.ApplicationFilterChain.doFilter(ApplicationFilterChain.java:142)
		at org.apache.catalina.core.ApplicationDispatcher.invoke(ApplicationDispatcher.java:619)
		at org.apache.catalina.core.ApplicationDispatcher.doInclude(ApplicationDispatcher.java:496)
		at org.apache.catalina.core.ApplicationDispatcher.include(ApplicationDispatcher.java:444)
		at servlets.ErrorHandlerServlet.service(ErrorHandlerServlet.java:72)
		at javax.servlet.http.HttpServlet.service(HttpServlet.java:623)
		at org.apache.catalina.core.ApplicationFilterChain.internalDoFilter(ApplicationFilterChain.java:197)
		at org.apache.catalina.core.ApplicationFilterChain.doFilter(ApplicationFilterChain.java:142)
		at org.apache.catalina.core.ApplicationDispatcher.invoke(ApplicationDispatcher.java:619)
		at org.apache.catalina.core.ApplicationDispatcher.processRequest(ApplicationDispatcher.java:401)
		at org.apache.catalina.core.ApplicationDispatcher.doForward(ApplicationDispatcher.java:338)
		at org.apache.catalina.core.ApplicationDispatcher.forward(ApplicationDispatcher.java:283)
		at org.apache.catalina.core.StandardHostValve.custom(StandardHostValve.java:392)
		at org.apache.catalina.core.StandardHostValve.status(StandardHostValve.java:220)
		at org.apache.catalina.core.StandardHostValve.invoke(StandardHostValve.java:163)
		at org.apache.catalina.valves.ErrorReportValve.invoke(ErrorReportValve.java:83)
		at org.apache.catalina.valves.AbstractAccessLogValve.invoke(AbstractAccessLogValve.java:643)
		at org.apache.catalina.core.StandardEngineValve.invoke(StandardEngineValve.java:72)
		at org.apache.catalina.connector.CoyoteAdapter.service(CoyoteAdapter.java:344)
		at org.apache.coyote.http11.Http11Processor.service(Http11Processor.java:398)
		at org.apache.coyote.AbstractProcessorLight.process(AbstractProcessorLight.java:63)
		at org.apache.coyote.AbstractProtocol$ConnectionHandler.process(AbstractProtocol.java:939)
		at org.apache.tomcat.util.net.NioEndpoint$SocketProcessor.doRun(NioEndpoint.java:1831)
		at org.apache.tomcat.util.net.SocketProcessorBase.run(SocketProcessorBase.java:52)
		at org.apache.tomcat.util.threads.ThreadPoolExecutor.runWorker(ThreadPoolExecutor.java:973)
		at org.apache.tomcat.util.threads.ThreadPoolExecutor$Worker.run(ThreadPoolExecutor.java:491)
		at org.apache.tomcat.util.threads.TaskThread$WrappingRunnable.run(TaskThread.java:63)
		at java.lang.Thread.run(Thread.java:748)
11-Jan-2026 16:50:18.590 SEVERE [http-nio-8080-exec-3] org.apache.catalina.core.ApplicationDispatcher.invoke Servlet.service() for servlet [ErrorHandlerServlet] threw exception
	java.io.FileNotFoundException: The requested resource [/onlinebookstore/index.html] is not available
		at org.apache.catalina.servlets.DefaultServlet.serveResource(DefaultServlet.java:902)
		at org.apache.catalina.servlets.DefaultServlet.doGet(DefaultServlet.java:540)
		at javax.servlet.http.HttpServlet.service(HttpServlet.java:529)
		at org.apache.catalina.servlets.DefaultServlet.service(DefaultServlet.java:530)
		at javax.servlet.http.HttpServlet.service(HttpServlet.java:623)
		at org.apache.catalina.core.ApplicationFilterChain.internalDoFilter(ApplicationFilterChain.java:197)
		at org.apache.catalina.core.ApplicationFilterChain.doFilter(ApplicationFilterChain.java:142)
		at org.apache.catalina.core.ApplicationDispatcher.invoke(ApplicationDispatcher.java:619)
		at org.apache.catalina.core.ApplicationDispatcher.doInclude(ApplicationDispatcher.java:496)
		at org.apache.catalina.core.ApplicationDispatcher.include(ApplicationDispatcher.java:444)
		at servlets.ErrorHandlerServlet.service(ErrorHandlerServlet.java:72)
		at javax.servlet.http.HttpServlet.service(HttpServlet.java:623)
		at org.apache.catalina.core.ApplicationFilterChain.internalDoFilter(ApplicationFilterChain.java:197)
		at org.apache.catalina.core.ApplicationFilterChain.doFilter(ApplicationFilterChain.java:142)
		at org.apache.catalina.core.ApplicationDispatcher.invoke(ApplicationDispatcher.java:619)
		at org.apache.catalina.core.ApplicationDispatcher.processRequest(ApplicationDispatcher.java:401)
		at org.apache.catalina.core.ApplicationDispatcher.doForward(ApplicationDispatcher.java:338)
		at org.apache.catalina.core.ApplicationDispatcher.forward(ApplicationDispatcher.java:283)
		at org.apache.catalina.core.StandardHostValve.custom(StandardHostValve.java:392)
		at org.apache.catalina.core.StandardHostValve.status(StandardHostValve.java:220)
		at org.apache.catalina.core.StandardHostValve.invoke(StandardHostValve.java:163)
		at org.apache.catalina.valves.ErrorReportValve.invoke(ErrorReportValve.java:83)
		at org.apache.catalina.valves.AbstractAccessLogValve.invoke(AbstractAccessLogValve.java:643)
		at org.apache.catalina.core.StandardEngineValve.invoke(StandardEngineValve.java:72)
		at org.apache.catalina.connector.CoyoteAdapter.service(CoyoteAdapter.java:344)
		at org.apache.coyote.http11.Http11Processor.service(Http11Processor.java:398)
		at org.apache.coyote.AbstractProcessorLight.process(AbstractProcessorLight.java:63)
		at org.apache.coyote.AbstractProtocol$ConnectionHandler.process(AbstractProtocol.java:939)
		at org.apache.tomcat.util.net.NioEndpoint$SocketProcessor.doRun(NioEndpoint.java:1831)
		at org.apache.tomcat.util.net.SocketProcessorBase.run(SocketProcessorBase.java:52)
		at org.apache.tomcat.util.threads.ThreadPoolExecutor.runWorker(ThreadPoolExecutor.java:973)
		at org.apache.tomcat.util.threads.ThreadPoolExecutor$Worker.run(ThreadPoolExecutor.java:491)
		at org.apache.tomcat.util.threads.TaskThread$WrappingRunnable.run(TaskThread.java:63)
		at java.lang.Thread.run(Thread.java:748)
11-Jan-2026 16:50:18.592 SEVERE [http-nio-8080-exec-3] org.apache.catalina.core.StandardHostValve.custom Exception Processing [ErrorPage[errorCode=404, location=/error]]
	java.io.FileNotFoundException: The requested resource [/onlinebookstore/index.html] is not available
		at org.apache.catalina.servlets.DefaultServlet.serveResource(DefaultServlet.java:902)
		at org.apache.catalina.servlets.DefaultServlet.doGet(DefaultServlet.java:540)
		at javax.servlet.http.HttpServlet.service(HttpServlet.java:529)
		at org.apache.catalina.servlets.DefaultServlet.service(DefaultServlet.java:530)
		at javax.servlet.http.HttpServlet.service(HttpServlet.java:623)
		at org.apache.catalina.core.ApplicationFilterChain.internalDoFilter(ApplicationFilterChain.java:197)
		at org.apache.catalina.core.ApplicationFilterChain.doFilter(ApplicationFilterChain.java:142)
		at org.apache.catalina.core.ApplicationDispatcher.invoke(ApplicationDispatcher.java:619)
		at org.apache.catalina.core.ApplicationDispatcher.doInclude(ApplicationDispatcher.java:496)
		at org.apache.catalina.core.ApplicationDispatcher.include(ApplicationDispatcher.java:444)
		at servlets.ErrorHandlerServlet.service(ErrorHandlerServlet.java:72)
		at javax.servlet.http.HttpServlet.service(HttpServlet.java:623)
		at org.apache.catalina.core.ApplicationFilterChain.internalDoFilter(ApplicationFilterChain.java:197)
		at org.apache.catalina.core.ApplicationFilterChain.doFilter(ApplicationFilterChain.java:142)
		at org.apache.catalina.core.ApplicationDispatcher.invoke(ApplicationDispatcher.java:619)
		at org.apache.catalina.core.ApplicationDispatcher.processRequest(ApplicationDispatcher.java:401)
		at org.apache.catalina.core.ApplicationDispatcher.doForward(ApplicationDispatcher.java:338)
		at org.apache.catalina.core.ApplicationDispatcher.forward(ApplicationDispatcher.java:283)
		at org.apache.catalina.core.StandardHostValve.custom(StandardHostValve.java:392)
		at org.apache.catalina.core.StandardHostValve.status(StandardHostValve.java:220)
		at org.apache.catalina.core.StandardHostValve.invoke(StandardHostValve.java:163)
		at org.apache.catalina.valves.ErrorReportValve.invoke(ErrorReportValve.java:83)
		at org.apache.catalina.valves.AbstractAccessLogValve.invoke(AbstractAccessLogValve.java:643)
		at org.apache.catalina.core.StandardEngineValve.invoke(StandardEngineValve.java:72)
		at org.apache.catalina.connector.CoyoteAdapter.service(CoyoteAdapter.java:344)
		at org.apache.coyote.http11.Http11Processor.service(Http11Processor.java:398)
		at org.apache.coyote.AbstractProcessorLight.process(AbstractProcessorLight.java:63)
		at org.apache.coyote.AbstractProtocol$ConnectionHandler.process(AbstractProtocol.java:939)
		at org.apache.tomcat.util.net.NioEndpoint$SocketProcessor.doRun(NioEndpoint.java:1831)
		at org.apache.tomcat.util.net.SocketProcessorBase.run(SocketProcessorBase.java:52)
		at org.apache.tomcat.util.threads.ThreadPoolExecutor.runWorker(ThreadPoolExecutor.java:973)
		at org.apache.tomcat.util.threads.ThreadPoolExecutor$Worker.run(ThreadPoolExecutor.java:491)
		at org.apache.tomcat.util.threads.TaskThread$WrappingRunnable.run(TaskThread.java:63)
		at java.lang.Thread.run(Thread.java:748)
11-Jan-2026 16:50:18.766 SEVERE [http-nio-8080-exec-9] org.apache.catalina.core.ApplicationDispatcher.invoke Servlet.service() for servlet [default] threw exception
	java.io.FileNotFoundException: The requested resource [/onlinebookstore/index.html] is not available
		at org.apache.catalina.servlets.DefaultServlet.serveResource(DefaultServlet.java:902)
		at org.apache.catalina.servlets.DefaultServlet.doGet(DefaultServlet.java:540)
		at javax.servlet.http.HttpServlet.service(HttpServlet.java:529)
		at org.apache.catalina.servlets.DefaultServlet.service(DefaultServlet.java:530)
		at javax.servlet.http.HttpServlet.service(HttpServlet.java:623)
		at org.apache.catalina.core.ApplicationFilterChain.internalDoFilter(ApplicationFilterChain.java:197)
		at org.apache.catalina.core.ApplicationFilterChain.doFilter(ApplicationFilterChain.java:142)
		at org.apache.catalina.core.ApplicationDispatcher.invoke(ApplicationDispatcher.java:619)
		at org.apache.catalina.core.ApplicationDispatcher.doInclude(ApplicationDispatcher.java:496)
		at org.apache.catalina.core.ApplicationDispatcher.include(ApplicationDispatcher.java:444)
		at servlets.ErrorHandlerServlet.service(ErrorHandlerServlet.java:72)
		at javax.servlet.http.HttpServlet.service(HttpServlet.java:623)
		at org.apache.catalina.core.ApplicationFilterChain.internalDoFilter(ApplicationFilterChain.java:197)
		at org.apache.catalina.core.ApplicationFilterChain.doFilter(ApplicationFilterChain.java:142)
		at org.apache.catalina.core.ApplicationDispatcher.invoke(ApplicationDispatcher.java:619)
		at org.apache.catalina.core.ApplicationDispatcher.processRequest(ApplicationDispatcher.java:401)
		at org.apache.catalina.core.ApplicationDispatcher.doForward(ApplicationDispatcher.java:338)
		at org.apache.catalina.core.ApplicationDispatcher.forward(ApplicationDispatcher.java:283)
		at org.apache.catalina.core.StandardHostValve.custom(StandardHostValve.java:392)
		at org.apache.catalina.core.StandardHostValve.status(StandardHostValve.java:220)
		at org.apache.catalina.core.StandardHostValve.invoke(StandardHostValve.java:163)
		at org.apache.catalina.valves.ErrorReportValve.invoke(ErrorReportValve.java:83)
		at org.apache.catalina.valves.AbstractAccessLogValve.invoke(AbstractAccessLogValve.java:643)
		at org.apache.catalina.core.StandardEngineValve.invoke(StandardEngineValve.java:72)
		at org.apache.catalina.connector.CoyoteAdapter.service(CoyoteAdapter.java:344)
		at org.apache.coyote.http11.Http11Processor.service(Http11Processor.java:398)
		at org.apache.coyote.AbstractProcessorLight.process(AbstractProcessorLight.java:63)
		at org.apache.coyote.AbstractProtocol$ConnectionHandler.process(AbstractProtocol.java:939)
		at org.apache.tomcat.util.net.NioEndpoint$SocketProcessor.doRun(NioEndpoint.java:1831)
		at org.apache.tomcat.util.net.SocketProcessorBase.run(SocketProcessorBase.java:52)
		at org.apache.tomcat.util.threads.ThreadPoolExecutor.runWorker(ThreadPoolExecutor.java:973)
		at org.apache.tomcat.util.threads.ThreadPoolExecutor$Worker.run(ThreadPoolExecutor.java:491)
		at org.apache.tomcat.util.threads.TaskThread$WrappingRunnable.run(TaskThread.java:63)
		at java.lang.Thread.run(Thread.java:748)
11-Jan-2026 16:50:18.766 SEVERE [http-nio-8080-exec-9] org.apache.catalina.core.ApplicationDispatcher.invoke Servlet.service() for servlet [ErrorHandlerServlet] threw exception
	java.io.FileNotFoundException: The requested resource [/onlinebookstore/index.html] is not available
		at org.apache.catalina.servlets.DefaultServlet.serveResource(DefaultServlet.java:902)
		at org.apache.catalina.servlets.DefaultServlet.doGet(DefaultServlet.java:540)
		at javax.servlet.http.HttpServlet.service(HttpServlet.java:529)
		at org.apache.catalina.servlets.DefaultServlet.service(DefaultServlet.java:530)
		at javax.servlet.http.HttpServlet.service(HttpServlet.java:623)
		at org.apache.catalina.core.ApplicationFilterChain.internalDoFilter(ApplicationFilterChain.java:197)
		at org.apache.catalina.core.ApplicationFilterChain.doFilter(ApplicationFilterChain.java:142)
		at org.apache.catalina.core.ApplicationDispatcher.invoke(ApplicationDispatcher.java:619)
		at org.apache.catalina.core.ApplicationDispatcher.doInclude(ApplicationDispatcher.java:496)
		at org.apache.catalina.core.ApplicationDispatcher.include(ApplicationDispatcher.java:444)
		at servlets.ErrorHandlerServlet.service(ErrorHandlerServlet.java:72)
		at javax.servlet.http.HttpServlet.service(HttpServlet.java:623)
		at org.apache.catalina.core.ApplicationFilterChain.internalDoFilter(ApplicationFilterChain.java:197)
		at org.apache.catalina.core.ApplicationFilterChain.doFilter(ApplicationFilterChain.java:142)
		at org.apache.catalina.core.ApplicationDispatcher.invoke(ApplicationDispatcher.java:619)
		at org.apache.catalina.core.ApplicationDispatcher.processRequest(ApplicationDispatcher.java:401)
		at org.apache.catalina.core.ApplicationDispatcher.doForward(ApplicationDispatcher.java:338)
		at org.apache.catalina.core.ApplicationDispatcher.forward(ApplicationDispatcher.java:283)
		at org.apache.catalina.core.StandardHostValve.custom(StandardHostValve.java:392)
		at org.apache.catalina.core.StandardHostValve.status(StandardHostValve.java:220)
		at org.apache.catalina.core.StandardHostValve.invoke(StandardHostValve.java:163)
		at org.apache.catalina.valves.ErrorReportValve.invoke(ErrorReportValve.java:83)
		at org.apache.catalina.valves.AbstractAccessLogValve.invoke(AbstractAccessLogValve.java:643)
		at org.apache.catalina.core.StandardEngineValve.invoke(StandardEngineValve.java:72)
		at org.apache.catalina.connector.CoyoteAdapter.service(CoyoteAdapter.java:344)
		at org.apache.coyote.http11.Http11Processor.service(Http11Processor.java:398)
		at org.apache.coyote.AbstractProcessorLight.process(AbstractProcessorLight.java:63)
		at org.apache.coyote.AbstractProtocol$ConnectionHandler.process(AbstractProtocol.java:939)
		at org.apache.tomcat.util.net.NioEndpoint$SocketProcessor.doRun(NioEndpoint.java:1831)
		at org.apache.tomcat.util.net.SocketProcessorBase.run(SocketProcessorBase.java:52)
		at org.apache.tomcat.util.threads.ThreadPoolExecutor.runWorker(ThreadPoolExecutor.java:973)
		at org.apache.tomcat.util.threads.ThreadPoolExecutor$Worker.run(ThreadPoolExecutor.java:491)
		at org.apache.tomcat.util.threads.TaskThread$WrappingRunnable.run(TaskThread.java:63)
		at java.lang.Thread.run(Thread.java:748)
11-Jan-2026 16:50:18.766 SEVERE [http-nio-8080-exec-9] org.apache.catalina.core.StandardHostValve.custom Exception Processing [ErrorPage[errorCode=404, location=/error]]
	java.io.FileNotFoundException: The requested resource [/onlinebookstore/index.html] is not available
		at org.apache.catalina.servlets.DefaultServlet.serveResource(DefaultServlet.java:902)
		at org.apache.catalina.servlets.DefaultServlet.doGet(DefaultServlet.java:540)
		at javax.servlet.http.HttpServlet.service(HttpServlet.java:529)
		at org.apache.catalina.servlets.DefaultServlet.service(DefaultServlet.java:530)
		at javax.servlet.http.HttpServlet.service(HttpServlet.java:623)
		at org.apache.catalina.core.ApplicationFilterChain.internalDoFilter(ApplicationFilterChain.java:197)
		at org.apache.catalina.core.ApplicationFilterChain.doFilter(ApplicationFilterChain.java:142)
		at org.apache.catalina.core.ApplicationDispatcher.invoke(ApplicationDispatcher.java:619)
		at org.apache.catalina.core.ApplicationDispatcher.doInclude(ApplicationDispatcher.java:496)
		at org.apache.catalina.core.ApplicationDispatcher.include(ApplicationDispatcher.java:444)
		at servlets.ErrorHandlerServlet.service(ErrorHandlerServlet.java:72)
		at javax.servlet.http.HttpServlet.service(HttpServlet.java:623)
		at org.apache.catalina.core.ApplicationFilterChain.internalDoFilter(ApplicationFilterChain.java:197)
		at org.apache.catalina.core.ApplicationFilterChain.doFilter(ApplicationFilterChain.java:142)
		at org.apache.catalina.core.ApplicationDispatcher.invoke(ApplicationDispatcher.java:619)
		at org.apache.catalina.core.ApplicationDispatcher.processRequest(ApplicationDispatcher.java:401)
		at org.apache.catalina.core.ApplicationDispatcher.doForward(ApplicationDispatcher.java:338)
		at org.apache.catalina.core.ApplicationDispatcher.forward(ApplicationDispatcher.java:283)
		at org.apache.catalina.core.StandardHostValve.custom(StandardHostValve.java:392)
		at org.apache.catalina.core.StandardHostValve.status(StandardHostValve.java:220)
		at org.apache.catalina.core.StandardHostValve.invoke(StandardHostValve.java:163)
		at org.apache.catalina.valves.ErrorReportValve.invoke(ErrorReportValve.java:83)
		at org.apache.catalina.valves.AbstractAccessLogValve.invoke(AbstractAccessLogValve.java:643)
		at org.apache.catalina.core.StandardEngineValve.invoke(StandardEngineValve.java:72)
		at org.apache.catalina.connector.CoyoteAdapter.service(CoyoteAdapter.java:344)
		at org.apache.coyote.http11.Http11Processor.service(Http11Processor.java:398)
		at org.apache.coyote.AbstractProcessorLight.process(AbstractProcessorLight.java:63)
		at org.apache.coyote.AbstractProtocol$ConnectionHandler.process(AbstractProtocol.java:939)
		at org.apache.tomcat.util.net.NioEndpoint$SocketProcessor.doRun(NioEndpoint.java:1831)
		at org.apache.tomcat.util.net.SocketProcessorBase.run(SocketProcessorBase.java:52)
		at org.apache.tomcat.util.threads.ThreadPoolExecutor.runWorker(ThreadPoolExecutor.java:973)
		at org.apache.tomcat.util.threads.ThreadPoolExecutor$Worker.run(ThreadPoolExecutor.java:491)
		at org.apache.tomcat.util.threads.TaskThread$WrappingRunnable.run(TaskThread.java:63)
		at java.lang.Thread.run(Thread.java:748)
11-Jan-2026 16:50:18.925 SEVERE [http-nio-8080-exec-7] org.apache.catalina.core.ApplicationDispatcher.invoke Servlet.service() for servlet [default] threw exception
	java.io.FileNotFoundException: The requested resource [/onlinebookstore/index.html] is not available
		at org.apache.catalina.servlets.DefaultServlet.serveResource(DefaultServlet.java:902)
		at org.apache.catalina.servlets.DefaultServlet.doGet(DefaultServlet.java:540)
		at javax.servlet.http.HttpServlet.service(HttpServlet.java:529)
		at org.apache.catalina.servlets.DefaultServlet.service(DefaultServlet.java:530)
		at javax.servlet.http.HttpServlet.service(HttpServlet.java:623)
		at org.apache.catalina.core.ApplicationFilterChain.internalDoFilter(ApplicationFilterChain.java:197)
		at org.apache.catalina.core.ApplicationFilterChain.doFilter(ApplicationFilterChain.java:142)
		at org.apache.catalina.core.ApplicationDispatcher.invoke(ApplicationDispatcher.java:619)
		at org.apache.catalina.core.ApplicationDispatcher.doInclude(ApplicationDispatcher.java:496)
		at org.apache.catalina.core.ApplicationDispatcher.include(ApplicationDispatcher.java:444)
		at servlets.ErrorHandlerServlet.service(ErrorHandlerServlet.java:72)
		at javax.servlet.http.HttpServlet.service(HttpServlet.java:623)
		at org.apache.catalina.core.ApplicationFilterChain.internalDoFilter(ApplicationFilterChain.java:197)
		at org.apache.catalina.core.ApplicationFilterChain.doFilter(ApplicationFilterChain.java:142)
		at org.apache.catalina.core.ApplicationDispatcher.invoke(ApplicationDispatcher.java:619)
		at org.apache.catalina.core.ApplicationDispatcher.processRequest(ApplicationDispatcher.java:401)
		at org.apache.catalina.core.ApplicationDispatcher.doForward(ApplicationDispatcher.java:338)
		at org.apache.catalina.core.ApplicationDispatcher.forward(ApplicationDispatcher.java:283)
		at org.apache.catalina.core.StandardHostValve.custom(StandardHostValve.java:392)
		at org.apache.catalina.core.StandardHostValve.status(StandardHostValve.java:220)
		at org.apache.catalina.core.StandardHostValve.invoke(StandardHostValve.java:163)
		at org.apache.catalina.valves.ErrorReportValve.invoke(ErrorReportValve.java:83)
		at org.apache.catalina.valves.AbstractAccessLogValve.invoke(AbstractAccessLogValve.java:643)
		at org.apache.catalina.core.StandardEngineValve.invoke(StandardEngineValve.java:72)
		at org.apache.catalina.connector.CoyoteAdapter.service(CoyoteAdapter.java:344)
		at org.apache.coyote.http11.Http11Processor.service(Http11Processor.java:398)
		at org.apache.coyote.AbstractProcessorLight.process(AbstractProcessorLight.java:63)
		at org.apache.coyote.AbstractProtocol$ConnectionHandler.process(AbstractProtocol.java:939)
		at org.apache.tomcat.util.net.NioEndpoint$SocketProcessor.doRun(NioEndpoint.java:1831)
		at org.apache.tomcat.util.net.SocketProcessorBase.run(SocketProcessorBase.java:52)
		at org.apache.tomcat.util.threads.ThreadPoolExecutor.runWorker(ThreadPoolExecutor.java:973)
		at org.apache.tomcat.util.threads.ThreadPoolExecutor$Worker.run(ThreadPoolExecutor.java:491)
		at org.apache.tomcat.util.threads.TaskThread$WrappingRunnable.run(TaskThread.java:63)
		at java.lang.Thread.run(Thread.java:748)
11-Jan-2026 16:50:18.925 SEVERE [http-nio-8080-exec-7] org.apache.catalina.core.ApplicationDispatcher.invoke Servlet.service() for servlet [ErrorHandlerServlet] threw exception
	java.io.FileNotFoundException: The requested resource [/onlinebookstore/index.html] is not available
		at org.apache.catalina.servlets.DefaultServlet.serveResource(DefaultServlet.java:902)
		at org.apache.catalina.servlets.DefaultServlet.doGet(DefaultServlet.java:540)
		at javax.servlet.http.HttpServlet.service(HttpServlet.java:529)
		at org.apache.catalina.servlets.DefaultServlet.service(DefaultServlet.java:530)
		at javax.servlet.http.HttpServlet.service(HttpServlet.java:623)
		at org.apache.catalina.core.ApplicationFilterChain.internalDoFilter(ApplicationFilterChain.java:197)
		at org.apache.catalina.core.ApplicationFilterChain.doFilter(ApplicationFilterChain.java:142)
		at org.apache.catalina.core.ApplicationDispatcher.invoke(ApplicationDispatcher.java:619)
		at org.apache.catalina.core.ApplicationDispatcher.doInclude(ApplicationDispatcher.java:496)
		at org.apache.catalina.core.ApplicationDispatcher.include(ApplicationDispatcher.java:444)
		at servlets.ErrorHandlerServlet.service(ErrorHandlerServlet.java:72)
		at javax.servlet.http.HttpServlet.service(HttpServlet.java:623)
		at org.apache.catalina.core.ApplicationFilterChain.internalDoFilter(ApplicationFilterChain.java:197)
		at org.apache.catalina.core.ApplicationFilterChain.doFilter(ApplicationFilterChain.java:142)
		at org.apache.catalina.core.ApplicationDispatcher.invoke(ApplicationDispatcher.java:619)
		at org.apache.catalina.core.ApplicationDispatcher.processRequest(ApplicationDispatcher.java:401)
		at org.apache.catalina.core.ApplicationDispatcher.doForward(ApplicationDispatcher.java:338)
		at org.apache.catalina.core.ApplicationDispatcher.forward(ApplicationDispatcher.java:283)
		at org.apache.catalina.core.StandardHostValve.custom(StandardHostValve.java:392)
		at org.apache.catalina.core.StandardHostValve.status(StandardHostValve.java:220)
		at org.apache.catalina.core.StandardHostValve.invoke(StandardHostValve.java:163)
		at org.apache.catalina.valves.ErrorReportValve.invoke(ErrorReportValve.java:83)
		at org.apache.catalina.valves.AbstractAccessLogValve.invoke(AbstractAccessLogValve.java:643)
		at org.apache.catalina.core.StandardEngineValve.invoke(StandardEngineValve.java:72)
		at org.apache.catalina.connector.CoyoteAdapter.service(CoyoteAdapter.java:344)
		at org.apache.coyote.http11.Http11Processor.service(Http11Processor.java:398)
		at org.apache.coyote.AbstractProcessorLight.process(AbstractProcessorLight.java:63)
		at org.apache.coyote.AbstractProtocol$ConnectionHandler.process(AbstractProtocol.java:939)
		at org.apache.tomcat.util.net.NioEndpoint$SocketProcessor.doRun(NioEndpoint.java:1831)
		at org.apache.tomcat.util.net.SocketProcessorBase.run(SocketProcessorBase.java:52)
		at org.apache.tomcat.util.threads.ThreadPoolExecutor.runWorker(ThreadPoolExecutor.java:973)
		at org.apache.tomcat.util.threads.ThreadPoolExecutor$Worker.run(ThreadPoolExecutor.java:491)
		at org.apache.tomcat.util.threads.TaskThread$WrappingRunnable.run(TaskThread.java:63)
		at java.lang.Thread.run(Thread.java:748)
11-Jan-2026 16:50:18.925 SEVERE [http-nio-8080-exec-7] org.apache.catalina.core.StandardHostValve.custom Exception Processing [ErrorPage[errorCode=404, location=/error]]
	java.io.FileNotFoundException: The requested resource [/onlinebookstore/index.html] is not available
		at org.apache.catalina.servlets.DefaultServlet.serveResource(DefaultServlet.java:902)
		at org.apache.catalina.servlets.DefaultServlet.doGet(DefaultServlet.java:540)
		at javax.servlet.http.HttpServlet.service(HttpServlet.java:529)
		at org.apache.catalina.servlets.DefaultServlet.service(DefaultServlet.java:530)
		at javax.servlet.http.HttpServlet.service(HttpServlet.java:623)
		at org.apache.catalina.core.ApplicationFilterChain.internalDoFilter(ApplicationFilterChain.java:197)
		at org.apache.catalina.core.ApplicationFilterChain.doFilter(ApplicationFilterChain.java:142)
		at org.apache.catalina.core.ApplicationDispatcher.invoke(ApplicationDispatcher.java:619)
		at org.apache.catalina.core.ApplicationDispatcher.doInclude(ApplicationDispatcher.java:496)
		at org.apache.catalina.core.ApplicationDispatcher.include(ApplicationDispatcher.java:444)
		at servlets.ErrorHandlerServlet.service(ErrorHandlerServlet.java:72)
		at javax.servlet.http.HttpServlet.service(HttpServlet.java:623)
		at org.apache.catalina.core.ApplicationFilterChain.internalDoFilter(ApplicationFilterChain.java:197)
		at org.apache.catalina.core.ApplicationFilterChain.doFilter(ApplicationFilterChain.java:142)
		at org.apache.catalina.core.ApplicationDispatcher.invoke(ApplicationDispatcher.java:619)
		at org.apache.catalina.core.ApplicationDispatcher.processRequest(ApplicationDispatcher.java:401)
		at org.apache.catalina.core.ApplicationDispatcher.doForward(ApplicationDispatcher.java:338)
		at org.apache.catalina.core.ApplicationDispatcher.forward(ApplicationDispatcher.java:283)
		at org.apache.catalina.core.StandardHostValve.custom(StandardHostValve.java:392)
		at org.apache.catalina.core.StandardHostValve.status(StandardHostValve.java:220)
		at org.apache.catalina.core.StandardHostValve.invoke(StandardHostValve.java:163)
		at org.apache.catalina.valves.ErrorReportValve.invoke(ErrorReportValve.java:83)
		at org.apache.catalina.valves.AbstractAccessLogValve.invoke(AbstractAccessLogValve.java:643)
		at org.apache.catalina.core.StandardEngineValve.invoke(StandardEngineValve.java:72)
		at org.apache.catalina.connector.CoyoteAdapter.service(CoyoteAdapter.java:344)
		at org.apache.coyote.http11.Http11Processor.service(Http11Processor.java:398)
		at org.apache.coyote.AbstractProcessorLight.process(AbstractProcessorLight.java:63)
		at org.apache.coyote.AbstractProtocol$ConnectionHandler.process(AbstractProtocol.java:939)
		at org.apache.tomcat.util.net.NioEndpoint$SocketProcessor.doRun(NioEndpoint.java:1831)
		at org.apache.tomcat.util.net.SocketProcessorBase.run(SocketProcessorBase.java:52)
		at org.apache.tomcat.util.threads.ThreadPoolExecutor.runWorker(ThreadPoolExecutor.java:973)
		at org.apache.tomcat.util.threads.ThreadPoolExecutor$Worker.run(ThreadPoolExecutor.java:491)
		at org.apache.tomcat.util.threads.TaskThread$WrappingRunnable.run(TaskThread.java:63)
		at java.lang.Thread.run(Thread.java:748)
11-Jan-2026 16:50:19.083 SEVERE [http-nio-8080-exec-6] org.apache.catalina.core.ApplicationDispatcher.invoke Servlet.service() for servlet [default] threw exception
	java.io.FileNotFoundException: The requested resource [/onlinebookstore/index.html] is not available
		at org.apache.catalina.servlets.DefaultServlet.serveResource(DefaultServlet.java:902)
		at org.apache.catalina.servlets.DefaultServlet.doGet(DefaultServlet.java:540)
		at javax.servlet.http.HttpServlet.service(HttpServlet.java:529)
		at org.apache.catalina.servlets.DefaultServlet.service(DefaultServlet.java:530)
		at javax.servlet.http.HttpServlet.service(HttpServlet.java:623)
		at org.apache.catalina.core.ApplicationFilterChain.internalDoFilter(ApplicationFilterChain.java:197)
		at org.apache.catalina.core.ApplicationFilterChain.doFilter(ApplicationFilterChain.java:142)
		at org.apache.catalina.core.ApplicationDispatcher.invoke(ApplicationDispatcher.java:619)
		at org.apache.catalina.core.ApplicationDispatcher.doInclude(ApplicationDispatcher.java:496)
		at org.apache.catalina.core.ApplicationDispatcher.include(ApplicationDispatcher.java:444)
		at servlets.ErrorHandlerServlet.service(ErrorHandlerServlet.java:72)
		at javax.servlet.http.HttpServlet.service(HttpServlet.java:623)
		at org.apache.catalina.core.ApplicationFilterChain.internalDoFilter(ApplicationFilterChain.java:197)
		at org.apache.catalina.core.ApplicationFilterChain.doFilter(ApplicationFilterChain.java:142)
		at org.apache.catalina.core.ApplicationDispatcher.invoke(ApplicationDispatcher.java:619)
		at org.apache.catalina.core.ApplicationDispatcher.processRequest(ApplicationDispatcher.java:401)
		at org.apache.catalina.core.ApplicationDispatcher.doForward(ApplicationDispatcher.java:338)
		at org.apache.catalina.core.ApplicationDispatcher.forward(ApplicationDispatcher.java:283)
		at org.apache.catalina.core.StandardHostValve.custom(StandardHostValve.java:392)
		at org.apache.catalina.core.StandardHostValve.status(StandardHostValve.java:220)
		at org.apache.catalina.core.StandardHostValve.invoke(StandardHostValve.java:163)
		at org.apache.catalina.valves.ErrorReportValve.invoke(ErrorReportValve.java:83)
		at org.apache.catalina.valves.AbstractAccessLogValve.invoke(AbstractAccessLogValve.java:643)
		at org.apache.catalina.core.StandardEngineValve.invoke(StandardEngineValve.java:72)
		at org.apache.catalina.connector.CoyoteAdapter.service(CoyoteAdapter.java:344)
		at org.apache.coyote.http11.Http11Processor.service(Http11Processor.java:398)
		at org.apache.coyote.AbstractProcessorLight.process(AbstractProcessorLight.java:63)
		at org.apache.coyote.AbstractProtocol$ConnectionHandler.process(AbstractProtocol.java:939)
		at org.apache.tomcat.util.net.NioEndpoint$SocketProcessor.doRun(NioEndpoint.java:1831)
		at org.apache.tomcat.util.net.SocketProcessorBase.run(SocketProcessorBase.java:52)
		at org.apache.tomcat.util.threads.ThreadPoolExecutor.runWorker(ThreadPoolExecutor.java:973)
		at org.apache.tomcat.util.threads.ThreadPoolExecutor$Worker.run(ThreadPoolExecutor.java:491)
		at org.apache.tomcat.util.threads.TaskThread$WrappingRunnable.run(TaskThread.java:63)
		at java.lang.Thread.run(Thread.java:748)
11-Jan-2026 16:50:19.083 SEVERE [http-nio-8080-exec-6] org.apache.catalina.core.ApplicationDispatcher.invoke Servlet.service() for servlet [ErrorHandlerServlet] threw exception
	java.io.FileNotFoundException: The requested resource [/onlinebookstore/index.html] is not available
		at org.apache.catalina.servlets.DefaultServlet.serveResource(DefaultServlet.java:902)
		at org.apache.catalina.servlets.DefaultServlet.doGet(DefaultServlet.java:540)
		at javax.servlet.http.HttpServlet.service(HttpServlet.java:529)
		at org.apache.catalina.servlets.DefaultServlet.service(DefaultServlet.java:530)
		at javax.servlet.http.HttpServlet.service(HttpServlet.java:623)
		at org.apache.catalina.core.ApplicationFilterChain.internalDoFilter(ApplicationFilterChain.java:197)
		at org.apache.catalina.core.ApplicationFilterChain.doFilter(ApplicationFilterChain.java:142)
		at org.apache.catalina.core.ApplicationDispatcher.invoke(ApplicationDispatcher.java:619)
		at org.apache.catalina.core.ApplicationDispatcher.doInclude(ApplicationDispatcher.java:496)
		at org.apache.catalina.core.ApplicationDispatcher.include(ApplicationDispatcher.java:444)
		at servlets.ErrorHandlerServlet.service(ErrorHandlerServlet.java:72)
		at javax.servlet.http.HttpServlet.service(HttpServlet.java:623)
		at org.apache.catalina.core.ApplicationFilterChain.internalDoFilter(ApplicationFilterChain.java:197)
		at org.apache.catalina.core.ApplicationFilterChain.doFilter(ApplicationFilterChain.java:142)
		at org.apache.catalina.core.ApplicationDispatcher.invoke(ApplicationDispatcher.java:619)
		at org.apache.catalina.core.ApplicationDispatcher.processRequest(ApplicationDispatcher.java:401)
		at org.apache.catalina.core.ApplicationDispatcher.doForward(ApplicationDispatcher.java:338)
		at org.apache.catalina.core.ApplicationDispatcher.forward(ApplicationDispatcher.java:283)
		at org.apache.catalina.core.StandardHostValve.custom(StandardHostValve.java:392)
		at org.apache.catalina.core.StandardHostValve.status(StandardHostValve.java:220)
		at org.apache.catalina.core.StandardHostValve.invoke(StandardHostValve.java:163)
		at org.apache.catalina.valves.ErrorReportValve.invoke(ErrorReportValve.java:83)
		at org.apache.catalina.valves.AbstractAccessLogValve.invoke(AbstractAccessLogValve.java:643)
		at org.apache.catalina.core.StandardEngineValve.invoke(StandardEngineValve.java:72)
		at org.apache.catalina.connector.CoyoteAdapter.service(CoyoteAdapter.java:344)
		at org.apache.coyote.http11.Http11Processor.service(Http11Processor.java:398)
		at org.apache.coyote.AbstractProcessorLight.process(AbstractProcessorLight.java:63)
		at org.apache.coyote.AbstractProtocol$ConnectionHandler.process(AbstractProtocol.java:939)
		at org.apache.tomcat.util.net.NioEndpoint$SocketProcessor.doRun(NioEndpoint.java:1831)
		at org.apache.tomcat.util.net.SocketProcessorBase.run(SocketProcessorBase.java:52)
		at org.apache.tomcat.util.threads.ThreadPoolExecutor.runWorker(ThreadPoolExecutor.java:973)
		at org.apache.tomcat.util.threads.ThreadPoolExecutor$Worker.run(ThreadPoolExecutor.java:491)
		at org.apache.tomcat.util.threads.TaskThread$WrappingRunnable.run(TaskThread.java:63)
		at java.lang.Thread.run(Thread.java:748)
11-Jan-2026 16:50:19.083 SEVERE [http-nio-8080-exec-6] org.apache.catalina.core.StandardHostValve.custom Exception Processing [ErrorPage[errorCode=404, location=/error]]
	java.io.FileNotFoundException: The requested resource [/onlinebookstore/index.html] is not available
		at org.apache.catalina.servlets.DefaultServlet.serveResource(DefaultServlet.java:902)
		at org.apache.catalina.servlets.DefaultServlet.doGet(DefaultServlet.java:540)
		at javax.servlet.http.HttpServlet.service(HttpServlet.java:529)
		at org.apache.catalina.servlets.DefaultServlet.service(DefaultServlet.java:530)
		at javax.servlet.http.HttpServlet.service(HttpServlet.java:623)
		at org.apache.catalina.core.ApplicationFilterChain.internalDoFilter(ApplicationFilterChain.java:197)
		at org.apache.catalina.core.ApplicationFilterChain.doFilter(ApplicationFilterChain.java:142)
		at org.apache.catalina.core.ApplicationDispatcher.invoke(ApplicationDispatcher.java:619)
		at org.apache.catalina.core.ApplicationDispatcher.doInclude(ApplicationDispatcher.java:496)
		at org.apache.catalina.core.ApplicationDispatcher.include(ApplicationDispatcher.java:444)
		at servlets.ErrorHandlerServlet.service(ErrorHandlerServlet.java:72)
		at javax.servlet.http.HttpServlet.service(HttpServlet.java:623)
		at org.apache.catalina.core.ApplicationFilterChain.internalDoFilter(ApplicationFilterChain.java:197)
		at org.apache.catalina.core.ApplicationFilterChain.doFilter(ApplicationFilterChain.java:142)
		at org.apache.catalina.core.ApplicationDispatcher.invoke(ApplicationDispatcher.java:619)
		at org.apache.catalina.core.ApplicationDispatcher.processRequest(ApplicationDispatcher.java:401)
		at org.apache.catalina.core.ApplicationDispatcher.doForward(ApplicationDispatcher.java:338)
		at org.apache.catalina.core.ApplicationDispatcher.forward(ApplicationDispatcher.java:283)
		at org.apache.catalina.core.StandardHostValve.custom(StandardHostValve.java:392)
		at org.apache.catalina.core.StandardHostValve.status(StandardHostValve.java:220)
		at org.apache.catalina.core.StandardHostValve.invoke(StandardHostValve.java:163)
		at org.apache.catalina.valves.ErrorReportValve.invoke(ErrorReportValve.java:83)
		at org.apache.catalina.valves.AbstractAccessLogValve.invoke(AbstractAccessLogValve.java:643)
		at org.apache.catalina.core.StandardEngineValve.invoke(StandardEngineValve.java:72)
		at org.apache.catalina.connector.CoyoteAdapter.service(CoyoteAdapter.java:344)
		at org.apache.coyote.http11.Http11Processor.service(Http11Processor.java:398)
		at org.apache.coyote.AbstractProcessorLight.process(AbstractProcessorLight.java:63)
		at org.apache.coyote.AbstractProtocol$ConnectionHandler.process(AbstractProtocol.java:939)
		at org.apache.tomcat.util.net.NioEndpoint$SocketProcessor.doRun(NioEndpoint.java:1831)
		at org.apache.tomcat.util.net.SocketProcessorBase.run(SocketProcessorBase.java:52)
		at org.apache.tomcat.util.threads.ThreadPoolExecutor.runWorker(ThreadPoolExecutor.java:973)
		at org.apache.tomcat.util.threads.ThreadPoolExecutor$Worker.run(ThreadPoolExecutor.java:491)
		at org.apache.tomcat.util.threads.TaskThread$WrappingRunnable.run(TaskThread.java:63)
		at java.lang.Thread.run(Thread.java:748)
11-Jan-2026 16:50:19.245 SEVERE [http-nio-8080-exec-10] org.apache.catalina.core.ApplicationDispatcher.invoke Servlet.service() for servlet [default] threw exception
	java.io.FileNotFoundException: The requested resource [/onlinebookstore/index.html] is not available
		at org.apache.catalina.servlets.DefaultServlet.serveResource(DefaultServlet.java:902)
		at org.apache.catalina.servlets.DefaultServlet.doGet(DefaultServlet.java:540)
		at javax.servlet.http.HttpServlet.service(HttpServlet.java:529)
		at org.apache.catalina.servlets.DefaultServlet.service(DefaultServlet.java:530)
		at javax.servlet.http.HttpServlet.service(HttpServlet.java:623)
		at org.apache.catalina.core.ApplicationFilterChain.internalDoFilter(ApplicationFilterChain.java:197)
		at org.apache.catalina.core.ApplicationFilterChain.doFilter(ApplicationFilterChain.java:142)
		at org.apache.catalina.core.ApplicationDispatcher.invoke(ApplicationDispatcher.java:619)
		at org.apache.catalina.core.ApplicationDispatcher.doInclude(ApplicationDispatcher.java:496)
		at org.apache.catalina.core.ApplicationDispatcher.include(ApplicationDispatcher.java:444)
		at servlets.ErrorHandlerServlet.service(ErrorHandlerServlet.java:72)
		at javax.servlet.http.HttpServlet.service(HttpServlet.java:623)
		at org.apache.catalina.core.ApplicationFilterChain.internalDoFilter(ApplicationFilterChain.java:197)
		at org.apache.catalina.core.ApplicationFilterChain.doFilter(ApplicationFilterChain.java:142)
		at org.apache.catalina.core.ApplicationDispatcher.invoke(ApplicationDispatcher.java:619)
		at org.apache.catalina.core.ApplicationDispatcher.processRequest(ApplicationDispatcher.java:401)
		at org.apache.catalina.core.ApplicationDispatcher.doForward(ApplicationDispatcher.java:338)
		at org.apache.catalina.core.ApplicationDispatcher.forward(ApplicationDispatcher.java:283)
		at org.apache.catalina.core.StandardHostValve.custom(StandardHostValve.java:392)
		at org.apache.catalina.core.StandardHostValve.status(StandardHostValve.java:220)
		at org.apache.catalina.core.StandardHostValve.invoke(StandardHostValve.java:163)
		at org.apache.catalina.valves.ErrorReportValve.invoke(ErrorReportValve.java:83)
		at org.apache.catalina.valves.AbstractAccessLogValve.invoke(AbstractAccessLogValve.java:643)
		at org.apache.catalina.core.StandardEngineValve.invoke(StandardEngineValve.java:72)
		at org.apache.catalina.connector.CoyoteAdapter.service(CoyoteAdapter.java:344)
		at org.apache.coyote.http11.Http11Processor.service(Http11Processor.java:398)
		at org.apache.coyote.AbstractProcessorLight.process(AbstractProcessorLight.java:63)
		at org.apache.coyote.AbstractProtocol$ConnectionHandler.process(AbstractProtocol.java:939)
		at org.apache.tomcat.util.net.NioEndpoint$SocketProcessor.doRun(NioEndpoint.java:1831)
		at org.apache.tomcat.util.net.SocketProcessorBase.run(SocketProcessorBase.java:52)
		at org.apache.tomcat.util.threads.ThreadPoolExecutor.runWorker(ThreadPoolExecutor.java:973)
		at org.apache.tomcat.util.threads.ThreadPoolExecutor$Worker.run(ThreadPoolExecutor.java:491)
		at org.apache.tomcat.util.threads.TaskThread$WrappingRunnable.run(TaskThread.java:63)
		at java.lang.Thread.run(Thread.java:748)
11-Jan-2026 16:50:19.245 SEVERE [http-nio-8080-exec-10] org.apache.catalina.core.ApplicationDispatcher.invoke Servlet.service() for servlet [ErrorHandlerServlet] threw exception
	java.io.FileNotFoundException: The requested resource [/onlinebookstore/index.html] is not available
		at org.apache.catalina.servlets.DefaultServlet.serveResource(DefaultServlet.java:902)
		at org.apache.catalina.servlets.DefaultServlet.doGet(DefaultServlet.java:540)
		at javax.servlet.http.HttpServlet.service(HttpServlet.java:529)
		at org.apache.catalina.servlets.DefaultServlet.service(DefaultServlet.java:530)
		at javax.servlet.http.HttpServlet.service(HttpServlet.java:623)
		at org.apache.catalina.core.ApplicationFilterChain.internalDoFilter(ApplicationFilterChain.java:197)
		at org.apache.catalina.core.ApplicationFilterChain.doFilter(ApplicationFilterChain.java:142)
		at org.apache.catalina.core.ApplicationDispatcher.invoke(ApplicationDispatcher.java:619)
		at org.apache.catalina.core.ApplicationDispatcher.doInclude(ApplicationDispatcher.java:496)
		at org.apache.catalina.core.ApplicationDispatcher.include(ApplicationDispatcher.java:444)
		at servlets.ErrorHandlerServlet.service(ErrorHandlerServlet.java:72)
		at javax.servlet.http.HttpServlet.service(HttpServlet.java:623)
		at org.apache.catalina.core.ApplicationFilterChain.internalDoFilter(ApplicationFilterChain.java:197)
		at org.apache.catalina.core.ApplicationFilterChain.doFilter(ApplicationFilterChain.java:142)
		at org.apache.catalina.core.ApplicationDispatcher.invoke(ApplicationDispatcher.java:619)
		at org.apache.catalina.core.ApplicationDispatcher.processRequest(ApplicationDispatcher.java:401)
		at org.apache.catalina.core.ApplicationDispatcher.doForward(ApplicationDispatcher.java:338)
		at org.apache.catalina.core.ApplicationDispatcher.forward(ApplicationDispatcher.java:283)
		at org.apache.catalina.core.StandardHostValve.custom(StandardHostValve.java:392)
		at org.apache.catalina.core.StandardHostValve.status(StandardHostValve.java:220)
		at org.apache.catalina.core.StandardHostValve.invoke(StandardHostValve.java:163)
		at org.apache.catalina.valves.ErrorReportValve.invoke(ErrorReportValve.java:83)
		at org.apache.catalina.valves.AbstractAccessLogValve.invoke(AbstractAccessLogValve.java:643)
		at org.apache.catalina.core.StandardEngineValve.invoke(StandardEngineValve.java:72)
		at org.apache.catalina.connector.CoyoteAdapter.service(CoyoteAdapter.java:344)
		at org.apache.coyote.http11.Http11Processor.service(Http11Processor.java:398)
		at org.apache.coyote.AbstractProcessorLight.process(AbstractProcessorLight.java:63)
		at org.apache.coyote.AbstractProtocol$ConnectionHandler.process(AbstractProtocol.java:939)
		at org.apache.tomcat.util.net.NioEndpoint$SocketProcessor.doRun(NioEndpoint.java:1831)
		at org.apache.tomcat.util.net.SocketProcessorBase.run(SocketProcessorBase.java:52)
		at org.apache.tomcat.util.threads.ThreadPoolExecutor.runWorker(ThreadPoolExecutor.java:973)
		at org.apache.tomcat.util.threads.ThreadPoolExecutor$Worker.run(ThreadPoolExecutor.java:491)
		at org.apache.tomcat.util.threads.TaskThread$WrappingRunnable.run(TaskThread.java:63)
		at java.lang.Thread.run(Thread.java:748)
11-Jan-2026 16:50:19.245 SEVERE [http-nio-8080-exec-10] org.apache.catalina.core.StandardHostValve.custom Exception Processing [ErrorPage[errorCode=404, location=/error]]
	java.io.FileNotFoundException: The requested resource [/onlinebookstore/index.html] is not available
		at org.apache.catalina.servlets.DefaultServlet.serveResource(DefaultServlet.java:902)
		at org.apache.catalina.servlets.DefaultServlet.doGet(DefaultServlet.java:540)
		at javax.servlet.http.HttpServlet.service(HttpServlet.java:529)
		at org.apache.catalina.servlets.DefaultServlet.service(DefaultServlet.java:530)
		at javax.servlet.http.HttpServlet.service(HttpServlet.java:623)
		at org.apache.catalina.core.ApplicationFilterChain.internalDoFilter(ApplicationFilterChain.java:197)
		at org.apache.catalina.core.ApplicationFilterChain.doFilter(ApplicationFilterChain.java:142)
		at org.apache.catalina.core.ApplicationDispatcher.invoke(ApplicationDispatcher.java:619)
		at org.apache.catalina.core.ApplicationDispatcher.doInclude(ApplicationDispatcher.java:496)
		at org.apache.catalina.core.ApplicationDispatcher.include(ApplicationDispatcher.java:444)
		at servlets.ErrorHandlerServlet.service(ErrorHandlerServlet.java:72)
		at javax.servlet.http.HttpServlet.service(HttpServlet.java:623)
		at org.apache.catalina.core.ApplicationFilterChain.internalDoFilter(ApplicationFilterChain.java:197)
		at org.apache.catalina.core.ApplicationFilterChain.doFilter(ApplicationFilterChain.java:142)
		at org.apache.catalina.core.ApplicationDispatcher.invoke(ApplicationDispatcher.java:619)
		at org.apache.catalina.core.ApplicationDispatcher.processRequest(ApplicationDispatcher.java:401)
		at org.apache.catalina.core.ApplicationDispatcher.doForward(ApplicationDispatcher.java:338)
		at org.apache.catalina.core.ApplicationDispatcher.forward(ApplicationDispatcher.java:283)
		at org.apache.catalina.core.StandardHostValve.custom(StandardHostValve.java:392)
		at org.apache.catalina.core.StandardHostValve.status(StandardHostValve.java:220)
		at org.apache.catalina.core.StandardHostValve.invoke(StandardHostValve.java:163)
		at org.apache.catalina.valves.ErrorReportValve.invoke(ErrorReportValve.java:83)
		at org.apache.catalina.valves.AbstractAccessLogValve.invoke(AbstractAccessLogValve.java:643)
		at org.apache.catalina.core.StandardEngineValve.invoke(StandardEngineValve.java:72)
		at org.apache.catalina.connector.CoyoteAdapter.service(CoyoteAdapter.java:344)
		at org.apache.coyote.http11.Http11Processor.service(Http11Processor.java:398)
		at org.apache.coyote.AbstractProcessorLight.process(AbstractProcessorLight.java:63)
		at org.apache.coyote.AbstractProtocol$ConnectionHandler.process(AbstractProtocol.java:939)
		at org.apache.tomcat.util.net.NioEndpoint$SocketProcessor.doRun(NioEndpoint.java:1831)
		at org.apache.tomcat.util.net.SocketProcessorBase.run(SocketProcessorBase.java:52)
		at org.apache.tomcat.util.threads.ThreadPoolExecutor.runWorker(ThreadPoolExecutor.java:973)
		at org.apache.tomcat.util.threads.ThreadPoolExecutor$Worker.run(ThreadPoolExecutor.java:491)
		at org.apache.tomcat.util.threads.TaskThread$WrappingRunnable.run(TaskThread.java:63)
		at java.lang.Thread.run(Thread.java:748)
11-Jan-2026 16:50:19.392 SEVERE [http-nio-8080-exec-4] org.apache.catalina.core.ApplicationDispatcher.invoke Servlet.service() for servlet [default] threw exception
	java.io.FileNotFoundException: The requested resource [/onlinebookstore/index.html] is not available
		at org.apache.catalina.servlets.DefaultServlet.serveResource(DefaultServlet.java:902)
		at org.apache.catalina.servlets.DefaultServlet.doGet(DefaultServlet.java:540)
		at javax.servlet.http.HttpServlet.service(HttpServlet.java:529)
		at org.apache.catalina.servlets.DefaultServlet.service(DefaultServlet.java:530)
		at javax.servlet.http.HttpServlet.service(HttpServlet.java:623)
		at org.apache.catalina.core.ApplicationFilterChain.internalDoFilter(ApplicationFilterChain.java:197)
		at org.apache.catalina.core.ApplicationFilterChain.doFilter(ApplicationFilterChain.java:142)
		at org.apache.catalina.core.ApplicationDispatcher.invoke(ApplicationDispatcher.java:619)
		at org.apache.catalina.core.ApplicationDispatcher.doInclude(ApplicationDispatcher.java:496)
		at org.apache.catalina.core.ApplicationDispatcher.include(ApplicationDispatcher.java:444)
		at servlets.ErrorHandlerServlet.service(ErrorHandlerServlet.java:72)
		at javax.servlet.http.HttpServlet.service(HttpServlet.java:623)
		at org.apache.catalina.core.ApplicationFilterChain.internalDoFilter(ApplicationFilterChain.java:197)
		at org.apache.catalina.core.ApplicationFilterChain.doFilter(ApplicationFilterChain.java:142)
		at org.apache.catalina.core.ApplicationDispatcher.invoke(ApplicationDispatcher.java:619)
		at org.apache.catalina.core.ApplicationDispatcher.processRequest(ApplicationDispatcher.java:401)
		at org.apache.catalina.core.ApplicationDispatcher.doForward(ApplicationDispatcher.java:338)
		at org.apache.catalina.core.ApplicationDispatcher.forward(ApplicationDispatcher.java:283)
		at org.apache.catalina.core.StandardHostValve.custom(StandardHostValve.java:392)
		at org.apache.catalina.core.StandardHostValve.status(StandardHostValve.java:220)
		at org.apache.catalina.core.StandardHostValve.invoke(StandardHostValve.java:163)
		at org.apache.catalina.valves.ErrorReportValve.invoke(ErrorReportValve.java:83)
		at org.apache.catalina.valves.AbstractAccessLogValve.invoke(AbstractAccessLogValve.java:643)
		at org.apache.catalina.core.StandardEngineValve.invoke(StandardEngineValve.java:72)
		at org.apache.catalina.connector.CoyoteAdapter.service(CoyoteAdapter.java:344)
		at org.apache.coyote.http11.Http11Processor.service(Http11Processor.java:398)
		at org.apache.coyote.AbstractProcessorLight.process(AbstractProcessorLight.java:63)
		at org.apache.coyote.AbstractProtocol$ConnectionHandler.process(AbstractProtocol.java:939)
		at org.apache.tomcat.util.net.NioEndpoint$SocketProcessor.doRun(NioEndpoint.java:1831)
		at org.apache.tomcat.util.net.SocketProcessorBase.run(SocketProcessorBase.java:52)
		at org.apache.tomcat.util.threads.ThreadPoolExecutor.runWorker(ThreadPoolExecutor.java:973)
		at org.apache.tomcat.util.threads.ThreadPoolExecutor$Worker.run(ThreadPoolExecutor.java:491)
		at org.apache.tomcat.util.threads.TaskThread$WrappingRunnable.run(TaskThread.java:63)
		at java.lang.Thread.run(Thread.java:748)
11-Jan-2026 16:50:19.392 SEVERE [http-nio-8080-exec-4] org.apache.catalina.core.ApplicationDispatcher.invoke Servlet.service() for servlet [ErrorHandlerServlet] threw exception
	java.io.FileNotFoundException: The requested resource [/onlinebookstore/index.html] is not available
		at org.apache.catalina.servlets.DefaultServlet.serveResource(DefaultServlet.java:902)
		at org.apache.catalina.servlets.DefaultServlet.doGet(DefaultServlet.java:540)
		at javax.servlet.http.HttpServlet.service(HttpServlet.java:529)
		at org.apache.catalina.servlets.DefaultServlet.service(DefaultServlet.java:530)
		at javax.servlet.http.HttpServlet.service(HttpServlet.java:623)
		at org.apache.catalina.core.ApplicationFilterChain.internalDoFilter(ApplicationFilterChain.java:197)
		at org.apache.catalina.core.ApplicationFilterChain.doFilter(ApplicationFilterChain.java:142)
		at org.apache.catalina.core.ApplicationDispatcher.invoke(ApplicationDispatcher.java:619)
		at org.apache.catalina.core.ApplicationDispatcher.doInclude(ApplicationDispatcher.java:496)
		at org.apache.catalina.core.ApplicationDispatcher.include(ApplicationDispatcher.java:444)
		at servlets.ErrorHandlerServlet.service(ErrorHandlerServlet.java:72)
		at javax.servlet.http.HttpServlet.service(HttpServlet.java:623)
		at org.apache.catalina.core.ApplicationFilterChain.internalDoFilter(ApplicationFilterChain.java:197)
		at org.apache.catalina.core.ApplicationFilterChain.doFilter(ApplicationFilterChain.java:142)
		at org.apache.catalina.core.ApplicationDispatcher.invoke(ApplicationDispatcher.java:619)
		at org.apache.catalina.core.ApplicationDispatcher.processRequest(ApplicationDispatcher.java:401)
		at org.apache.catalina.core.ApplicationDispatcher.doForward(ApplicationDispatcher.java:338)
		at org.apache.catalina.core.ApplicationDispatcher.forward(ApplicationDispatcher.java:283)
		at org.apache.catalina.core.StandardHostValve.custom(StandardHostValve.java:392)
		at org.apache.catalina.core.StandardHostValve.status(StandardHostValve.java:220)
		at org.apache.catalina.core.StandardHostValve.invoke(StandardHostValve.java:163)
		at org.apache.catalina.valves.ErrorReportValve.invoke(ErrorReportValve.java:83)
		at org.apache.catalina.valves.AbstractAccessLogValve.invoke(AbstractAccessLogValve.java:643)
		at org.apache.catalina.core.StandardEngineValve.invoke(StandardEngineValve.java:72)
		at org.apache.catalina.connector.CoyoteAdapter.service(CoyoteAdapter.java:344)
		at org.apache.coyote.http11.Http11Processor.service(Http11Processor.java:398)
		at org.apache.coyote.AbstractProcessorLight.process(AbstractProcessorLight.java:63)
		at org.apache.coyote.AbstractProtocol$ConnectionHandler.process(AbstractProtocol.java:939)
		at org.apache.tomcat.util.net.NioEndpoint$SocketProcessor.doRun(NioEndpoint.java:1831)
		at org.apache.tomcat.util.net.SocketProcessorBase.run(SocketProcessorBase.java:52)
		at org.apache.tomcat.util.threads.ThreadPoolExecutor.runWorker(ThreadPoolExecutor.java:973)
		at org.apache.tomcat.util.threads.ThreadPoolExecutor$Worker.run(ThreadPoolExecutor.java:491)
		at org.apache.tomcat.util.threads.TaskThread$WrappingRunnable.run(TaskThread.java:63)
		at java.lang.Thread.run(Thread.java:748)
11-Jan-2026 16:50:19.392 SEVERE [http-nio-8080-exec-4] org.apache.catalina.core.StandardHostValve.custom Exception Processing [ErrorPage[errorCode=404, location=/error]]
	java.io.FileNotFoundException: The requested resource [/onlinebookstore/index.html] is not available
		at org.apache.catalina.servlets.DefaultServlet.serveResource(DefaultServlet.java:902)
		at org.apache.catalina.servlets.DefaultServlet.doGet(DefaultServlet.java:540)
		at javax.servlet.http.HttpServlet.service(HttpServlet.java:529)
		at org.apache.catalina.servlets.DefaultServlet.service(DefaultServlet.java:530)
		at javax.servlet.http.HttpServlet.service(HttpServlet.java:623)
		at org.apache.catalina.core.ApplicationFilterChain.internalDoFilter(ApplicationFilterChain.java:197)
		at org.apache.catalina.core.ApplicationFilterChain.doFilter(ApplicationFilterChain.java:142)
		at org.apache.catalina.core.ApplicationDispatcher.invoke(ApplicationDispatcher.java:619)
		at org.apache.catalina.core.ApplicationDispatcher.doInclude(ApplicationDispatcher.java:496)
		at org.apache.catalina.core.ApplicationDispatcher.include(ApplicationDispatcher.java:444)
		at servlets.ErrorHandlerServlet.service(ErrorHandlerServlet.java:72)
		at javax.servlet.http.HttpServlet.service(HttpServlet.java:623)
		at org.apache.catalina.core.ApplicationFilterChain.internalDoFilter(ApplicationFilterChain.java:197)
		at org.apache.catalina.core.ApplicationFilterChain.doFilter(ApplicationFilterChain.java:142)
		at org.apache.catalina.core.ApplicationDispatcher.invoke(ApplicationDispatcher.java:619)
		at org.apache.catalina.core.ApplicationDispatcher.processRequest(ApplicationDispatcher.java:401)
		at org.apache.catalina.core.ApplicationDispatcher.doForward(ApplicationDispatcher.java:338)
		at org.apache.catalina.core.ApplicationDispatcher.forward(ApplicationDispatcher.java:283)
		at org.apache.catalina.core.StandardHostValve.custom(StandardHostValve.java:392)
		at org.apache.catalina.core.StandardHostValve.status(StandardHostValve.java:220)
		at org.apache.catalina.core.StandardHostValve.invoke(StandardHostValve.java:163)
		at org.apache.catalina.valves.ErrorReportValve.invoke(ErrorReportValve.java:83)
		at org.apache.catalina.valves.AbstractAccessLogValve.invoke(AbstractAccessLogValve.java:643)
		at org.apache.catalina.core.StandardEngineValve.invoke(StandardEngineValve.java:72)
		at org.apache.catalina.connector.CoyoteAdapter.service(CoyoteAdapter.java:344)
		at org.apache.coyote.http11.Http11Processor.service(Http11Processor.java:398)
		at org.apache.coyote.AbstractProcessorLight.process(AbstractProcessorLight.java:63)
		at org.apache.coyote.AbstractProtocol$ConnectionHandler.process(AbstractProtocol.java:939)
		at org.apache.tomcat.util.net.NioEndpoint$SocketProcessor.doRun(NioEndpoint.java:1831)
		at org.apache.tomcat.util.net.SocketProcessorBase.run(SocketProcessorBase.java:52)
		at org.apache.tomcat.util.threads.ThreadPoolExecutor.runWorker(ThreadPoolExecutor.java:973)
		at org.apache.tomcat.util.threads.ThreadPoolExecutor$Worker.run(ThreadPoolExecutor.java:491)
		at org.apache.tomcat.util.threads.TaskThread$WrappingRunnable.run(TaskThread.java:63)
		at java.lang.Thread.run(Thread.java:748)
11-Jan-2026 16:50:19.556 SEVERE [http-nio-8080-exec-1] org.apache.catalina.core.ApplicationDispatcher.invoke Servlet.service() for servlet [default] threw exception
	java.io.FileNotFoundException: The requested resource [/onlinebookstore/index.html] is not available
		at org.apache.catalina.servlets.DefaultServlet.serveResource(DefaultServlet.java:902)
		at org.apache.catalina.servlets.DefaultServlet.doGet(DefaultServlet.java:540)
		at javax.servlet.http.HttpServlet.service(HttpServlet.java:529)
		at org.apache.catalina.servlets.DefaultServlet.service(DefaultServlet.java:530)
		at javax.servlet.http.HttpServlet.service(HttpServlet.java:623)
		at org.apache.catalina.core.ApplicationFilterChain.internalDoFilter(ApplicationFilterChain.java:197)
		at org.apache.catalina.core.ApplicationFilterChain.doFilter(ApplicationFilterChain.java:142)
		at org.apache.catalina.core.ApplicationDispatcher.invoke(ApplicationDispatcher.java:619)
		at org.apache.catalina.core.ApplicationDispatcher.doInclude(ApplicationDispatcher.java:496)
		at org.apache.catalina.core.ApplicationDispatcher.include(ApplicationDispatcher.java:444)
		at servlets.ErrorHandlerServlet.service(ErrorHandlerServlet.java:72)
		at javax.servlet.http.HttpServlet.service(HttpServlet.java:623)
		at org.apache.catalina.core.ApplicationFilterChain.internalDoFilter(ApplicationFilterChain.java:197)
		at org.apache.catalina.core.ApplicationFilterChain.doFilter(ApplicationFilterChain.java:142)
		at org.apache.catalina.core.ApplicationDispatcher.invoke(ApplicationDispatcher.java:619)
		at org.apache.catalina.core.ApplicationDispatcher.processRequest(ApplicationDispatcher.java:401)
		at org.apache.catalina.core.ApplicationDispatcher.doForward(ApplicationDispatcher.java:338)
		at org.apache.catalina.core.ApplicationDispatcher.forward(ApplicationDispatcher.java:283)
		at org.apache.catalina.core.StandardHostValve.custom(StandardHostValve.java:392)
		at org.apache.catalina.core.StandardHostValve.status(StandardHostValve.java:220)
		at org.apache.catalina.core.StandardHostValve.invoke(StandardHostValve.java:163)
		at org.apache.catalina.valves.ErrorReportValve.invoke(ErrorReportValve.java:83)
		at org.apache.catalina.valves.AbstractAccessLogValve.invoke(AbstractAccessLogValve.java:643)
		at org.apache.catalina.core.StandardEngineValve.invoke(StandardEngineValve.java:72)
		at org.apache.catalina.connector.CoyoteAdapter.service(CoyoteAdapter.java:344)
		at org.apache.coyote.http11.Http11Processor.service(Http11Processor.java:398)
		at org.apache.coyote.AbstractProcessorLight.process(AbstractProcessorLight.java:63)
		at org.apache.coyote.AbstractProtocol$ConnectionHandler.process(AbstractProtocol.java:939)
		at org.apache.tomcat.util.net.NioEndpoint$SocketProcessor.doRun(NioEndpoint.java:1831)
		at org.apache.tomcat.util.net.SocketProcessorBase.run(SocketProcessorBase.java:52)
		at org.apache.tomcat.util.threads.ThreadPoolExecutor.runWorker(ThreadPoolExecutor.java:973)
		at org.apache.tomcat.util.threads.ThreadPoolExecutor$Worker.run(ThreadPoolExecutor.java:491)
		at org.apache.tomcat.util.threads.TaskThread$WrappingRunnable.run(TaskThread.java:63)
		at java.lang.Thread.run(Thread.java:748)
11-Jan-2026 16:50:19.556 SEVERE [http-nio-8080-exec-1] org.apache.catalina.core.ApplicationDispatcher.invoke Servlet.service() for servlet [ErrorHandlerServlet] threw exception
	java.io.FileNotFoundException: The requested resource [/onlinebookstore/index.html] is not available
		at org.apache.catalina.servlets.DefaultServlet.serveResource(DefaultServlet.java:902)
		at org.apache.catalina.servlets.DefaultServlet.doGet(DefaultServlet.java:540)
		at javax.servlet.http.HttpServlet.service(HttpServlet.java:529)
		at org.apache.catalina.servlets.DefaultServlet.service(DefaultServlet.java:530)
		at javax.servlet.http.HttpServlet.service(HttpServlet.java:623)
		at org.apache.catalina.core.ApplicationFilterChain.internalDoFilter(ApplicationFilterChain.java:197)
		at org.apache.catalina.core.ApplicationFilterChain.doFilter(ApplicationFilterChain.java:142)
		at org.apache.catalina.core.ApplicationDispatcher.invoke(ApplicationDispatcher.java:619)
		at org.apache.catalina.core.ApplicationDispatcher.doInclude(ApplicationDispatcher.java:496)
		at org.apache.catalina.core.ApplicationDispatcher.include(ApplicationDispatcher.java:444)
		at servlets.ErrorHandlerServlet.service(ErrorHandlerServlet.java:72)
		at javax.servlet.http.HttpServlet.service(HttpServlet.java:623)
		at org.apache.catalina.core.ApplicationFilterChain.internalDoFilter(ApplicationFilterChain.java:197)
		at org.apache.catalina.core.ApplicationFilterChain.doFilter(ApplicationFilterChain.java:142)
		at org.apache.catalina.core.ApplicationDispatcher.invoke(ApplicationDispatcher.java:619)
		at org.apache.catalina.core.ApplicationDispatcher.processRequest(ApplicationDispatcher.java:401)
		at org.apache.catalina.core.ApplicationDispatcher.doForward(ApplicationDispatcher.java:338)
		at org.apache.catalina.core.ApplicationDispatcher.forward(ApplicationDispatcher.java:283)
		at org.apache.catalina.core.StandardHostValve.custom(StandardHostValve.java:392)
		at org.apache.catalina.core.StandardHostValve.status(StandardHostValve.java:220)
		at org.apache.catalina.core.StandardHostValve.invoke(StandardHostValve.java:163)
		at org.apache.catalina.valves.ErrorReportValve.invoke(ErrorReportValve.java:83)
		at org.apache.catalina.valves.AbstractAccessLogValve.invoke(AbstractAccessLogValve.java:643)
		at org.apache.catalina.core.StandardEngineValve.invoke(StandardEngineValve.java:72)
		at org.apache.catalina.connector.CoyoteAdapter.service(CoyoteAdapter.java:344)
		at org.apache.coyote.http11.Http11Processor.service(Http11Processor.java:398)
		at org.apache.coyote.AbstractProcessorLight.process(AbstractProcessorLight.java:63)
		at org.apache.coyote.AbstractProtocol$ConnectionHandler.process(AbstractProtocol.java:939)
		at org.apache.tomcat.util.net.NioEndpoint$SocketProcessor.doRun(NioEndpoint.java:1831)
		at org.apache.tomcat.util.net.SocketProcessorBase.run(SocketProcessorBase.java:52)
		at org.apache.tomcat.util.threads.ThreadPoolExecutor.runWorker(ThreadPoolExecutor.java:973)
		at org.apache.tomcat.util.threads.ThreadPoolExecutor$Worker.run(ThreadPoolExecutor.java:491)
		at org.apache.tomcat.util.threads.TaskThread$WrappingRunnable.run(TaskThread.java:63)
		at java.lang.Thread.run(Thread.java:748)
11-Jan-2026 16:50:19.556 SEVERE [http-nio-8080-exec-1] org.apache.catalina.core.StandardHostValve.custom Exception Processing [ErrorPage[errorCode=404, location=/error]]
	java.io.FileNotFoundException: The requested resource [/onlinebookstore/index.html] is not available
		at org.apache.catalina.servlets.DefaultServlet.serveResource(DefaultServlet.java:902)
		at org.apache.catalina.servlets.DefaultServlet.doGet(DefaultServlet.java:540)
		at javax.servlet.http.HttpServlet.service(HttpServlet.java:529)
		at org.apache.catalina.servlets.DefaultServlet.service(DefaultServlet.java:530)
		at javax.servlet.http.HttpServlet.service(HttpServlet.java:623)
		at org.apache.catalina.core.ApplicationFilterChain.internalDoFilter(ApplicationFilterChain.java:197)
		at org.apache.catalina.core.ApplicationFilterChain.doFilter(ApplicationFilterChain.java:142)
		at org.apache.catalina.core.ApplicationDispatcher.invoke(ApplicationDispatcher.java:619)
		at org.apache.catalina.core.ApplicationDispatcher.doInclude(ApplicationDispatcher.java:496)
		at org.apache.catalina.core.ApplicationDispatcher.include(ApplicationDispatcher.java:444)
		at servlets.ErrorHandlerServlet.service(ErrorHandlerServlet.java:72)
		at javax.servlet.http.HttpServlet.service(HttpServlet.java:623)
		at org.apache.catalina.core.ApplicationFilterChain.internalDoFilter(ApplicationFilterChain.java:197)
		at org.apache.catalina.core.ApplicationFilterChain.doFilter(ApplicationFilterChain.java:142)
		at org.apache.catalina.core.ApplicationDispatcher.invoke(ApplicationDispatcher.java:619)
		at org.apache.catalina.core.ApplicationDispatcher.processRequest(ApplicationDispatcher.java:401)
		at org.apache.catalina.core.ApplicationDispatcher.doForward(ApplicationDispatcher.java:338)
		at org.apache.catalina.core.ApplicationDispatcher.forward(ApplicationDispatcher.java:283)
		at org.apache.catalina.core.StandardHostValve.custom(StandardHostValve.java:392)
		at org.apache.catalina.core.StandardHostValve.status(StandardHostValve.java:220)
		at org.apache.catalina.core.StandardHostValve.invoke(StandardHostValve.java:163)
		at org.apache.catalina.valves.ErrorReportValve.invoke(ErrorReportValve.java:83)
		at org.apache.catalina.valves.AbstractAccessLogValve.invoke(AbstractAccessLogValve.java:643)
		at org.apache.catalina.core.StandardEngineValve.invoke(StandardEngineValve.java:72)
		at org.apache.catalina.connector.CoyoteAdapter.service(CoyoteAdapter.java:344)
		at org.apache.coyote.http11.Http11Processor.service(Http11Processor.java:398)
		at org.apache.coyote.AbstractProcessorLight.process(AbstractProcessorLight.java:63)
		at org.apache.coyote.AbstractProtocol$ConnectionHandler.process(AbstractProtocol.java:939)
		at org.apache.tomcat.util.net.NioEndpoint$SocketProcessor.doRun(NioEndpoint.java:1831)
		at org.apache.tomcat.util.net.SocketProcessorBase.run(SocketProcessorBase.java:52)
		at org.apache.tomcat.util.threads.ThreadPoolExecutor.runWorker(ThreadPoolExecutor.java:973)
		at org.apache.tomcat.util.threads.ThreadPoolExecutor$Worker.run(ThreadPoolExecutor.java:491)
		at org.apache.tomcat.util.threads.TaskThread$WrappingRunnable.run(TaskThread.java:63)
		at java.lang.Thread.run(Thread.java:748)
11-Jan-2026 16:50:19.699 SEVERE [http-nio-8080-exec-5] org.apache.catalina.core.ApplicationDispatcher.invoke Servlet.service() for servlet [default] threw exception
	java.io.FileNotFoundException: The requested resource [/onlinebookstore/index.html] is not available
		at org.apache.catalina.servlets.DefaultServlet.serveResource(DefaultServlet.java:902)
		at org.apache.catalina.servlets.DefaultServlet.doGet(DefaultServlet.java:540)
		at javax.servlet.http.HttpServlet.service(HttpServlet.java:529)
		at org.apache.catalina.servlets.DefaultServlet.service(DefaultServlet.java:530)
		at javax.servlet.http.HttpServlet.service(HttpServlet.java:623)
		at org.apache.catalina.core.ApplicationFilterChain.internalDoFilter(ApplicationFilterChain.java:197)
		at org.apache.catalina.core.ApplicationFilterChain.doFilter(ApplicationFilterChain.java:142)
		at org.apache.catalina.core.ApplicationDispatcher.invoke(ApplicationDispatcher.java:619)
		at org.apache.catalina.core.ApplicationDispatcher.doInclude(ApplicationDispatcher.java:496)
		at org.apache.catalina.core.ApplicationDispatcher.include(ApplicationDispatcher.java:444)
		at servlets.ErrorHandlerServlet.service(ErrorHandlerServlet.java:72)
		at javax.servlet.http.HttpServlet.service(HttpServlet.java:623)
		at org.apache.catalina.core.ApplicationFilterChain.internalDoFilter(ApplicationFilterChain.java:197)
		at org.apache.catalina.core.ApplicationFilterChain.doFilter(ApplicationFilterChain.java:142)
		at org.apache.catalina.core.ApplicationDispatcher.invoke(ApplicationDispatcher.java:619)
		at org.apache.catalina.core.ApplicationDispatcher.processRequest(ApplicationDispatcher.java:401)
		at org.apache.catalina.core.ApplicationDispatcher.doForward(ApplicationDispatcher.java:338)
		at org.apache.catalina.core.ApplicationDispatcher.forward(ApplicationDispatcher.java:283)
		at org.apache.catalina.core.StandardHostValve.custom(StandardHostValve.java:392)
		at org.apache.catalina.core.StandardHostValve.status(StandardHostValve.java:220)
		at org.apache.catalina.core.StandardHostValve.invoke(StandardHostValve.java:163)
		at org.apache.catalina.valves.ErrorReportValve.invoke(ErrorReportValve.java:83)
		at org.apache.catalina.valves.AbstractAccessLogValve.invoke(AbstractAccessLogValve.java:643)
		at org.apache.catalina.core.StandardEngineValve.invoke(StandardEngineValve.java:72)
		at org.apache.catalina.connector.CoyoteAdapter.service(CoyoteAdapter.java:344)
		at org.apache.coyote.http11.Http11Processor.service(Http11Processor.java:398)
		at org.apache.coyote.AbstractProcessorLight.process(AbstractProcessorLight.java:63)
		at org.apache.coyote.AbstractProtocol$ConnectionHandler.process(AbstractProtocol.java:939)
		at org.apache.tomcat.util.net.NioEndpoint$SocketProcessor.doRun(NioEndpoint.java:1831)
		at org.apache.tomcat.util.net.SocketProcessorBase.run(SocketProcessorBase.java:52)
		at org.apache.tomcat.util.threads.ThreadPoolExecutor.runWorker(ThreadPoolExecutor.java:973)
		at org.apache.tomcat.util.threads.ThreadPoolExecutor$Worker.run(ThreadPoolExecutor.java:491)
		at org.apache.tomcat.util.threads.TaskThread$WrappingRunnable.run(TaskThread.java:63)
		at java.lang.Thread.run(Thread.java:748)
11-Jan-2026 16:50:19.701 SEVERE [http-nio-8080-exec-5] org.apache.catalina.core.ApplicationDispatcher.invoke Servlet.service() for servlet [ErrorHandlerServlet] threw exception
	java.io.FileNotFoundException: The requested resource [/onlinebookstore/index.html] is not available
		at org.apache.catalina.servlets.DefaultServlet.serveResource(DefaultServlet.java:902)
		at org.apache.catalina.servlets.DefaultServlet.doGet(DefaultServlet.java:540)
		at javax.servlet.http.HttpServlet.service(HttpServlet.java:529)
		at org.apache.catalina.servlets.DefaultServlet.service(DefaultServlet.java:530)
		at javax.servlet.http.HttpServlet.service(HttpServlet.java:623)
		at org.apache.catalina.core.ApplicationFilterChain.internalDoFilter(ApplicationFilterChain.java:197)
		at org.apache.catalina.core.ApplicationFilterChain.doFilter(ApplicationFilterChain.java:142)
		at org.apache.catalina.core.ApplicationDispatcher.invoke(ApplicationDispatcher.java:619)
		at org.apache.catalina.core.ApplicationDispatcher.doInclude(ApplicationDispatcher.java:496)
		at org.apache.catalina.core.ApplicationDispatcher.include(ApplicationDispatcher.java:444)
		at servlets.ErrorHandlerServlet.service(ErrorHandlerServlet.java:72)
		at javax.servlet.http.HttpServlet.service(HttpServlet.java:623)
		at org.apache.catalina.core.ApplicationFilterChain.internalDoFilter(ApplicationFilterChain.java:197)
		at org.apache.catalina.core.ApplicationFilterChain.doFilter(ApplicationFilterChain.java:142)
		at org.apache.catalina.core.ApplicationDispatcher.invoke(ApplicationDispatcher.java:619)
		at org.apache.catalina.core.ApplicationDispatcher.processRequest(ApplicationDispatcher.java:401)
		at org.apache.catalina.core.ApplicationDispatcher.doForward(ApplicationDispatcher.java:338)
		at org.apache.catalina.core.ApplicationDispatcher.forward(ApplicationDispatcher.java:283)
		at org.apache.catalina.core.StandardHostValve.custom(StandardHostValve.java:392)
		at org.apache.catalina.core.StandardHostValve.status(StandardHostValve.java:220)
		at org.apache.catalina.core.StandardHostValve.invoke(StandardHostValve.java:163)
		at org.apache.catalina.valves.ErrorReportValve.invoke(ErrorReportValve.java:83)
		at org.apache.catalina.valves.AbstractAccessLogValve.invoke(AbstractAccessLogValve.java:643)
		at org.apache.catalina.core.StandardEngineValve.invoke(StandardEngineValve.java:72)
		at org.apache.catalina.connector.CoyoteAdapter.service(CoyoteAdapter.java:344)
		at org.apache.coyote.http11.Http11Processor.service(Http11Processor.java:398)
		at org.apache.coyote.AbstractProcessorLight.process(AbstractProcessorLight.java:63)
		at org.apache.coyote.AbstractProtocol$ConnectionHandler.process(AbstractProtocol.java:939)
		at org.apache.tomcat.util.net.NioEndpoint$SocketProcessor.doRun(NioEndpoint.java:1831)
		at org.apache.tomcat.util.net.SocketProcessorBase.run(SocketProcessorBase.java:52)
		at org.apache.tomcat.util.threads.ThreadPoolExecutor.runWorker(ThreadPoolExecutor.java:973)
		at org.apache.tomcat.util.threads.ThreadPoolExecutor$Worker.run(ThreadPoolExecutor.java:491)
		at org.apache.tomcat.util.threads.TaskThread$WrappingRunnable.run(TaskThread.java:63)
		at java.lang.Thread.run(Thread.java:748)
11-Jan-2026 16:50:19.701 SEVERE [http-nio-8080-exec-5] org.apache.catalina.core.StandardHostValve.custom Exception Processing [ErrorPage[errorCode=404, location=/error]]
	java.io.FileNotFoundException: The requested resource [/onlinebookstore/index.html] is not available
		at org.apache.catalina.servlets.DefaultServlet.serveResource(DefaultServlet.java:902)
		at org.apache.catalina.servlets.DefaultServlet.doGet(DefaultServlet.java:540)
		at javax.servlet.http.HttpServlet.service(HttpServlet.java:529)
		at org.apache.catalina.servlets.DefaultServlet.service(DefaultServlet.java:530)
		at javax.servlet.http.HttpServlet.service(HttpServlet.java:623)
		at org.apache.catalina.core.ApplicationFilterChain.internalDoFilter(ApplicationFilterChain.java:197)
		at org.apache.catalina.core.ApplicationFilterChain.doFilter(ApplicationFilterChain.java:142)
		at org.apache.catalina.core.ApplicationDispatcher.invoke(ApplicationDispatcher.java:619)
		at org.apache.catalina.core.ApplicationDispatcher.doInclude(ApplicationDispatcher.java:496)
		at org.apache.catalina.core.ApplicationDispatcher.include(ApplicationDispatcher.java:444)
		at servlets.ErrorHandlerServlet.service(ErrorHandlerServlet.java:72)
		at javax.servlet.http.HttpServlet.service(HttpServlet.java:623)
		at org.apache.catalina.core.ApplicationFilterChain.internalDoFilter(ApplicationFilterChain.java:197)
		at org.apache.catalina.core.ApplicationFilterChain.doFilter(ApplicationFilterChain.java:142)
		at org.apache.catalina.core.ApplicationDispatcher.invoke(ApplicationDispatcher.java:619)
		at org.apache.catalina.core.ApplicationDispatcher.processRequest(ApplicationDispatcher.java:401)
		at org.apache.catalina.core.ApplicationDispatcher.doForward(ApplicationDispatcher.java:338)
		at org.apache.catalina.core.ApplicationDispatcher.forward(ApplicationDispatcher.java:283)
		at org.apache.catalina.core.StandardHostValve.custom(StandardHostValve.java:392)
		at org.apache.catalina.core.StandardHostValve.status(StandardHostValve.java:220)
		at org.apache.catalina.core.StandardHostValve.invoke(StandardHostValve.java:163)
		at org.apache.catalina.valves.ErrorReportValve.invoke(ErrorReportValve.java:83)
		at org.apache.catalina.valves.AbstractAccessLogValve.invoke(AbstractAccessLogValve.java:643)
		at org.apache.catalina.core.StandardEngineValve.invoke(StandardEngineValve.java:72)
		at org.apache.catalina.connector.CoyoteAdapter.service(CoyoteAdapter.java:344)
		at org.apache.coyote.http11.Http11Processor.service(Http11Processor.java:398)
		at org.apache.coyote.AbstractProcessorLight.process(AbstractProcessorLight.java:63)
		at org.apache.coyote.AbstractProtocol$ConnectionHandler.process(AbstractProtocol.java:939)
		at org.apache.tomcat.util.net.NioEndpoint$SocketProcessor.doRun(NioEndpoint.java:1831)
		at org.apache.tomcat.util.net.SocketProcessorBase.run(SocketProcessorBase.java:52)
		at org.apache.tomcat.util.threads.ThreadPoolExecutor.runWorker(ThreadPoolExecutor.java:973)
		at org.apache.tomcat.util.threads.ThreadPoolExecutor$Worker.run(ThreadPoolExecutor.java:491)
		at org.apache.tomcat.util.threads.TaskThread$WrappingRunnable.run(TaskThread.java:63)
		at java.lang.Thread.run(Thread.java:748)
11-Jan-2026 16:50:19.834 SEVERE [http-nio-8080-exec-8] org.apache.catalina.core.ApplicationDispatcher.invoke Servlet.service() for servlet [default] threw exception
	java.io.FileNotFoundException: The requested resource [/onlinebookstore/index.html] is not available
		at org.apache.catalina.servlets.DefaultServlet.serveResource(DefaultServlet.java:902)
		at org.apache.catalina.servlets.DefaultServlet.doGet(DefaultServlet.java:540)
		at javax.servlet.http.HttpServlet.service(HttpServlet.java:529)
		at org.apache.catalina.servlets.DefaultServlet.service(DefaultServlet.java:530)
		at javax.servlet.http.HttpServlet.service(HttpServlet.java:623)
		at org.apache.catalina.core.ApplicationFilterChain.internalDoFilter(ApplicationFilterChain.java:197)
		at org.apache.catalina.core.ApplicationFilterChain.doFilter(ApplicationFilterChain.java:142)
		at org.apache.catalina.core.ApplicationDispatcher.invoke(ApplicationDispatcher.java:619)
		at org.apache.catalina.core.ApplicationDispatcher.doInclude(ApplicationDispatcher.java:496)
		at org.apache.catalina.core.ApplicationDispatcher.include(ApplicationDispatcher.java:444)
		at servlets.ErrorHandlerServlet.service(ErrorHandlerServlet.java:72)
		at javax.servlet.http.HttpServlet.service(HttpServlet.java:623)
		at org.apache.catalina.core.ApplicationFilterChain.internalDoFilter(ApplicationFilterChain.java:197)
		at org.apache.catalina.core.ApplicationFilterChain.doFilter(ApplicationFilterChain.java:142)
		at org.apache.catalina.core.ApplicationDispatcher.invoke(ApplicationDispatcher.java:619)
		at org.apache.catalina.core.ApplicationDispatcher.processRequest(ApplicationDispatcher.java:401)
		at org.apache.catalina.core.ApplicationDispatcher.doForward(ApplicationDispatcher.java:338)
		at org.apache.catalina.core.ApplicationDispatcher.forward(ApplicationDispatcher.java:283)
		at org.apache.catalina.core.StandardHostValve.custom(StandardHostValve.java:392)
		at org.apache.catalina.core.StandardHostValve.status(StandardHostValve.java:220)
		at org.apache.catalina.core.StandardHostValve.invoke(StandardHostValve.java:163)
		at org.apache.catalina.valves.ErrorReportValve.invoke(ErrorReportValve.java:83)
		at org.apache.catalina.valves.AbstractAccessLogValve.invoke(AbstractAccessLogValve.java:643)
		at org.apache.catalina.core.StandardEngineValve.invoke(StandardEngineValve.java:72)
		at org.apache.catalina.connector.CoyoteAdapter.service(CoyoteAdapter.java:344)
		at org.apache.coyote.http11.Http11Processor.service(Http11Processor.java:398)
		at org.apache.coyote.AbstractProcessorLight.process(AbstractProcessorLight.java:63)
		at org.apache.coyote.AbstractProtocol$ConnectionHandler.process(AbstractProtocol.java:939)
		at org.apache.tomcat.util.net.NioEndpoint$SocketProcessor.doRun(NioEndpoint.java:1831)
		at org.apache.tomcat.util.net.SocketProcessorBase.run(SocketProcessorBase.java:52)
		at org.apache.tomcat.util.threads.ThreadPoolExecutor.runWorker(ThreadPoolExecutor.java:973)
		at org.apache.tomcat.util.threads.ThreadPoolExecutor$Worker.run(ThreadPoolExecutor.java:491)
		at org.apache.tomcat.util.threads.TaskThread$WrappingRunnable.run(TaskThread.java:63)
		at java.lang.Thread.run(Thread.java:748)
11-Jan-2026 16:50:19.834 SEVERE [http-nio-8080-exec-8] org.apache.catalina.core.ApplicationDispatcher.invoke Servlet.service() for servlet [ErrorHandlerServlet] threw exception
	java.io.FileNotFoundException: The requested resource [/onlinebookstore/index.html] is not available
		at org.apache.catalina.servlets.DefaultServlet.serveResource(DefaultServlet.java:902)
		at org.apache.catalina.servlets.DefaultServlet.doGet(DefaultServlet.java:540)
		at javax.servlet.http.HttpServlet.service(HttpServlet.java:529)
		at org.apache.catalina.servlets.DefaultServlet.service(DefaultServlet.java:530)
		at javax.servlet.http.HttpServlet.service(HttpServlet.java:623)
		at org.apache.catalina.core.ApplicationFilterChain.internalDoFilter(ApplicationFilterChain.java:197)
		at org.apache.catalina.core.ApplicationFilterChain.doFilter(ApplicationFilterChain.java:142)
		at org.apache.catalina.core.ApplicationDispatcher.invoke(ApplicationDispatcher.java:619)
		at org.apache.catalina.core.ApplicationDispatcher.doInclude(ApplicationDispatcher.java:496)
		at org.apache.catalina.core.ApplicationDispatcher.include(ApplicationDispatcher.java:444)
		at servlets.ErrorHandlerServlet.service(ErrorHandlerServlet.java:72)
		at javax.servlet.http.HttpServlet.service(HttpServlet.java:623)
		at org.apache.catalina.core.ApplicationFilterChain.internalDoFilter(ApplicationFilterChain.java:197)
		at org.apache.catalina.core.ApplicationFilterChain.doFilter(ApplicationFilterChain.java:142)
		at org.apache.catalina.core.ApplicationDispatcher.invoke(ApplicationDispatcher.java:619)
		at org.apache.catalina.core.ApplicationDispatcher.processRequest(ApplicationDispatcher.java:401)
		at org.apache.catalina.core.ApplicationDispatcher.doForward(ApplicationDispatcher.java:338)
		at org.apache.catalina.core.ApplicationDispatcher.forward(ApplicationDispatcher.java:283)
		at org.apache.catalina.core.StandardHostValve.custom(StandardHostValve.java:392)
		at org.apache.catalina.core.StandardHostValve.status(StandardHostValve.java:220)
		at org.apache.catalina.core.StandardHostValve.invoke(StandardHostValve.java:163)
		at org.apache.catalina.valves.ErrorReportValve.invoke(ErrorReportValve.java:83)
		at org.apache.catalina.valves.AbstractAccessLogValve.invoke(AbstractAccessLogValve.java:643)
		at org.apache.catalina.core.StandardEngineValve.invoke(StandardEngineValve.java:72)
		at org.apache.catalina.connector.CoyoteAdapter.service(CoyoteAdapter.java:344)
		at org.apache.coyote.http11.Http11Processor.service(Http11Processor.java:398)
		at org.apache.coyote.AbstractProcessorLight.process(AbstractProcessorLight.java:63)
		at org.apache.coyote.AbstractProtocol$ConnectionHandler.process(AbstractProtocol.java:939)
		at org.apache.tomcat.util.net.NioEndpoint$SocketProcessor.doRun(NioEndpoint.java:1831)
		at org.apache.tomcat.util.net.SocketProcessorBase.run(SocketProcessorBase.java:52)
		at org.apache.tomcat.util.threads.ThreadPoolExecutor.runWorker(ThreadPoolExecutor.java:973)
		at org.apache.tomcat.util.threads.ThreadPoolExecutor$Worker.run(ThreadPoolExecutor.java:491)
		at org.apache.tomcat.util.threads.TaskThread$WrappingRunnable.run(TaskThread.java:63)
		at java.lang.Thread.run(Thread.java:748)
11-Jan-2026 16:50:19.834 SEVERE [http-nio-8080-exec-8] org.apache.catalina.core.StandardHostValve.custom Exception Processing [ErrorPage[errorCode=404, location=/error]]
	java.io.FileNotFoundException: The requested resource [/onlinebookstore/index.html] is not available
		at org.apache.catalina.servlets.DefaultServlet.serveResource(DefaultServlet.java:902)
		at org.apache.catalina.servlets.DefaultServlet.doGet(DefaultServlet.java:540)
		at javax.servlet.http.HttpServlet.service(HttpServlet.java:529)
		at org.apache.catalina.servlets.DefaultServlet.service(DefaultServlet.java:530)
		at javax.servlet.http.HttpServlet.service(HttpServlet.java:623)
		at org.apache.catalina.core.ApplicationFilterChain.internalDoFilter(ApplicationFilterChain.java:197)
		at org.apache.catalina.core.ApplicationFilterChain.doFilter(ApplicationFilterChain.java:142)
		at org.apache.catalina.core.ApplicationDispatcher.invoke(ApplicationDispatcher.java:619)
		at org.apache.catalina.core.ApplicationDispatcher.doInclude(ApplicationDispatcher.java:496)
		at org.apache.catalina.core.ApplicationDispatcher.include(ApplicationDispatcher.java:444)
		at servlets.ErrorHandlerServlet.service(ErrorHandlerServlet.java:72)
		at javax.servlet.http.HttpServlet.service(HttpServlet.java:623)
		at org.apache.catalina.core.ApplicationFilterChain.internalDoFilter(ApplicationFilterChain.java:197)
		at org.apache.catalina.core.ApplicationFilterChain.doFilter(ApplicationFilterChain.java:142)
		at org.apache.catalina.core.ApplicationDispatcher.invoke(ApplicationDispatcher.java:619)
		at org.apache.catalina.core.ApplicationDispatcher.processRequest(ApplicationDispatcher.java:401)
		at org.apache.catalina.core.ApplicationDispatcher.doForward(ApplicationDispatcher.java:338)
		at org.apache.catalina.core.ApplicationDispatcher.forward(ApplicationDispatcher.java:283)
		at org.apache.catalina.core.StandardHostValve.custom(StandardHostValve.java:392)
		at org.apache.catalina.core.StandardHostValve.status(StandardHostValve.java:220)
		at org.apache.catalina.core.StandardHostValve.invoke(StandardHostValve.java:163)
		at org.apache.catalina.valves.ErrorReportValve.invoke(ErrorReportValve.java:83)
		at org.apache.catalina.valves.AbstractAccessLogValve.invoke(AbstractAccessLogValve.java:643)
		at org.apache.catalina.core.StandardEngineValve.invoke(StandardEngineValve.java:72)
		at org.apache.catalina.connector.CoyoteAdapter.service(CoyoteAdapter.java:344)
		at org.apache.coyote.http11.Http11Processor.service(Http11Processor.java:398)
		at org.apache.coyote.AbstractProcessorLight.process(AbstractProcessorLight.java:63)
		at org.apache.coyote.AbstractProtocol$ConnectionHandler.process(AbstractProtocol.java:939)
		at org.apache.tomcat.util.net.NioEndpoint$SocketProcessor.doRun(NioEndpoint.java:1831)
		at org.apache.tomcat.util.net.SocketProcessorBase.run(SocketProcessorBase.java:52)
		at org.apache.tomcat.util.threads.ThreadPoolExecutor.runWorker(ThreadPoolExecutor.java:973)
		at org.apache.tomcat.util.threads.ThreadPoolExecutor$Worker.run(ThreadPoolExecutor.java:491)
		at org.apache.tomcat.util.threads.TaskThread$WrappingRunnable.run(TaskThread.java:63)
		at java.lang.Thread.run(Thread.java:748)
11-Jan-2026 16:50:19.983 SEVERE [http-nio-8080-exec-2] org.apache.catalina.core.ApplicationDispatcher.invoke Servlet.service() for servlet [default] threw exception
	java.io.FileNotFoundException: The requested resource [/onlinebookstore/index.html] is not available
		at org.apache.catalina.servlets.DefaultServlet.serveResource(DefaultServlet.java:902)
		at org.apache.catalina.servlets.DefaultServlet.doGet(DefaultServlet.java:540)
		at javax.servlet.http.HttpServlet.service(HttpServlet.java:529)
		at org.apache.catalina.servlets.DefaultServlet.service(DefaultServlet.java:530)
		at javax.servlet.http.HttpServlet.service(HttpServlet.java:623)
		at org.apache.catalina.core.ApplicationFilterChain.internalDoFilter(ApplicationFilterChain.java:197)
		at org.apache.catalina.core.ApplicationFilterChain.doFilter(ApplicationFilterChain.java:142)
		at org.apache.catalina.core.ApplicationDispatcher.invoke(ApplicationDispatcher.java:619)
		at org.apache.catalina.core.ApplicationDispatcher.doInclude(ApplicationDispatcher.java:496)
		at org.apache.catalina.core.ApplicationDispatcher.include(ApplicationDispatcher.java:444)
		at servlets.ErrorHandlerServlet.service(ErrorHandlerServlet.java:72)
		at javax.servlet.http.HttpServlet.service(HttpServlet.java:623)
		at org.apache.catalina.core.ApplicationFilterChain.internalDoFilter(ApplicationFilterChain.java:197)
		at org.apache.catalina.core.ApplicationFilterChain.doFilter(ApplicationFilterChain.java:142)
		at org.apache.catalina.core.ApplicationDispatcher.invoke(ApplicationDispatcher.java:619)
		at org.apache.catalina.core.ApplicationDispatcher.processRequest(ApplicationDispatcher.java:401)
		at org.apache.catalina.core.ApplicationDispatcher.doForward(ApplicationDispatcher.java:338)
		at org.apache.catalina.core.ApplicationDispatcher.forward(ApplicationDispatcher.java:283)
		at org.apache.catalina.core.StandardHostValve.custom(StandardHostValve.java:392)
		at org.apache.catalina.core.StandardHostValve.status(StandardHostValve.java:220)
		at org.apache.catalina.core.StandardHostValve.invoke(StandardHostValve.java:163)
		at org.apache.catalina.valves.ErrorReportValve.invoke(ErrorReportValve.java:83)
		at org.apache.catalina.valves.AbstractAccessLogValve.invoke(AbstractAccessLogValve.java:643)
		at org.apache.catalina.core.StandardEngineValve.invoke(StandardEngineValve.java:72)
		at org.apache.catalina.connector.CoyoteAdapter.service(CoyoteAdapter.java:344)
		at org.apache.coyote.http11.Http11Processor.service(Http11Processor.java:398)
		at org.apache.coyote.AbstractProcessorLight.process(AbstractProcessorLight.java:63)
		at org.apache.coyote.AbstractProtocol$ConnectionHandler.process(AbstractProtocol.java:939)
		at org.apache.tomcat.util.net.NioEndpoint$SocketProcessor.doRun(NioEndpoint.java:1831)
		at org.apache.tomcat.util.net.SocketProcessorBase.run(SocketProcessorBase.java:52)
		at org.apache.tomcat.util.threads.ThreadPoolExecutor.runWorker(ThreadPoolExecutor.java:973)
		at org.apache.tomcat.util.threads.ThreadPoolExecutor$Worker.run(ThreadPoolExecutor.java:491)
		at org.apache.tomcat.util.threads.TaskThread$WrappingRunnable.run(TaskThread.java:63)
		at java.lang.Thread.run(Thread.java:748)
11-Jan-2026 16:50:19.983 SEVERE [http-nio-8080-exec-2] org.apache.catalina.core.ApplicationDispatcher.invoke Servlet.service() for servlet [ErrorHandlerServlet] threw exception
	java.io.FileNotFoundException: The requested resource [/onlinebookstore/index.html] is not available
		at org.apache.catalina.servlets.DefaultServlet.serveResource(DefaultServlet.java:902)
		at org.apache.catalina.servlets.DefaultServlet.doGet(DefaultServlet.java:540)
		at javax.servlet.http.HttpServlet.service(HttpServlet.java:529)
		at org.apache.catalina.servlets.DefaultServlet.service(DefaultServlet.java:530)
		at javax.servlet.http.HttpServlet.service(HttpServlet.java:623)
		at org.apache.catalina.core.ApplicationFilterChain.internalDoFilter(ApplicationFilterChain.java:197)
		at org.apache.catalina.core.ApplicationFilterChain.doFilter(ApplicationFilterChain.java:142)
		at org.apache.catalina.core.ApplicationDispatcher.invoke(ApplicationDispatcher.java:619)
		at org.apache.catalina.core.ApplicationDispatcher.doInclude(ApplicationDispatcher.java:496)
		at org.apache.catalina.core.ApplicationDispatcher.include(ApplicationDispatcher.java:444)
		at servlets.ErrorHandlerServlet.service(ErrorHandlerServlet.java:72)
		at javax.servlet.http.HttpServlet.service(HttpServlet.java:623)
		at org.apache.catalina.core.ApplicationFilterChain.internalDoFilter(ApplicationFilterChain.java:197)
		at org.apache.catalina.core.ApplicationFilterChain.doFilter(ApplicationFilterChain.java:142)
		at org.apache.catalina.core.ApplicationDispatcher.invoke(ApplicationDispatcher.java:619)
		at org.apache.catalina.core.ApplicationDispatcher.processRequest(ApplicationDispatcher.java:401)
		at org.apache.catalina.core.ApplicationDispatcher.doForward(ApplicationDispatcher.java:338)
		at org.apache.catalina.core.ApplicationDispatcher.forward(ApplicationDispatcher.java:283)
		at org.apache.catalina.core.StandardHostValve.custom(StandardHostValve.java:392)
		at org.apache.catalina.core.StandardHostValve.status(StandardHostValve.java:220)
		at org.apache.catalina.core.StandardHostValve.invoke(StandardHostValve.java:163)
		at org.apache.catalina.valves.ErrorReportValve.invoke(ErrorReportValve.java:83)
		at org.apache.catalina.valves.AbstractAccessLogValve.invoke(AbstractAccessLogValve.java:643)
		at org.apache.catalina.core.StandardEngineValve.invoke(StandardEngineValve.java:72)
		at org.apache.catalina.connector.CoyoteAdapter.service(CoyoteAdapter.java:344)
		at org.apache.coyote.http11.Http11Processor.service(Http11Processor.java:398)
		at org.apache.coyote.AbstractProcessorLight.process(AbstractProcessorLight.java:63)
		at org.apache.coyote.AbstractProtocol$ConnectionHandler.process(AbstractProtocol.java:939)
		at org.apache.tomcat.util.net.NioEndpoint$SocketProcessor.doRun(NioEndpoint.java:1831)
		at org.apache.tomcat.util.net.SocketProcessorBase.run(SocketProcessorBase.java:52)
		at org.apache.tomcat.util.threads.ThreadPoolExecutor.runWorker(ThreadPoolExecutor.java:973)
		at org.apache.tomcat.util.threads.ThreadPoolExecutor$Worker.run(ThreadPoolExecutor.java:491)
		at org.apache.tomcat.util.threads.TaskThread$WrappingRunnable.run(TaskThread.java:63)
		at java.lang.Thread.run(Thread.java:748)
11-Jan-2026 16:50:19.983 SEVERE [http-nio-8080-exec-2] org.apache.catalina.core.StandardHostValve.custom Exception Processing [ErrorPage[errorCode=404, location=/error]]
	java.io.FileNotFoundException: The requested resource [/onlinebookstore/index.html] is not available
		at org.apache.catalina.servlets.DefaultServlet.serveResource(DefaultServlet.java:902)
		at org.apache.catalina.servlets.DefaultServlet.doGet(DefaultServlet.java:540)
		at javax.servlet.http.HttpServlet.service(HttpServlet.java:529)
		at org.apache.catalina.servlets.DefaultServlet.service(DefaultServlet.java:530)
		at javax.servlet.http.HttpServlet.service(HttpServlet.java:623)
		at org.apache.catalina.core.ApplicationFilterChain.internalDoFilter(ApplicationFilterChain.java:197)
		at org.apache.catalina.core.ApplicationFilterChain.doFilter(ApplicationFilterChain.java:142)
		at org.apache.catalina.core.ApplicationDispatcher.invoke(ApplicationDispatcher.java:619)
		at org.apache.catalina.core.ApplicationDispatcher.doInclude(ApplicationDispatcher.java:496)
		at org.apache.catalina.core.ApplicationDispatcher.include(ApplicationDispatcher.java:444)
		at servlets.ErrorHandlerServlet.service(ErrorHandlerServlet.java:72)
		at javax.servlet.http.HttpServlet.service(HttpServlet.java:623)
		at org.apache.catalina.core.ApplicationFilterChain.internalDoFilter(ApplicationFilterChain.java:197)
		at org.apache.catalina.core.ApplicationFilterChain.doFilter(ApplicationFilterChain.java:142)
		at org.apache.catalina.core.ApplicationDispatcher.invoke(ApplicationDispatcher.java:619)
		at org.apache.catalina.core.ApplicationDispatcher.processRequest(ApplicationDispatcher.java:401)
		at org.apache.catalina.core.ApplicationDispatcher.doForward(ApplicationDispatcher.java:338)
		at org.apache.catalina.core.ApplicationDispatcher.forward(ApplicationDispatcher.java:283)
		at org.apache.catalina.core.StandardHostValve.custom(StandardHostValve.java:392)
		at org.apache.catalina.core.StandardHostValve.status(StandardHostValve.java:220)
		at org.apache.catalina.core.StandardHostValve.invoke(StandardHostValve.java:163)
		at org.apache.catalina.valves.ErrorReportValve.invoke(ErrorReportValve.java:83)
		at org.apache.catalina.valves.AbstractAccessLogValve.invoke(AbstractAccessLogValve.java:643)
		at org.apache.catalina.core.StandardEngineValve.invoke(StandardEngineValve.java:72)
		at org.apache.catalina.connector.CoyoteAdapter.service(CoyoteAdapter.java:344)
		at org.apache.coyote.http11.Http11Processor.service(Http11Processor.java:398)
		at org.apache.coyote.AbstractProcessorLight.process(AbstractProcessorLight.java:63)
		at org.apache.coyote.AbstractProtocol$ConnectionHandler.process(AbstractProtocol.java:939)
		at org.apache.tomcat.util.net.NioEndpoint$SocketProcessor.doRun(NioEndpoint.java:1831)
		at org.apache.tomcat.util.net.SocketProcessorBase.run(SocketProcessorBase.java:52)
		at org.apache.tomcat.util.threads.ThreadPoolExecutor.runWorker(ThreadPoolExecutor.java:973)
		at org.apache.tomcat.util.threads.ThreadPoolExecutor$Worker.run(ThreadPoolExecutor.java:491)
		at org.apache.tomcat.util.threads.TaskThread$WrappingRunnable.run(TaskThread.java:63)
		at java.lang.Thread.run(Thread.java:748)
11-Jan-2026 16:50:20.125 SEVERE [http-nio-8080-exec-3] org.apache.catalina.core.ApplicationDispatcher.invoke Servlet.service() for servlet [default] threw exception
	java.io.FileNotFoundException: The requested resource [/onlinebookstore/index.html] is not available
		at org.apache.catalina.servlets.DefaultServlet.serveResource(DefaultServlet.java:902)
		at org.apache.catalina.servlets.DefaultServlet.doGet(DefaultServlet.java:540)
		at javax.servlet.http.HttpServlet.service(HttpServlet.java:529)
		at org.apache.catalina.servlets.DefaultServlet.service(DefaultServlet.java:530)
		at javax.servlet.http.HttpServlet.service(HttpServlet.java:623)
		at org.apache.catalina.core.ApplicationFilterChain.internalDoFilter(ApplicationFilterChain.java:197)
		at org.apache.catalina.core.ApplicationFilterChain.doFilter(ApplicationFilterChain.java:142)
		at org.apache.catalina.core.ApplicationDispatcher.invoke(ApplicationDispatcher.java:619)
		at org.apache.catalina.core.ApplicationDispatcher.doInclude(ApplicationDispatcher.java:496)
		at org.apache.catalina.core.ApplicationDispatcher.include(ApplicationDispatcher.java:444)
		at servlets.ErrorHandlerServlet.service(ErrorHandlerServlet.java:72)
		at javax.servlet.http.HttpServlet.service(HttpServlet.java:623)
		at org.apache.catalina.core.ApplicationFilterChain.internalDoFilter(ApplicationFilterChain.java:197)
		at org.apache.catalina.core.ApplicationFilterChain.doFilter(ApplicationFilterChain.java:142)
		at org.apache.catalina.core.ApplicationDispatcher.invoke(ApplicationDispatcher.java:619)
		at org.apache.catalina.core.ApplicationDispatcher.processRequest(ApplicationDispatcher.java:401)
		at org.apache.catalina.core.ApplicationDispatcher.doForward(ApplicationDispatcher.java:338)
		at org.apache.catalina.core.ApplicationDispatcher.forward(ApplicationDispatcher.java:283)
		at org.apache.catalina.core.StandardHostValve.custom(StandardHostValve.java:392)
		at org.apache.catalina.core.StandardHostValve.status(StandardHostValve.java:220)
		at org.apache.catalina.core.StandardHostValve.invoke(StandardHostValve.java:163)
		at org.apache.catalina.valves.ErrorReportValve.invoke(ErrorReportValve.java:83)
		at org.apache.catalina.valves.AbstractAccessLogValve.invoke(AbstractAccessLogValve.java:643)
		at org.apache.catalina.core.StandardEngineValve.invoke(StandardEngineValve.java:72)
		at org.apache.catalina.connector.CoyoteAdapter.service(CoyoteAdapter.java:344)
		at org.apache.coyote.http11.Http11Processor.service(Http11Processor.java:398)
		at org.apache.coyote.AbstractProcessorLight.process(AbstractProcessorLight.java:63)
		at org.apache.coyote.AbstractProtocol$ConnectionHandler.process(AbstractProtocol.java:939)
		at org.apache.tomcat.util.net.NioEndpoint$SocketProcessor.doRun(NioEndpoint.java:1831)
		at org.apache.tomcat.util.net.SocketProcessorBase.run(SocketProcessorBase.java:52)
		at org.apache.tomcat.util.threads.ThreadPoolExecutor.runWorker(ThreadPoolExecutor.java:973)
		at org.apache.tomcat.util.threads.ThreadPoolExecutor$Worker.run(ThreadPoolExecutor.java:491)
		at org.apache.tomcat.util.threads.TaskThread$WrappingRunnable.run(TaskThread.java:63)
		at java.lang.Thread.run(Thread.java:748)
11-Jan-2026 16:50:20.125 SEVERE [http-nio-8080-exec-3] org.apache.catalina.core.ApplicationDispatcher.invoke Servlet.service() for servlet [ErrorHandlerServlet] threw exception
	java.io.FileNotFoundException: The requested resource [/onlinebookstore/index.html] is not available
		at org.apache.catalina.servlets.DefaultServlet.serveResource(DefaultServlet.java:902)
		at org.apache.catalina.servlets.DefaultServlet.doGet(DefaultServlet.java:540)
		at javax.servlet.http.HttpServlet.service(HttpServlet.java:529)
		at org.apache.catalina.servlets.DefaultServlet.service(DefaultServlet.java:530)
		at javax.servlet.http.HttpServlet.service(HttpServlet.java:623)
		at org.apache.catalina.core.ApplicationFilterChain.internalDoFilter(ApplicationFilterChain.java:197)
		at org.apache.catalina.core.ApplicationFilterChain.doFilter(ApplicationFilterChain.java:142)
		at org.apache.catalina.core.ApplicationDispatcher.invoke(ApplicationDispatcher.java:619)
		at org.apache.catalina.core.ApplicationDispatcher.doInclude(ApplicationDispatcher.java:496)
		at org.apache.catalina.core.ApplicationDispatcher.include(ApplicationDispatcher.java:444)
		at servlets.ErrorHandlerServlet.service(ErrorHandlerServlet.java:72)
		at javax.servlet.http.HttpServlet.service(HttpServlet.java:623)
		at org.apache.catalina.core.ApplicationFilterChain.internalDoFilter(ApplicationFilterChain.java:197)
		at org.apache.catalina.core.ApplicationFilterChain.doFilter(ApplicationFilterChain.java:142)
		at org.apache.catalina.core.ApplicationDispatcher.invoke(ApplicationDispatcher.java:619)
		at org.apache.catalina.core.ApplicationDispatcher.processRequest(ApplicationDispatcher.java:401)
		at org.apache.catalina.core.ApplicationDispatcher.doForward(ApplicationDispatcher.java:338)
		at org.apache.catalina.core.ApplicationDispatcher.forward(ApplicationDispatcher.java:283)
		at org.apache.catalina.core.StandardHostValve.custom(StandardHostValve.java:392)
		at org.apache.catalina.core.StandardHostValve.status(StandardHostValve.java:220)
		at org.apache.catalina.core.StandardHostValve.invoke(StandardHostValve.java:163)
		at org.apache.catalina.valves.ErrorReportValve.invoke(ErrorReportValve.java:83)
		at org.apache.catalina.valves.AbstractAccessLogValve.invoke(AbstractAccessLogValve.java:643)
		at org.apache.catalina.core.StandardEngineValve.invoke(StandardEngineValve.java:72)
		at org.apache.catalina.connector.CoyoteAdapter.service(CoyoteAdapter.java:344)
		at org.apache.coyote.http11.Http11Processor.service(Http11Processor.java:398)
		at org.apache.coyote.AbstractProcessorLight.process(AbstractProcessorLight.java:63)
		at org.apache.coyote.AbstractProtocol$ConnectionHandler.process(AbstractProtocol.java:939)
		at org.apache.tomcat.util.net.NioEndpoint$SocketProcessor.doRun(NioEndpoint.java:1831)
		at org.apache.tomcat.util.net.SocketProcessorBase.run(SocketProcessorBase.java:52)
		at org.apache.tomcat.util.threads.ThreadPoolExecutor.runWorker(ThreadPoolExecutor.java:973)
		at org.apache.tomcat.util.threads.ThreadPoolExecutor$Worker.run(ThreadPoolExecutor.java:491)
		at org.apache.tomcat.util.threads.TaskThread$WrappingRunnable.run(TaskThread.java:63)
		at java.lang.Thread.run(Thread.java:748)
11-Jan-2026 16:50:20.125 SEVERE [http-nio-8080-exec-3] org.apache.catalina.core.StandardHostValve.custom Exception Processing [ErrorPage[errorCode=404, location=/error]]
	java.io.FileNotFoundException: The requested resource [/onlinebookstore/index.html] is not available
		at org.apache.catalina.servlets.DefaultServlet.serveResource(DefaultServlet.java:902)
		at org.apache.catalina.servlets.DefaultServlet.doGet(DefaultServlet.java:540)
		at javax.servlet.http.HttpServlet.service(HttpServlet.java:529)
		at org.apache.catalina.servlets.DefaultServlet.service(DefaultServlet.java:530)
		at javax.servlet.http.HttpServlet.service(HttpServlet.java:623)
		at org.apache.catalina.core.ApplicationFilterChain.internalDoFilter(ApplicationFilterChain.java:197)
		at org.apache.catalina.core.ApplicationFilterChain.doFilter(ApplicationFilterChain.java:142)
		at org.apache.catalina.core.ApplicationDispatcher.invoke(ApplicationDispatcher.java:619)
		at org.apache.catalina.core.ApplicationDispatcher.doInclude(ApplicationDispatcher.java:496)
		at org.apache.catalina.core.ApplicationDispatcher.include(ApplicationDispatcher.java:444)
		at servlets.ErrorHandlerServlet.service(ErrorHandlerServlet.java:72)
		at javax.servlet.http.HttpServlet.service(HttpServlet.java:623)
		at org.apache.catalina.core.ApplicationFilterChain.internalDoFilter(ApplicationFilterChain.java:197)
		at org.apache.catalina.core.ApplicationFilterChain.doFilter(ApplicationFilterChain.java:142)
		at org.apache.catalina.core.ApplicationDispatcher.invoke(ApplicationDispatcher.java:619)
		at org.apache.catalina.core.ApplicationDispatcher.processRequest(ApplicationDispatcher.java:401)
		at org.apache.catalina.core.ApplicationDispatcher.doForward(ApplicationDispatcher.java:338)
		at org.apache.catalina.core.ApplicationDispatcher.forward(ApplicationDispatcher.java:283)
		at org.apache.catalina.core.StandardHostValve.custom(StandardHostValve.java:392)
		at org.apache.catalina.core.StandardHostValve.status(StandardHostValve.java:220)
		at org.apache.catalina.core.StandardHostValve.invoke(StandardHostValve.java:163)
		at org.apache.catalina.valves.ErrorReportValve.invoke(ErrorReportValve.java:83)
		at org.apache.catalina.valves.AbstractAccessLogValve.invoke(AbstractAccessLogValve.java:643)
		at org.apache.catalina.core.StandardEngineValve.invoke(StandardEngineValve.java:72)
		at org.apache.catalina.connector.CoyoteAdapter.service(CoyoteAdapter.java:344)
		at org.apache.coyote.http11.Http11Processor.service(Http11Processor.java:398)
		at org.apache.coyote.AbstractProcessorLight.process(AbstractProcessorLight.java:63)
		at org.apache.coyote.AbstractProtocol$ConnectionHandler.process(AbstractProtocol.java:939)
		at org.apache.tomcat.util.net.NioEndpoint$SocketProcessor.doRun(NioEndpoint.java:1831)
		at org.apache.tomcat.util.net.SocketProcessorBase.run(SocketProcessorBase.java:52)
		at org.apache.tomcat.util.threads.ThreadPoolExecutor.runWorker(ThreadPoolExecutor.java:973)
		at org.apache.tomcat.util.threads.ThreadPoolExecutor$Worker.run(ThreadPoolExecutor.java:491)
		at org.apache.tomcat.util.threads.TaskThread$WrappingRunnable.run(TaskThread.java:63)
		at java.lang.Thread.run(Thread.java:748)
11-Jan-2026 16:50:20.369 SEVERE [http-nio-8080-exec-9] org.apache.catalina.core.ApplicationDispatcher.invoke Servlet.service() for servlet [default] threw exception
	java.io.FileNotFoundException: The requested resource [/onlinebookstore/index.html] is not available
		at org.apache.catalina.servlets.DefaultServlet.serveResource(DefaultServlet.java:902)
		at org.apache.catalina.servlets.DefaultServlet.doGet(DefaultServlet.java:540)
		at javax.servlet.http.HttpServlet.service(HttpServlet.java:529)
		at org.apache.catalina.servlets.DefaultServlet.service(DefaultServlet.java:530)
		at javax.servlet.http.HttpServlet.service(HttpServlet.java:623)
		at org.apache.catalina.core.ApplicationFilterChain.internalDoFilter(ApplicationFilterChain.java:197)
		at org.apache.catalina.core.ApplicationFilterChain.doFilter(ApplicationFilterChain.java:142)
		at org.apache.catalina.core.ApplicationDispatcher.invoke(ApplicationDispatcher.java:619)
		at org.apache.catalina.core.ApplicationDispatcher.doInclude(ApplicationDispatcher.java:496)
		at org.apache.catalina.core.ApplicationDispatcher.include(ApplicationDispatcher.java:444)
		at servlets.ErrorHandlerServlet.service(ErrorHandlerServlet.java:72)
		at javax.servlet.http.HttpServlet.service(HttpServlet.java:623)
		at org.apache.catalina.core.ApplicationFilterChain.internalDoFilter(ApplicationFilterChain.java:197)
		at org.apache.catalina.core.ApplicationFilterChain.doFilter(ApplicationFilterChain.java:142)
		at org.apache.catalina.core.ApplicationDispatcher.invoke(ApplicationDispatcher.java:619)
		at org.apache.catalina.core.ApplicationDispatcher.processRequest(ApplicationDispatcher.java:401)
		at org.apache.catalina.core.ApplicationDispatcher.doForward(ApplicationDispatcher.java:338)
		at org.apache.catalina.core.ApplicationDispatcher.forward(ApplicationDispatcher.java:283)
		at org.apache.catalina.core.StandardHostValve.custom(StandardHostValve.java:392)
		at org.apache.catalina.core.StandardHostValve.status(StandardHostValve.java:220)
		at org.apache.catalina.core.StandardHostValve.invoke(StandardHostValve.java:163)
		at org.apache.catalina.valves.ErrorReportValve.invoke(ErrorReportValve.java:83)
		at org.apache.catalina.valves.AbstractAccessLogValve.invoke(AbstractAccessLogValve.java:643)
		at org.apache.catalina.core.StandardEngineValve.invoke(StandardEngineValve.java:72)
		at org.apache.catalina.connector.CoyoteAdapter.service(CoyoteAdapter.java:344)
		at org.apache.coyote.http11.Http11Processor.service(Http11Processor.java:398)
		at org.apache.coyote.AbstractProcessorLight.process(AbstractProcessorLight.java:63)
		at org.apache.coyote.AbstractProtocol$ConnectionHandler.process(AbstractProtocol.java:939)
		at org.apache.tomcat.util.net.NioEndpoint$SocketProcessor.doRun(NioEndpoint.java:1831)
		at org.apache.tomcat.util.net.SocketProcessorBase.run(SocketProcessorBase.java:52)
		at org.apache.tomcat.util.threads.ThreadPoolExecutor.runWorker(ThreadPoolExecutor.java:973)
		at org.apache.tomcat.util.threads.ThreadPoolExecutor$Worker.run(ThreadPoolExecutor.java:491)
		at org.apache.tomcat.util.threads.TaskThread$WrappingRunnable.run(TaskThread.java:63)
		at java.lang.Thread.run(Thread.java:748)
11-Jan-2026 16:50:20.369 SEVERE [http-nio-8080-exec-9] org.apache.catalina.core.ApplicationDispatcher.invoke Servlet.service() for servlet [ErrorHandlerServlet] threw exception
	java.io.FileNotFoundException: The requested resource [/onlinebookstore/index.html] is not available
		at org.apache.catalina.servlets.DefaultServlet.serveResource(DefaultServlet.java:902)
		at org.apache.catalina.servlets.DefaultServlet.doGet(DefaultServlet.java:540)
		at javax.servlet.http.HttpServlet.service(HttpServlet.java:529)
		at org.apache.catalina.servlets.DefaultServlet.service(DefaultServlet.java:530)
		at javax.servlet.http.HttpServlet.service(HttpServlet.java:623)
		at org.apache.catalina.core.ApplicationFilterChain.internalDoFilter(ApplicationFilterChain.java:197)
		at org.apache.catalina.core.ApplicationFilterChain.doFilter(ApplicationFilterChain.java:142)
		at org.apache.catalina.core.ApplicationDispatcher.invoke(ApplicationDispatcher.java:619)
		at org.apache.catalina.core.ApplicationDispatcher.doInclude(ApplicationDispatcher.java:496)
		at org.apache.catalina.core.ApplicationDispatcher.include(ApplicationDispatcher.java:444)
		at servlets.ErrorHandlerServlet.service(ErrorHandlerServlet.java:72)
		at javax.servlet.http.HttpServlet.service(HttpServlet.java:623)
		at org.apache.catalina.core.ApplicationFilterChain.internalDoFilter(ApplicationFilterChain.java:197)
		at org.apache.catalina.core.ApplicationFilterChain.doFilter(ApplicationFilterChain.java:142)
		at org.apache.catalina.core.ApplicationDispatcher.invoke(ApplicationDispatcher.java:619)
		at org.apache.catalina.core.ApplicationDispatcher.processRequest(ApplicationDispatcher.java:401)
		at org.apache.catalina.core.ApplicationDispatcher.doForward(ApplicationDispatcher.java:338)
		at org.apache.catalina.core.ApplicationDispatcher.forward(ApplicationDispatcher.java:283)
		at org.apache.catalina.core.StandardHostValve.custom(StandardHostValve.java:392)
		at org.apache.catalina.core.StandardHostValve.status(StandardHostValve.java:220)
		at org.apache.catalina.core.StandardHostValve.invoke(StandardHostValve.java:163)
		at org.apache.catalina.valves.ErrorReportValve.invoke(ErrorReportValve.java:83)
		at org.apache.catalina.valves.AbstractAccessLogValve.invoke(AbstractAccessLogValve.java:643)
		at org.apache.catalina.core.StandardEngineValve.invoke(StandardEngineValve.java:72)
		at org.apache.catalina.connector.CoyoteAdapter.service(CoyoteAdapter.java:344)
		at org.apache.coyote.http11.Http11Processor.service(Http11Processor.java:398)
		at org.apache.coyote.AbstractProcessorLight.process(AbstractProcessorLight.java:63)
		at org.apache.coyote.AbstractProtocol$ConnectionHandler.process(AbstractProtocol.java:939)
		at org.apache.tomcat.util.net.NioEndpoint$SocketProcessor.doRun(NioEndpoint.java:1831)
		at org.apache.tomcat.util.net.SocketProcessorBase.run(SocketProcessorBase.java:52)
		at org.apache.tomcat.util.threads.ThreadPoolExecutor.runWorker(ThreadPoolExecutor.java:973)
		at org.apache.tomcat.util.threads.ThreadPoolExecutor$Worker.run(ThreadPoolExecutor.java:491)
		at org.apache.tomcat.util.threads.TaskThread$WrappingRunnable.run(TaskThread.java:63)
		at java.lang.Thread.run(Thread.java:748)
11-Jan-2026 16:50:20.369 SEVERE [http-nio-8080-exec-9] org.apache.catalina.core.StandardHostValve.custom Exception Processing [ErrorPage[errorCode=404, location=/error]]
	java.io.FileNotFoundException: The requested resource [/onlinebookstore/index.html] is not available
		at org.apache.catalina.servlets.DefaultServlet.serveResource(DefaultServlet.java:902)
		at org.apache.catalina.servlets.DefaultServlet.doGet(DefaultServlet.java:540)
		at javax.servlet.http.HttpServlet.service(HttpServlet.java:529)
		at org.apache.catalina.servlets.DefaultServlet.service(DefaultServlet.java:530)
		at javax.servlet.http.HttpServlet.service(HttpServlet.java:623)
		at org.apache.catalina.core.ApplicationFilterChain.internalDoFilter(ApplicationFilterChain.java:197)
		at org.apache.catalina.core.ApplicationFilterChain.doFilter(ApplicationFilterChain.java:142)
		at org.apache.catalina.core.ApplicationDispatcher.invoke(ApplicationDispatcher.java:619)
		at org.apache.catalina.core.ApplicationDispatcher.doInclude(ApplicationDispatcher.java:496)
		at org.apache.catalina.core.ApplicationDispatcher.include(ApplicationDispatcher.java:444)
		at servlets.ErrorHandlerServlet.service(ErrorHandlerServlet.java:72)
		at javax.servlet.http.HttpServlet.service(HttpServlet.java:623)
		at org.apache.catalina.core.ApplicationFilterChain.internalDoFilter(ApplicationFilterChain.java:197)
		at org.apache.catalina.core.ApplicationFilterChain.doFilter(ApplicationFilterChain.java:142)
		at org.apache.catalina.core.ApplicationDispatcher.invoke(ApplicationDispatcher.java:619)
		at org.apache.catalina.core.ApplicationDispatcher.processRequest(ApplicationDispatcher.java:401)
		at org.apache.catalina.core.ApplicationDispatcher.doForward(ApplicationDispatcher.java:338)
		at org.apache.catalina.core.ApplicationDispatcher.forward(ApplicationDispatcher.java:283)
		at org.apache.catalina.core.StandardHostValve.custom(StandardHostValve.java:392)
		at org.apache.catalina.core.StandardHostValve.status(StandardHostValve.java:220)
		at org.apache.catalina.core.StandardHostValve.invoke(StandardHostValve.java:163)
		at org.apache.catalina.valves.ErrorReportValve.invoke(ErrorReportValve.java:83)
		at org.apache.catalina.valves.AbstractAccessLogValve.invoke(AbstractAccessLogValve.java:643)
		at org.apache.catalina.core.StandardEngineValve.invoke(StandardEngineValve.java:72)
		at org.apache.catalina.connector.CoyoteAdapter.service(CoyoteAdapter.java:344)
		at org.apache.coyote.http11.Http11Processor.service(Http11Processor.java:398)
		at org.apache.coyote.AbstractProcessorLight.process(AbstractProcessorLight.java:63)
		at org.apache.coyote.AbstractProtocol$ConnectionHandler.process(AbstractProtocol.java:939)
		at org.apache.tomcat.util.net.NioEndpoint$SocketProcessor.doRun(NioEndpoint.java:1831)
		at org.apache.tomcat.util.net.SocketProcessorBase.run(SocketProcessorBase.java:52)
		at org.apache.tomcat.util.threads.ThreadPoolExecutor.runWorker(ThreadPoolExecutor.java:973)
		at org.apache.tomcat.util.threads.ThreadPoolExecutor$Worker.run(ThreadPoolExecutor.java:491)
		at org.apache.tomcat.util.threads.TaskThread$WrappingRunnable.run(TaskThread.java:63)
		at java.lang.Thread.run(Thread.java:748)
11-Jan-2026 16:50:20.550 SEVERE [http-nio-8080-exec-7] org.apache.catalina.core.ApplicationDispatcher.invoke Servlet.service() for servlet [default] threw exception
	java.io.FileNotFoundException: The requested resource [/onlinebookstore/index.html] is not available
		at org.apache.catalina.servlets.DefaultServlet.serveResource(DefaultServlet.java:902)
		at org.apache.catalina.servlets.DefaultServlet.doGet(DefaultServlet.java:540)
		at javax.servlet.http.HttpServlet.service(HttpServlet.java:529)
		at org.apache.catalina.servlets.DefaultServlet.service(DefaultServlet.java:530)
		at javax.servlet.http.HttpServlet.service(HttpServlet.java:623)
		at org.apache.catalina.core.ApplicationFilterChain.internalDoFilter(ApplicationFilterChain.java:197)
		at org.apache.catalina.core.ApplicationFilterChain.doFilter(ApplicationFilterChain.java:142)
		at org.apache.catalina.core.ApplicationDispatcher.invoke(ApplicationDispatcher.java:619)
		at org.apache.catalina.core.ApplicationDispatcher.doInclude(ApplicationDispatcher.java:496)
		at org.apache.catalina.core.ApplicationDispatcher.include(ApplicationDispatcher.java:444)
		at servlets.ErrorHandlerServlet.service(ErrorHandlerServlet.java:72)
		at javax.servlet.http.HttpServlet.service(HttpServlet.java:623)
		at org.apache.catalina.core.ApplicationFilterChain.internalDoFilter(ApplicationFilterChain.java:197)
		at org.apache.catalina.core.ApplicationFilterChain.doFilter(ApplicationFilterChain.java:142)
		at org.apache.catalina.core.ApplicationDispatcher.invoke(ApplicationDispatcher.java:619)
		at org.apache.catalina.core.ApplicationDispatcher.processRequest(ApplicationDispatcher.java:401)
		at org.apache.catalina.core.ApplicationDispatcher.doForward(ApplicationDispatcher.java:338)
		at org.apache.catalina.core.ApplicationDispatcher.forward(ApplicationDispatcher.java:283)
		at org.apache.catalina.core.StandardHostValve.custom(StandardHostValve.java:392)
		at org.apache.catalina.core.StandardHostValve.status(StandardHostValve.java:220)
		at org.apache.catalina.core.StandardHostValve.invoke(StandardHostValve.java:163)
		at org.apache.catalina.valves.ErrorReportValve.invoke(ErrorReportValve.java:83)
		at org.apache.catalina.valves.AbstractAccessLogValve.invoke(AbstractAccessLogValve.java:643)
		at org.apache.catalina.core.StandardEngineValve.invoke(StandardEngineValve.java:72)
		at org.apache.catalina.connector.CoyoteAdapter.service(CoyoteAdapter.java:344)
		at org.apache.coyote.http11.Http11Processor.service(Http11Processor.java:398)
		at org.apache.coyote.AbstractProcessorLight.process(AbstractProcessorLight.java:63)
		at org.apache.coyote.AbstractProtocol$ConnectionHandler.process(AbstractProtocol.java:939)
		at org.apache.tomcat.util.net.NioEndpoint$SocketProcessor.doRun(NioEndpoint.java:1831)
		at org.apache.tomcat.util.net.SocketProcessorBase.run(SocketProcessorBase.java:52)
		at org.apache.tomcat.util.threads.ThreadPoolExecutor.runWorker(ThreadPoolExecutor.java:973)
		at org.apache.tomcat.util.threads.ThreadPoolExecutor$Worker.run(ThreadPoolExecutor.java:491)
		at org.apache.tomcat.util.threads.TaskThread$WrappingRunnable.run(TaskThread.java:63)
		at java.lang.Thread.run(Thread.java:748)
11-Jan-2026 16:50:20.550 SEVERE [http-nio-8080-exec-7] org.apache.catalina.core.ApplicationDispatcher.invoke Servlet.service() for servlet [ErrorHandlerServlet] threw exception
	java.io.FileNotFoundException: The requested resource [/onlinebookstore/index.html] is not available
		at org.apache.catalina.servlets.DefaultServlet.serveResource(DefaultServlet.java:902)
		at org.apache.catalina.servlets.DefaultServlet.doGet(DefaultServlet.java:540)
		at javax.servlet.http.HttpServlet.service(HttpServlet.java:529)
		at org.apache.catalina.servlets.DefaultServlet.service(DefaultServlet.java:530)
		at javax.servlet.http.HttpServlet.service(HttpServlet.java:623)
		at org.apache.catalina.core.ApplicationFilterChain.internalDoFilter(ApplicationFilterChain.java:197)
		at org.apache.catalina.core.ApplicationFilterChain.doFilter(ApplicationFilterChain.java:142)
		at org.apache.catalina.core.ApplicationDispatcher.invoke(ApplicationDispatcher.java:619)
		at org.apache.catalina.core.ApplicationDispatcher.doInclude(ApplicationDispatcher.java:496)
		at org.apache.catalina.core.ApplicationDispatcher.include(ApplicationDispatcher.java:444)
		at servlets.ErrorHandlerServlet.service(ErrorHandlerServlet.java:72)
		at javax.servlet.http.HttpServlet.service(HttpServlet.java:623)
		at org.apache.catalina.core.ApplicationFilterChain.internalDoFilter(ApplicationFilterChain.java:197)
		at org.apache.catalina.core.ApplicationFilterChain.doFilter(ApplicationFilterChain.java:142)
		at org.apache.catalina.core.ApplicationDispatcher.invoke(ApplicationDispatcher.java:619)
		at org.apache.catalina.core.ApplicationDispatcher.processRequest(ApplicationDispatcher.java:401)
		at org.apache.catalina.core.ApplicationDispatcher.doForward(ApplicationDispatcher.java:338)
		at org.apache.catalina.core.ApplicationDispatcher.forward(ApplicationDispatcher.java:283)
		at org.apache.catalina.core.StandardHostValve.custom(StandardHostValve.java:392)
		at org.apache.catalina.core.StandardHostValve.status(StandardHostValve.java:220)
		at org.apache.catalina.core.StandardHostValve.invoke(StandardHostValve.java:163)
		at org.apache.catalina.valves.ErrorReportValve.invoke(ErrorReportValve.java:83)
		at org.apache.catalina.valves.AbstractAccessLogValve.invoke(AbstractAccessLogValve.java:643)
		at org.apache.catalina.core.StandardEngineValve.invoke(StandardEngineValve.java:72)
		at org.apache.catalina.connector.CoyoteAdapter.service(CoyoteAdapter.java:344)
		at org.apache.coyote.http11.Http11Processor.service(Http11Processor.java:398)
		at org.apache.coyote.AbstractProcessorLight.process(AbstractProcessorLight.java:63)
		at org.apache.coyote.AbstractProtocol$ConnectionHandler.process(AbstractProtocol.java:939)
		at org.apache.tomcat.util.net.NioEndpoint$SocketProcessor.doRun(NioEndpoint.java:1831)
		at org.apache.tomcat.util.net.SocketProcessorBase.run(SocketProcessorBase.java:52)
		at org.apache.tomcat.util.threads.ThreadPoolExecutor.runWorker(ThreadPoolExecutor.java:973)
		at org.apache.tomcat.util.threads.ThreadPoolExecutor$Worker.run(ThreadPoolExecutor.java:491)
		at org.apache.tomcat.util.threads.TaskThread$WrappingRunnable.run(TaskThread.java:63)
		at java.lang.Thread.run(Thread.java:748)
11-Jan-2026 16:50:20.550 SEVERE [http-nio-8080-exec-7] org.apache.catalina.core.StandardHostValve.custom Exception Processing [ErrorPage[errorCode=404, location=/error]]
	java.io.FileNotFoundException: The requested resource [/onlinebookstore/index.html] is not available
		at org.apache.catalina.servlets.DefaultServlet.serveResource(DefaultServlet.java:902)
		at org.apache.catalina.servlets.DefaultServlet.doGet(DefaultServlet.java:540)
		at javax.servlet.http.HttpServlet.service(HttpServlet.java:529)
		at org.apache.catalina.servlets.DefaultServlet.service(DefaultServlet.java:530)
		at javax.servlet.http.HttpServlet.service(HttpServlet.java:623)
		at org.apache.catalina.core.ApplicationFilterChain.internalDoFilter(ApplicationFilterChain.java:197)
		at org.apache.catalina.core.ApplicationFilterChain.doFilter(ApplicationFilterChain.java:142)
		at org.apache.catalina.core.ApplicationDispatcher.invoke(ApplicationDispatcher.java:619)
		at org.apache.catalina.core.ApplicationDispatcher.doInclude(ApplicationDispatcher.java:496)
		at org.apache.catalina.core.ApplicationDispatcher.include(ApplicationDispatcher.java:444)
		at servlets.ErrorHandlerServlet.service(ErrorHandlerServlet.java:72)
		at javax.servlet.http.HttpServlet.service(HttpServlet.java:623)
		at org.apache.catalina.core.ApplicationFilterChain.internalDoFilter(ApplicationFilterChain.java:197)
		at org.apache.catalina.core.ApplicationFilterChain.doFilter(ApplicationFilterChain.java:142)
		at org.apache.catalina.core.ApplicationDispatcher.invoke(ApplicationDispatcher.java:619)
		at org.apache.catalina.core.ApplicationDispatcher.processRequest(ApplicationDispatcher.java:401)
		at org.apache.catalina.core.ApplicationDispatcher.doForward(ApplicationDispatcher.java:338)
		at org.apache.catalina.core.ApplicationDispatcher.forward(ApplicationDispatcher.java:283)
		at org.apache.catalina.core.StandardHostValve.custom(StandardHostValve.java:392)
		at org.apache.catalina.core.StandardHostValve.status(StandardHostValve.java:220)
		at org.apache.catalina.core.StandardHostValve.invoke(StandardHostValve.java:163)
		at org.apache.catalina.valves.ErrorReportValve.invoke(ErrorReportValve.java:83)
		at org.apache.catalina.valves.AbstractAccessLogValve.invoke(AbstractAccessLogValve.java:643)
		at org.apache.catalina.core.StandardEngineValve.invoke(StandardEngineValve.java:72)
		at org.apache.catalina.connector.CoyoteAdapter.service(CoyoteAdapter.java:344)
		at org.apache.coyote.http11.Http11Processor.service(Http11Processor.java:398)
		at org.apache.coyote.AbstractProcessorLight.process(AbstractProcessorLight.java:63)
		at org.apache.coyote.AbstractProtocol$ConnectionHandler.process(AbstractProtocol.java:939)
		at org.apache.tomcat.util.net.NioEndpoint$SocketProcessor.doRun(NioEndpoint.java:1831)
		at org.apache.tomcat.util.net.SocketProcessorBase.run(SocketProcessorBase.java:52)
		at org.apache.tomcat.util.threads.ThreadPoolExecutor.runWorker(ThreadPoolExecutor.java:973)
		at org.apache.tomcat.util.threads.ThreadPoolExecutor$Worker.run(ThreadPoolExecutor.java:491)
		at org.apache.tomcat.util.threads.TaskThread$WrappingRunnable.run(TaskThread.java:63)
		at java.lang.Thread.run(Thread.java:748)
